"species","bcr","year","sector","footprint_id","obs_on_patch","bf_on_patch","impact_patch","pct_footprint"
"CAWA","can14","2020","built",1,2.4382043101121e-19,2.22334432119315e-18,1.97952389018194e-18,NA
"CAWA","can14","2020","built",2,3.58559457369426e-20,2.1581266302621e-19,1.79956717289267e-19,NA
"CAWA","can14","2020","built",3,7.17118914738853e-21,9.71495477920222e-20,8.99783586446337e-20,NA
"CAWA","can14","2020","built",4,7.17118914738853e-21,9.71495477920222e-20,8.99783586446337e-20,NA
"CAWA","can14","2020","built",5,9.89624102339615e-19,9.98745996680297e-18,8.99783586446336e-18,NA
"CAWA","can14","2020","built",7,1.43423782947771e-20,1.04320736939411e-19,8.99783586446337e-20,NA
"CAWA","can14","2020","built",8,7.88830806212738e-20,7.98709949778343e-19,7.19826869157069e-19,NA
"CAWA","can14","2020","built",9,7.88830806212738e-20,7.98709949778343e-19,7.19826869157069e-19,NA
"CAWA","can14","2020","built",10,4.30271348843312e-20,3.12962210818232e-19,2.69935075933901e-19,NA
"CAWA","can14","2020","built",11,6.45407023264967e-20,6.94389212838932e-19,6.29848510512436e-19,NA
"CAWA","can14","2020","built",12,2.07964485274267e-19,1.73759658223304e-18,1.52963209695877e-18,NA
"CAWA","can14","2020","built",14,5.01983240317197e-20,4.10111758610254e-19,3.59913434578535e-19,NA
"CAWA","can14","2020","built",15,1.21910215505605e-19,1.38160723653048e-18,1.25969702102487e-18,NA
"CAWA","can14","2020","built",16,1.14739026358216e-19,1.01452261280455e-18,8.99783586446337e-19,NA
"CAWA","can14","2020","built",18,5.73695131791082e-20,3.27304589113009e-19,2.69935075933901e-19,NA
"CAWA","can14","2020","built",19,7.88830806212738e-20,4.38796515199809e-19,3.59913434578535e-19,NA
"CAWA","can14","2020","built",20,7.17118914738853e-21,7.17118914738853e-21,0,NA
"CAWA","can14","2020","built",21,5.01983240317197e-20,3.20133399965621e-19,2.69935075933901e-19,NA
"CAWA","can14","2020","built",22,5.73695131791082e-20,7.77196382336178e-19,7.19826869157069e-19,NA
"CAWA","can14","2020","built",23,4.30271348843312e-19,3.03964374953769e-18,2.60937240069438e-18,NA
"CAWA","can14","2020","built",24,5.73695131791082e-20,5.9723966504691e-19,5.39870151867802e-19,NA
"CAWA","can14","2020","built",25,2.97604349616621e-18,2.6370416743771e-17,2.33943732476048e-17,NA
"CAWA","can14","2020","built",26,2.86847565895541e-20,2.98619832523455e-19,2.69935075933901e-19,NA
"CAWA","can14","2020","built",28,1.72108539537325e-19,1.25184884327293e-18,1.0797403037356e-18,NA
"CAWA","can14","2020","built",29,1.43423782947771e-20,1.43423782947771e-20,0,NA
"CAWA","can14","2020","built",30,2.36649241863821e-19,1.76628133882259e-18,1.52963209695877e-18,NA
"CAWA","can14","2020","built",31,7.17118914738853e-21,9.71495477920222e-20,8.99783586446337e-20,NA
"CAWA","can14","2020","built",32,9.32254589160509e-20,6.33095610783853e-19,5.39870151867802e-19,NA
"CAWA","can14","2020","built",33,7.17118914738853e-21,9.71495477920222e-20,8.99783586446337e-20,NA
"CAWA","can14","2020","built",34,2.15135674421656e-19,1.74476777138043e-18,1.52963209695877e-18,NA
"CAWA","can14","2020","built",35,7.17118914738853e-21,9.71495477920222e-20,8.99783586446337e-20,NA
"CAWA","can14","2020","built",36,9.32254589160509e-20,7.23073969428487e-19,6.29848510512436e-19,NA
"CAWA","can14","2020","built",37,5.01983240317197e-20,6.80046834544155e-19,6.29848510512436e-19,NA
"CAWA","can14","2020","built",38,7.88830806212738e-20,7.98709949778343e-19,7.19826869157069e-19,NA
"CAWA","can14","2020","built",39,7.17118914738853e-21,9.71495477920222e-20,8.99783586446337e-20,NA
"CAWA","can14","2020","built",40,2.86847565895541e-20,3.88598191168089e-19,3.59913434578535e-19,NA
"CAWA","can14","2020","built",41,1.43423782947771e-20,1.04320736939411e-19,8.99783586446337e-20,NA
"CAWA","can14","2020","built",42,7.17118914738853e-21,7.17118914738853e-21,0,NA
"CAWA","can14","2020","built",43,9.6811053489745e-19,8.79622773698057e-18,7.82811720208313e-18,NA
"CAWA","can14","2020","built",46,0.145648402428238,0.107635281283307,-0.0380131211449309,-26.0992365938653
"CAWA","can14","2020","built",47,2.65333998453376e-19,2.42481460592458e-18,2.15948060747121e-18,NA
"CAWA","can14","2020","built",48,0.203906640596769,0.0960555790185369,-0.107851061578232,-52.8923733246681
"CAWA","can14","2020","built",49,2.06976170492192,2.88586808850332,0.816106383581403,39.4299682731926
"CAWA","can14","2020","built",50,0.247852440155393,0.269488485049029,0.0216360448936357,8.72940564154655
"CAWA","can14","2020","built",51,3.79151819475472,4.64868392553785,0.857165730783126,22.6074539736866
"CAWA","can14","2020","built",52,4.30271348843312e-20,4.929189281075e-19,4.49891793223168e-19,NA
"CAWA","can14","2020","built",53,0.413193006688783,0.481396310828735,0.0682033041399526,16.5064033117393
"CAWA","can14","2020","built",54,1.86450917832102e-19,1.53612629750161e-18,1.34967537966951e-18,NA
"CAWA","can14","2020","built",55,1.99986664639008,3.0094523062038,1.00958565981372,50.4826490124283
"CAWA","can14","2020","built",56,5.16325618611974e-19,5.10522190948829e-18,4.58889629087632e-18,NA
"CAWA","can14","2020","built",57,1.31157563400993,0.725030921615804,-0.586544712394129,-44.7206167288167
"CAWA","can14","2020","built",58,3.67736115706132,1.95536079304594,-1.72200036401538,-46.8270667597815
"CAWA","can14","2020","built",60,0.337124840780993,0.335938892559739,-0.00118594822125365,-0.351783101626758
"CAWA","can14","2020","built",61,0.0639779405365888,0.0683253018529215,0.00434736131633273,6.79509418382495
"CAWA","can14","2020","built",62,4.58956050721054e-19,4.23804666329307e-18,3.77909061257201e-18,NA
"CAWA","can14","2020","built",63,0.154690158926882,0.199084401548265,0.0443942426213837,28.6988150567276
"CAWA","can14","2020","built",64,3.0217737041979,4.05515757871787,1.03338387451998,34.1979239902836
"CAWA","can14","2020","built",65,0.308988597938166,0.401746502689181,0.0927579047510146,30.019847130274
"CAWA","can14","2020","built",69,2.4470735701508,1.40918911915063,-1.03788445100017,-42.4132916827755
"CAWA","can14","2020","built",70,1.70421985557494,2.9959631049913,1.29174324941636,75.7967491806142
"CAWA","can14","2020","built",71,0.676269173330879,0.684710179389096,0.00844100605821718,1.24817253115976
"CAWA","can14","2020","built",72,0.718408726074351,0.200473115966559,-0.517935610107792,-72.0948383990242
"CAWA","can14","2020","built",74,6.45406946326482e-20,5.14432434224555e-19,4.49891739591907e-19,NA
"CAWA","can14","2020","built",75,0.713660595656437,0.398633600248479,-0.315026995407957,-44.1424112982153
"CAWA","can14","2020","built",76,0.347372521578655,0.153015456812721,-0.194357064765934,-55.9506157489564
"CAWA","can14","2020","built",77,2.44875723910666,2.05972423044495,-0.389033008661711,-15.8869569612231
"CAWA","can14","2020","built",78,2.03189896751328,2.07612829569083,0.0442293281775519,2.17674839569812
"CAWA","can14","2020","built",80,3.62869597835438,1.54325895508676,-2.08543702326762,-57.4707012025122
"CAWA","can14","2020","built",81,0.509696881960642,0.132176584783955,-0.377520297176687,-74.0676096986283
"CAWA","can14","2020","built",82,0.760310206451969,0.371935979629751,-0.388374226822219,-51.0810223940816
"CAWA","can14","2020","built",83,0.109358733807066,0.213714731355159,0.104355997548093,95.4253893723764
"CAWA","can14","2020","built",85,2.98486992175657,1.60296419664508,-1.38190572511149,-46.2970166652438
"CAWA","can14","2020","built",86,0.409090663052336,0.17371453796107,-0.235376125091266,-57.5364207374134
"CAWA","can14","2020","built",87,0.424332447470241,0.747473524280988,0.323141076810747,76.1528086615176
"CAWA","can14","2020","built",88,2.03462639897713,3.10414982400192,1.06952342502479,52.5660841500176
"CAWA","can14","2020","built",90,0.135428967890055,0.0402114692006193,-0.0952174986894357,-70.308073799053
"CAWA","can14","2020","built",91,10.5876748807985,16.0572876102311,5.46961272943264,51.6601878222781
"CAWA","can14","2020","built",92,0.189632234671936,0.123499645018281,-0.066132589653655,-34.874128740857
"CAWA","can14","2020","built",94,0.262443327517692,0.289656650416632,0.0272133228989402,10.3692188162435
"CAWA","can14","2020","built",95,0.557714809454006,0.434105638756198,-0.123609170697808,-22.1635087687235
"CAWA","can14","2020","built",96,0.266338218173541,0.361427554418735,0.0950893362451943,35.7024751826026
"CAWA","can14","2020","built",97,0.377015992548383,0.535575881700397,0.158559889152015,42.0565419732603
"CAWA","can14","2020","built",98,0.0904781810589217,0.0300680134974902,-0.0604101675614315,-66.7676636006761
"CAWA","can14","2020","built",99,1.67240880635078,0.54619933079231,-1.12620947555847,-67.3405611882585
"CAWA","can14","2020","built",100,0.171058800808194,0.0819857273180834,-0.0890730734901103,-52.07161108886
"CAWA","can14","2020","built",102,0.177446811857049,0.127989415902186,-0.0494573959548634,-27.8716734537367
"CAWA","can14","2020","built",104,0.887832490601627,1.96443932814936,1.07660683754774,121.262383269865
"CAWA","can14","2020","built",105,1.934718987841,2.08555418232087,0.150835194479876,7.79623270499852
"CAWA","can14","2020","built",107,0.152802202028552,0.121995441850734,-0.0308067601778184,-20.1612017162304
"CAWA","can14","2020","built",108,0.105453427846405,0.120476618188438,0.0150231903420324,14.2462797548069
"CAWA","can14","2020","built",109,0.639495497165418,0.702232056909253,0.062736559743835,9.81032079536393
"CAWA","can14","2020","built",110,0.762002786722933,0.764234154904036,0.00223136818110275,0.292829399049702
"CAWA","can14","2020","built",113,0.434800960936294,0.482842787341131,0.048041826404837,11.0491536866396
"CAWA","can14","2020","built",114,0.296234928384538,0.188827045386992,-0.107407882997547,-36.2576700807279
"CAWA","can14","2020","built",115,0.283135768700481,0.306581390767556,0.0234456220670749,8.28069945902073
"CAWA","can14","2020","built",116,1.41426433536905,1.48595970366925,0.0716953683002028,5.06944610757607
"CAWA","can14","2020","built",117,0.390211287737899,0.442029682676622,0.0518183949387228,13.279573545686
"CAWA","can14","2020","built",118,4.7022098058728,9.05718640455355,4.35497659868076,92.6155313878515
"CAWA","can14","2020","built",119,0.711301649119459,0.814739738460581,0.103438089341123,14.5420848481333
"CAWA","can14","2020","built",120,3.14461902747105,5.14525419871966,2.00063517124861,63.6209077720157
"CAWA","can14","2020","built",121,0.661468489408393,0.411354605074811,-0.250113884333582,-37.8119121830398
"CAWA","can14","2020","built",122,9.00643612415536,13.6196060656741,4.61316994151869,51.2208145144795
"CAWA","can14","2020","built",123,0.246043516050315,0.558456644366751,0.312413128316436,126.974745496869
"CAWA","can14","2020","built",124,2.58820351585261,2.70228721322763,0.114083697375026,4.40783333599035
"CAWA","can14","2020","built",125,377.811924608632,412.981131420884,35.1692068121975,9.30865452397475
"CAWA","can14","2020","built",132,3.94809894605187,7.91274606777589,3.96464712172402,100.419142881125
"CAWA","can14","2020","built",133,0.0417289619172101,0.25171062018527,0.20998165826806,503.20364710884
"CAWA","can14","2020","built",135,0.425185388483112,1.85344314642429,1.42825775794118,335.914120434998
"CAWA","can14","2020","built",136,1.23788496960333,1.24874284515977,0.0108578755564435,0.877131221645163
"CAWA","can14","2020","built",138,1.07145177779474,0.505964334529678,-0.565487443265066,-52.7776849116765
"CAWA","can14","2020","built",139,0.326710537294061,1.16966751616184,0.842956978867781,258.013404112847
"CAWA","can14","2020","built",140,0.662241115528099,1.15690195762257,0.494660842094473,74.6949759680822
"CAWA","can14","2020","built",141,1.21410237907213,1.39985357717944,0.185751198107316,15.2994674344741
"CAWA","can14","2020","built",143,1.18734246451812,1.46548839715314,0.278145932635014,23.4259230969136
"CAWA","can14","2020","built",144,1.21228623803607,2.57702068492504,1.36473444688896,112.575265153538
"CAWA","can14","2020","built",148,72.1782827279335,75.6101842193614,3.43190149142788,4.75475636399382
"CAWA","can14","2020","built",149,0.101156632319178,0.19284279306209,0.091686160742912,90.6378144871568
"CAWA","can14","2020","built",151,0.839643193802676,1.32970118020202,0.490057986399345,58.3650281472433
"CAWA","can14","2020","built",152,0.187035452432434,0.238773195830988,0.0517377433985541,27.6619981536625
"CAWA","can14","2020","built",153,1.46729007701033,1.68851233856665,0.221222261556318,15.0769275293586
"CAWA","can14","2020","built",155,0.364215010068398,0.480067166404021,0.115852156335623,31.808726475569
"CAWA","can14","2020","built",157,0.777506773864559,1.12847418700282,0.35096741313826,45.1401100203659
"CAWA","can14","2020","built",161,1098.2026912913,1527.92198762546,429.719296334166,39.1293246448785
"CAWA","can14","2020","built",163,0.922926820719723,0.568767956257397,-0.354158864462325,-38.3734502575343
"CAWA","can14","2020","built",164,53.0765812358964,69.3459286850674,16.2693474491709,30.6525911623105
"CAWA","can14","2020","built",166,0.365930362154924,0.495079120723823,0.129148758568899,35.2932612118755
"CAWA","can14","2020","built",167,0.0639162153646517,0.0652360939310408,0.00131987856638915,2.06501364146647
"CAWA","can14","2020","built",169,1.56129114998314,2.01436784233725,0.453076692354109,29.0193595447589
"CAWA","can14","2020","built",170,0.0601058854541292,0.0587637988527219,-0.00134208660140733,-2.23287052718251
"CAWA","can14","2020","built",171,0.586677355024986,0.64462695750127,0.0579496024762843,9.87759319154501
"CAWA","can14","2020","built",183,1.05384656204586,1.14616460458101,0.0923180425351515,8.76010283280066
"CAWA","can14","2020","built",187,0.0159422508993392,0.0240889471589581,0.00814669625961885,51.1012924778176
"CAWA","can14","2020","built",188,0.0139438988216736,0.0154620790271426,0.00151818020546901,10.8877741074056
"CAWA","can14","2020","built",189,0.509468415878529,0.50746138441274,-0.00200703146578836,-0.39394620024235
"CAWA","can14","2020","built",191,0.663334293961784,0.772709880695202,0.109375586733418,16.4887580408619
"CAWA","can14","2020","built",193,0.0156973134984879,0.0156973134984879,0,0
"CAWA","can14","2020","built",194,0.0207294681669333,0.0313647985868886,0.0106353304199552,51.3053703756868
"CAWA","can14","2020","built",197,6.38235758033966e-19,5.22713150187142e-18,4.58889574383744e-18,NA
"CAWA","can14","2020","built",199,0.0822659987864385,0.0859464565323922,0.00368045774595371,4.47385043668908
"CAWA","can14","2020","built",202,0.638170254470119,0.66828533692423,0.030115082454111,4.71897307077026
"CAWA","can14","2020","built",203,3.75576231441419,5.06209079534018,1.30632848092598,34.7819795707636
"CAWA","can14","2020","built",207,0.0352363451670406,0.0372860155234345,0.00204967035639392,5.81692098507181
"CAWA","can14","2020","built",208,0.290478130377421,0.296569110716225,0.00609098033880406,2.09688086703463
"CAWA","can14","2020","built",209,0.494881497728105,0.469164438693859,-0.0257170590342461,-5.19660952213968
"CAWA","can14","2020","built",210,0.229375314973378,0.279094414014571,0.049719099041193,21.6758717244545
"CAWA","can14","2020","built",211,5.4859590437752e-18,4.88555227404356e-17,4.336956369666e-17,NA
"CAWA","can14","2020","built",212,0.0405191439756618,0.0405248473971485,5.70342148664693e-06,0.01407586865624
"CAWA","can14","2020","built",213,1.80167902339669,1.93023656328262,0.128557539885936,7.13542968622501
"CAWA","can14","2020","built",215,1.2191020097278e-19,1.02169368015659e-18,8.99783479183813e-19,NA
"CAWA","can14","2020","built",216,0.811857695538104,0.50012259956746,-0.311735095970644,-38.3977509462449
"CAWA","can14","2020","built",219,0.0410160978792011,0.0410167386293616,6.40750160485482e-07,0.00156219190419477
"CAWA","can14","2020","built",220,0.283283441123369,0.285178885337573,0.00189544421420462,0.669098132488148
"CAWA","can14","2020","built",222,1.11153418534005e-18,9.29956384591275e-18,8.1880296605727e-18,NA
"CAWA","can14","2020","built",223,0.462587516413576,0.491742613566198,0.0291550971526218,6.30261217999573
"CAWA","can14","2020","built",229,0.209682867413566,0.182585550577218,-0.0270973168363478,-12.9229999430057
"CAWA","can14","2020","built",233,2.12349758802241,2.40441190571882,0.280914317696411,13.2288503307425
"CAWA","can14","2020","built",234,9.84907586270329e-21,9.84907586270329e-21,0,NA
"CAWA","can14","2020","built",235,0.634241307665198,0.65713426222975,0.0228929545645522,3.60950229634631
"CAWA","can14","2020","built",239,0.344286322710625,0.413507258387127,0.0692209356765021,20.1056304332725
"CAWA","can14","2020","built",241,0.607339727895681,0.690968561295264,0.0836288333995832,13.7696958651695
"CAWA","can14","2020","built",243,0.960556136353232,1.05518423218941,0.09462809583618,9.85138632245245
"CAWA","can14","2020","built",244,2.53019845634313,2.53609444366557,0.0058959873224371,0.233024698424585
"CAWA","can14","2020","built",250,1.44593452777589,1.39091791968075,-0.0550166080951411,-3.80491696119649
"CAWA","can14","2020","built",251,0.390833450555793,0.413341670039244,0.0225082194834512,5.7590309763514
"CAWA","can14","2020","built",254,6.45406946326482e-20,5.14432434224555e-19,4.49891739591907e-19,NA
"CAWA","can14","2020","built",255,0.368172684105355,0.364879710705726,-0.0032929733996292,-0.894410025999345
"CAWA","can14","2020","built",258,7.17118829251647e-20,7.01560318353834e-19,6.29848435428669e-19,NA
"CAWA","can14","2020","built",260,0.37167999588425,0.349509688291394,-0.0221703075928568,-5.96489126085793
"CAWA","can14","2020","built",263,0.264247418819901,0.2565912553398,-0.0076561634801009,-2.89734655282252
"CAWA","can14","2020","built",265,0.286366825890561,0.295745448736671,0.00937862284610969,3.27503816719812
"CAWA","can14","2020","built",266,0.622565290951157,0.612514066701119,-0.0100512242500379,-1.61448516262152
"CAWA","can14","2020","built",267,7.60145959006746e-19,6.7886952695383e-18,6.02854931053154e-18,NA
"CAWA","can14","2020","built",268,4.23100109258472e-19,3.2124288947283e-18,2.78932878546982e-18,NA
"CAWA","can14","2020","built",269,36.292279001639,43.4689060890083,7.17662708736928,19.7745285906271
"CAWA","can14","2020","built",278,1.93712009770778,2.32448603684854,0.387365939140757,19.9970017139945
"CAWA","can14","2020","built",281,1.52380773527053,0.660227541434998,-0.863580193835531,-56.672516738617
"CAWA","can14","2020","built",283,2.87992630143771,3.16682813136053,0.286901829922817,9.96212402309011
"CAWA","can14","2020","built",284,0.143224168567044,0.141352209522602,-0.0018719590444416,-1.30701337851741
"CAWA","can14","2020","built",286,2.84696175212907e-18,2.90306609963783e-17,2.61836992442491e-17,NA
"CAWA","can14","2020","built",288,0.119963200824198,0.145641282132112,0.0256780813079138,21.4049651322193
"CAWA","can14","2020","built",289,0.1932986641551,0.198408529338285,0.00510986518318535,2.6435077580698
"CAWA","can14","2020","built",290,0.149596202601605,0.160075388354181,0.0104791857525761,7.00498112273851
"CAWA","can14","2020","built",291,0.17475903789275,0.176753503152468,0.00199446525971814,1.14126587315166
"CAWA","can14","2020","built",293,0.547064021297273,0.615500254884375,0.0684362335871014,12.5097302916788
"CAWA","can14","2020","built",294,0.355089369605162,0.172627006744561,-0.182462362860601,-51.384912779419
"CAWA","can14","2020","built",296,7.17118829251647e-20,6.11581970435453e-19,5.39870087510288e-19,NA
"CAWA","can14","2020","built",297,0.0289846091811414,0.0333395905815048,0.00435498140036339,15.0251513592839
"CAWA","can14","2020","built",298,1.56070844113066,1.59799640311897,0.0372879619883115,2.38916898285616
"CAWA","can14","2020","built",299,0.817843942020053,0.870245331129141,0.0524013891090883,6.40726016502101
"CAWA","can14","2020","built",305,0.857180801366745,0.92825555284508,0.0710747514783356,8.29168728056082
"CAWA","can14","2020","built",306,0.330418423638334,0.326221921731879,-0.00419650190645471,-1.27005687523286
"CAWA","can14","2020","built",307,0.301452195046098,0.291556172033334,-0.00989602301276427,-3.28278353098439
"CAWA","can14","2020","built",308,0.758998797233621,0.762349534539614,0.00335073730599383,0.441468065325863
"CAWA","can14","2020","built",309,0.0428645391575779,0.0428645391575779,0,0
"CAWA","can14","2020","built",313,0.558624830573665,0.613346717809379,0.0547218872357134,9.79582078002479
"CAWA","can14","2020","built",315,4.30271297550988e-20,4.92918869347005e-19,4.49891739591907e-19,NA
"CAWA","can14","2020","built",317,2.09680546520471,1.40109696970295,-0.695708495501761,-33.1794487875317
"CAWA","can14","2020","built",318,0.407468121789223,0.399617020321947,-0.00785110146727552,-1.92680139805803
"CAWA","can14","2020","built",320,0.0285208345875112,0.0285208345875112,0,0
"CAWA","can14","2020","built",321,0.146766610777339,0.146769013590441,2.40281310182056e-06,0.00163716603462751
"CAWA","can14","2020","built",323,2.4382040194556e-19,1.9534090123948e-18,1.70958861044924e-18,NA
"CAWA","can14","2020","built",324,2.0205825206535,0.829855582749062,-1.19072693790443,-58.9298841167511
"CAWA","can14","2020","built",329,6.45406946326482e-20,6.04410782142936e-19,5.39870087510288e-19,NA
"CAWA","can14","2020","built",330,3.50090040381093,1.31243346171858,-2.18846694209236,-62.5115453073182
"CAWA","can14","2020","built",331,0.758426023793421,0.277737170898965,-0.480688852894457,-63.379794180874
"CAWA","can14","2020","built",332,0.903003699303504,0.641111758163787,-0.261891941139717,-29.0023109918284
"CAWA","can14","2020","built",333,0.96628346794146,0.552447469289793,-0.413835998651667,-42.8275979442441
"CAWA","can14","2020","built",335,0.393632865655205,0.385187715210048,-0.00844515044515637,-2.14543834674459
"CAWA","can14","2020","built",337,2.70110105278197,2.60069850521895,-0.100402547563021,-3.71709705046437
"CAWA","can14","2020","built",340,1.39958760462836,1.24712593378144,-0.152461670846921,-10.8933281734375
"CAWA","can14","2020","built",341,46.7409891459011,48.9273103234173,2.18632117751612,4.67752441158564
"CAWA","can14","2020","built",343,1.00396636095231e-19,9.10201767360662e-19,8.09805131265432e-19,NA
"CAWA","can14","2020","built",345,1.72108519020395e-19,1.25184869404097e-18,1.07974017502058e-18,NA
"CAWA","can14","2020","built",346,0.0386734407866336,0.0455699875008957,0.0068965467142621,17.8327725022225
"CAWA","can14","2020","built",347,0.0753295132206033,0.0736015255218145,-0.00172798769878879,-2.29390530339465
"CAWA","can14","2020","built",348,5.52181498523768e-19,5.14107724236122e-18,4.58889574383744e-18,NA
"CAWA","can14","2020","built",351,1.88098158220229,1.0048859908451,-0.876095591357191,-46.5765108838248
"CAWA","can14","2020","built",354,0.496612402734109,0.598223230936668,0.101610828202559,20.4607914830838
"CAWA","can14","2020","built",355,0.390014938791919,0.418280082400417,0.0282651436084986,7.24719511925637
"CAWA","can14","2020","built",360,1.02527476704705,1.03427225423384,0.00899748718678595,0.877568382249382
"CAWA","can14","2020","built",363,1.60439663121983,2.23701955906755,0.63262292784772,39.4305819108291
"CAWA","can14","2020","built",364,0.201469187963885,0.216502701059922,0.0150335130960373,7.46194157427794
"CAWA","can14","2020","built",367,2.36649213653043e-19,2.03621617202067e-18,1.79956695836763e-18,NA
"CAWA","can14","2020","built",369,2.05094884761057,2.24855055980674,0.197601712196162,9.63464849093506
"CAWA","can14","2020","built",370,0.16949546065762,0.163043829248108,-0.00645163140951244,-3.80637415567411
"CAWA","can14","2020","built",371,0.11131007107259,0.111585120529561,0.000275049456971654,0.247102040562245
"CAWA","can14","2020","built",376,2.38229067155685,4.31624139468887,1.93395072313202,81.1803003815718
"CAWA","can14","2020","built",377,0.21556577196794,0.257032790966685,0.0414670189987443,19.2363651335665
"CAWA","can14","2020","built",379,4.41731014684447,4.7863521985324,0.369042051687927,8.35445190443678
"CAWA","can14","2020","built",381,0.213985640351019,0.362982556152635,0.148996915801616,69.6293992238
"CAWA","can14","2020","built",383,0.314227147645486,0.309170202092561,-0.00505694555292502,-1.60932802618006
"CAWA","can14","2020","built",384,0.906833002482721,0.931136114868139,0.0243031123854176,2.67999866776801
"CAWA","can14","2020","built",385,4.64794194127699,5.18146259938749,0.533520658110507,11.4786429101549
"CAWA","can14","2020","built",387,0.041152633542759,0.041152633542759,0,0
"CAWA","can14","2020","built",389,0.0621079726605238,0.0621126888797283,4.7162192045036e-06,0.00759358098884019
"CAWA","can14","2020","built",394,0.379586872806974,0.834605487677226,0.455018614870252,119.872062883912
"CAWA","can14","2020","built",399,0.891922402555838,1.32793091698571,0.436008514429876,48.8841308594197
"CAWA","can14","2020","built",402,0.076651540989225,0.0766583359211594,6.79493193445069e-06,0.00886470362729675
"CAWA","can14","2020","built",403,0.671529017265002,0.646221326802765,-0.0253076904622369,-3.76866670115163
"CAWA","can14","2020","built",405,0.0726738683010968,0.075616103631047,0.00294223532995019,4.04854647032156
"CAWA","can14","2020","built",406,1.45104221738876,1.49095728297475,0.0399150655859892,2.75078595975097
"CAWA","can14","2020","built",407,1.29327088465527,1.26759777288639,-0.0256731117688784,-1.98513026725424
"CAWA","can14","2020","built",408,0.048660948463527,0.0763552053322907,0.0276942568687637,56.9126943539159
"CAWA","can14","2020","built",409,0.232904363828938,0.285688434738806,0.0527840709098678,22.6634100117747
"CAWA","can14","2020","built",411,0.107282028965832,0.186244129835149,0.0789621008693175,73.6023559868226
"CAWA","can14","2020","built",412,2.46695087900318,2.70651843665964,0.239567557656467,9.71107936098304
"CAWA","can14","2020","built",414,1.50257190595139,1.51216157588161,0.00958966993021959,0.638217039213683
"CAWA","can14","2020","built",416,0.280689893156845,0.129654382918703,-0.151035510238142,-53.8086742416999
"CAWA","can14","2020","built",417,1.82287969873947,1.49247180443834,-0.330407894301136,-18.1256006378048
"CAWA","can14","2020","built",419,0.0396644689432817,0.0396701164853939,5.64754211218599e-06,0.0142382899926423
"CAWA","can14","2020","built",422,2.14975932365121,0.945654051884397,-1.20410527176681,-56.011166390558
"CAWA","can14","2020","built",425,0.184918793857835,0.212630632938942,0.0277118390811071,14.9859505910534
"CAWA","can14","2020","built",426,0.494090448814132,0.590410475356077,0.0963200265419455,19.4944117566173
"CAWA","can14","2020","built",427,0.0258734877551121,0.0578221978654303,0.0319487101103182,123.480492513058
"CAWA","can14","2020","built",428,1.87599519297424,2.61167706366568,0.735681870691435,39.2155520145587
"CAWA","can14","2020","built",429,1.43423765850329e-19,9.53228897115761e-19,8.09805131265432e-19,NA
"CAWA","can14","2020","built",431,2.39055902136766,1.14413388991987,-1.24642513144779,-52.1394837068151
"CAWA","can14","2020","built",432,4.91610593583697,1.91712315704125,-2.99898277879572,-61.0032171384675
"CAWA","can14","2020","built",434,0.433629888118454,0.522018674422753,0.0883887863042987,20.383462654713
"CAWA","can14","2020","built",435,0.0674549768704007,0.0674600469923101,5.07012190942291e-06,0.00751630516331506
"CAWA","can14","2020","built",436,4.53914287037238,5.01695252629843,0.477809655926043,10.5264290984268
"CAWA","can14","2020","built",440,0.184198649045865,0.119398327242707,-0.0648003218031581,-35.1795858106554
"CAWA","can14","2020","built",441,1.21205745954786,2.19997269026271,0.987915230714851,81.5072934812328
"CAWA","can14","2020","built",442,0.112148792212907,0.125139350104766,0.0129905578918588,11.5833239355775
"CAWA","can14","2020","built",443,0.0348656451221583,0.0348656451221583,0,0
"CAWA","can14","2020","built",444,0.336944994876936,0.397306606700348,0.0603616118234123,17.9143814988136
"CAWA","can14","2020","built",445,0.344496418057547,0.42029171380397,0.0757952957464225,22.0017659904264
"CAWA","can14","2020","built",448,1.16463180086172,1.12522893590717,-0.0394028649545564,-3.38328945898625
"CAWA","can14","2020","built",449,0.0813981306337481,0.0860439753540556,0.00464584472030749,5.70755702144012
"CAWA","can14","2020","built",450,0.0468922276111403,0.0547773233004702,0.00788509568932994,16.8153574505312
"CAWA","can14","2020","built",454,1.29081389265296e-19,1.02886486844911e-18,8.99783479183813e-19,NA
"CAWA","can14","2020","built",455,0.398089272818369,0.143330953961677,-0.254758318856692,-63.9952734855348
"CAWA","can14","2020","built",457,0.0697181623166099,0.0696001227259986,-0.000118039590611296,-0.169309670090335
"CAWA","can14","2020","built",461,2.89127569574921,5.36413066388771,2.47285496813851,85.5281622494228
"CAWA","can14","2020","built",464,0.345210284516869,0.379325993043491,0.0341157085266219,9.88258752903836
"CAWA","can14","2020","built",465,0.0243435924387874,0.0243470718611705,3.47942238310139e-06,0.0142929700776518
"CAWA","can14","2020","built",468,0.194746413996998,0.225239379789579,0.0304929657925802,15.657780375381
"CAWA","can14","2020","built",474,0.0955260849390211,0.109321570004772,0.0137954850657511,14.4415895140656
"CAWA","can14","2020","built",475,0.038616346967101,0.0378989340301468,-0.000717412936954265,-1.85779596802738
"CAWA","can14","2020","built",478,1.02547992582986e-18,9.21350958640255e-18,8.1880296605727e-18,NA
"CAWA","can14","2020","built",480,0.349336838485019,0.416137270440026,0.0668004319550066,19.1220691882088
"CAWA","can14","2020","built",483,0.585467279776547,0.673705792490991,0.0882385127144436,15.0714678279068
"CAWA","can14","2020","built",486,0.0345002610684331,0.0364668425202952,0.00196658145186213,5.70019295784837
"CAWA","can14","2020","built",489,0.183151278952198,0.179466346665334,-0.00368493228686367,-2.01196099090601
"CAWA","can14","2020","built",491,0.523154719665252,0.666171583849829,0.143016864184577,27.337393472449
"CAWA","can14","2020","built",496,0.69935377969828,0.702296078007438,0.00294229830915871,0.420716723720017
"CAWA","can14","2020","built",497,0.157150572487897,0.16806812261989,0.0109175501319931,6.94719081143277
"CAWA","can14","2020","built",498,0.0582295100764594,0.0591790738746116,0.000949563798152253,1.63072606467994
"CAWA","can14","2020","built",501,4.02234908910252,6.50323962916522,2.4808905400627,61.6776536572622
"CAWA","can14","2020","built",502,0.102647530173661,0.102648800497955,1.27032429464435e-06,0.00123755953260171
"CAWA","can14","2020","built",504,1.60178451059082,1.60897327204892,0.00718876145810121,0.448797039212823
"CAWA","can14","2020","built",505,0.689988369715382,0.761505314098032,0.0715169443826502,10.3649492544564
"CAWA","can14","2020","built",508,0.00169130999079235,1.36041342437796e-07,-0.00169117394944992,-99.9919564513201
"CAWA","can14","2020","built",510,3.07652308753666,1.87106270249088,-1.20546038504577,-39.1825561111253
"CAWA","can14","2020","built",511,0.413956530366881,0.652488114346673,0.238531583979792,57.6223749311036
"CAWA","can14","2020","built",517,0.00609556943243167,0.00831906981256014,0.00222350038012847,36.477320204053
"CAWA","can14","2020","built",518,0.383276840782583,0.370091764948768,-0.0131850758338148,-3.44009197291786
"CAWA","can14","2020","built",519,0.0323703515220508,0.032369856058323,-4.95463727823164e-07,-0.00153060966139232
"CAWA","can14","2020","built",521,0.18907025885112,0.198955390973802,0.00988513212268183,5.22828507389188
"CAWA","can14","2020","built",527,1.28011314157701,1.44689716921031,0.166784027633298,13.0288505145593
"CAWA","can14","2020","built",528,0.333339199425845,0.363365549158604,0.0300263497327586,9.00774639900649
"CAWA","can14","2020","built",530,3.72219583142799,3.74251025833508,0.0203144269070934,0.545764592383091
"CAWA","can14","2020","built",534,6.45406946326482e-20,6.04410782142936e-19,5.39870087510288e-19,NA
"CAWA","can14","2020","built",535,1.53526732048797,0.783767150098266,-0.7515001703897,-48.9491413228834
"CAWA","can14","2020","built",536,0.380930132551407,0.656676766564336,0.275746634012929,72.3877190197645
"CAWA","can14","2020","built",537,0.514472772886487,0.480751135021793,-0.0337216378646943,-6.55460106770988
"CAWA","can14","2020","built",538,0.334594075087531,0.369588388057323,0.0349943129697921,10.4587365931801
"CAWA","can14","2020","built",541,0.479179514576558,0.469131147625201,-0.0100483669513571,-2.09699426742746
"CAWA","can14","2020","built",543,0.158823625173653,0.121801879510195,-0.0370217456634578,-23.3099739556879
"CAWA","can14","2020","built",545,0.0364609931912385,0.0364612800386599,2.86847421371306e-07,0.000786724102294159
"CAWA","can14","2020","built",551,2.01408654768854,2.1458369260664,0.131750378377854,6.5414457253119
"CAWA","can14","2020","built",552,0.0360698599683884,0.0366525662905115,0.000582706322123094,1.61549371867198
"CAWA","can14","2020","built",556,1.36252577557813e-19,1.12601440466001e-18,9.89761827102194e-19,NA
"CAWA","can14","2020","built",557,12.4770530803306,19.16535812554,6.6883050452094,53.6048456486344
"CAWA","can14","2020","built",558,0.0463751292527004,0.0384643840108811,-0.00791074524181923,-17.058163220879
"CAWA","can14","2020","built",559,0.0478641020629622,0.0532841846726351,0.00542008260967286,11.3238990727186
"CAWA","can14","2020","built",560,8.38901198771593,9.51981886228056,1.13080687456463,13.4796192474213
"CAWA","can14","2020","built",561,3.39247503011482,3.69650526294253,0.304030232827708,8.96190038626216
"CAWA","can14","2020","built",562,3.62901159099,2.01447188565453,-1.61453970533547,-44.489791913148
"CAWA","can14","2020","built",565,0.698374044313596,0.804943314844856,0.106569270531261,15.2596264707981
"CAWA","can14","2020","built",568,0.024602772910112,0.0533132717727218,0.0287104988626098,116.696190984267
"CAWA","can14","2020","built",570,8.06813825274506,12.4710287606182,4.4028905078731,54.5713319473063
"CAWA","can14","2020","built",573,0.029571910719955,0.0295761184368519,4.20771689690902e-06,0.0142287623439552
"CAWA","can14","2020","built",575,0.18348958386106,0.192340385037178,0.00885080117611814,4.82359869692662
"CAWA","can14","2020","built",576,0.194107553490693,0.175695359210478,-0.0184121942802147,-9.4855630031407
"CAWA","can14","2020","built",581,0.32474227314907,0.34702165914352,0.0222793859944503,6.86063621419045
"CAWA","can14","2020","built",582,0.0335134834695356,0.0327731860660938,-0.000740297403441836,-2.20895390989355
"CAWA","can14","2020","built",584,1.84136281150349e-18,1.84183244346422e-18,4.69631960730399e-22,NA
"CAWA","can14","2020","built",588,3.01189908285692e-19,2.91056199791875e-18,2.60937208963306e-18,NA
"CAWA","can14","2020","built",589,0.0354893930516411,0.0354893930516411,0,0
"CAWA","can14","2020","built",591,0.0262221825023317,0.0322067331218916,0.00598455061955994,22.8224733735561
"CAWA","can14","2020","built",592,0.0447365894716645,0.0447384819198129,1.89244814841061e-06,0.00423020210248539
"CAWA","can14","2020","built",593,0.41668259725539,0.421151725316611,0.00446912806122057,1.07254972745631
"CAWA","can14","2020","built",596,1.5073569317758e-18,2.15764364223776e-20,-1.48578049535342e-18,NA
"CAWA","can14","2020","built",598,0.497170506895898,0.534218897242083,0.0370483903461851,7.45184797414836
"CAWA","can14","2020","built",603,0.3471454187839,0.630629613475076,0.283484194691176,81.6615110993719
"CAWA","can14","2020","built",605,0.471889947732608,0.467776666978538,-0.00411328075407003,-0.87166102474401
"CAWA","can14","2020","built",606,0.177329203201821,0.181632460790537,0.00430325758871652,2.42670553468789
"CAWA","can14","2020","built",611,0.402670303942022,0.43180816789556,0.029137863953538,7.23615912777451
"CAWA","can14","2020","built",612,0.176122642709939,0.199324863535091,0.0232022208251521,13.173899998403
"CAWA","can14","2020","built",613,0.854686477358772,1.31142897133318,0.456742493974412,53.4397707315879
"CAWA","can14","2020","built",616,0.770443795109458,0.7288030030767,-0.0416407920327582,-5.40477998487122
"CAWA","can14","2020","built",619,0.143737820158995,0.135080528052719,-0.00865729210627551,-6.02297439650837
"CAWA","can14","2020","built",622,0.618961061985197,0.682212311746025,0.0632512497608282,10.218938418834
"CAWA","can14","2020","built",623,1.60833392627538,2.10472340901708,0.496389482741703,30.8635834034326
"CAWA","can14","2020","built",624,0.510043932656958,0.736364273828649,0.226320341171691,44.3727151096036
"CAWA","can14","2020","built",627,3.80072979503373e-19,2.71951002538129e-18,2.33943704587791e-18,NA
"CAWA","can14","2020","built",628,1.91856299913676,0.812771336340987,-1.10579166279577,-57.6364530793783
"CAWA","can14","2020","built",630,0.355241192888999,0.388661793662305,0.0334206007733067,9.40786188153284
"CAWA","can14","2020","built",631,0.826834568292238,0.905127681390294,0.0782931130980558,9.46901787860225
"CAWA","can14","2020","built",632,2.37589148277603,2.54294843458743,0.167056951811394,7.0313376272641
"CAWA","can14","2020","built",640,0.41975407810604,0.422674175542372,0.00292009743633193,0.695668628047072
"CAWA","can14","2020","built",642,0.487483245500828,0.473307406296934,-0.0141758392038944,-2.90796439359275
"CAWA","can14","2020","built",649,0.926213953333004,0.967128008023856,0.0409140546908522,4.41734380524305
"CAWA","can14","2020","built",650,0.220202904714164,0.228369557944945,0.00816665323078047,3.70869459754913
"CAWA","can14","2020","built",651,1.45705220988751,1.71537142591774,0.258319216030225,17.7288922303043
"CAWA","can14","2020","built",653,0.00921999864790422,0.0118060945845569,0.00258609593665272,28.0487669837193
"CAWA","can14","2020","built",654,2.72505155115626e-19,2.43198550515678e-18,2.15948035004115e-18,NA
"CAWA","can14","2020","built",655,0.437145627950555,0.430870624541169,-0.00627500340938614,-1.4354491977433
"CAWA","can14","2020","built",658,0.0137919767723579,0.0137938310362671,1.85426390919563e-06,0.0134445115432037
"CAWA","can14","2020","built",666,0.395364781674018,0.436525316560326,0.0411605348863078,10.4107742505616
"CAWA","can14","2020","built",674,1.13747737816643,1.18640674052762,0.0489293623611968,4.30156795206505
"CAWA","can14","2020","built",675,3.00273371399318,3.07023451567593,0.0675008016827503,2.24797827953197
"CAWA","can14","2020","built",676,4.60345614125614,4.98810372448633,0.384647583230189,8.35562610845752
"CAWA","can14","2020","built",682,0.365439923063478,0.138650006094061,-0.226789916969416,-62.0594255461308
"CAWA","can14","2020","built",684,0.2783800576794,0.266840881171508,-0.0115391765078923,-4.1451160704843
"CAWA","can14","2020","built",686,13.1730693992579,5.42682766941761,-7.7462417298403,-58.803620440022
"CAWA","can14","2020","built",687,0.278290503531243,0.299735807905448,0.0214453043742049,7.70608558397944
"CAWA","can14","2020","built",688,3.15532284870725e-19,2.65496933074864e-18,2.33943704587791e-18,NA
"CAWA","can14","2020","built",689,0.327153730790119,0.333650343233427,0.00649661244330768,1.98579806124097
"CAWA","can14","2020","built",690,40.9827298824232,44.5378978760416,3.55516799361834,8.67479546584106
"CAWA","can14","2020","built",692,0.465956148956665,0.179500846608274,-0.286455302348391,-61.4768799574382
"CAWA","can14","2020","built",696,0.0354411393491483,0.0354414634495201,3.2410037187347e-07,0.000914475036145414
"CAWA","can14","2020","built",698,0.49510302033228,0.553114479776364,0.0580114594440837,11.717048182245
"CAWA","can14","2020","built",699,0.932703090978655,0.993759203332847,0.0610561123541917,6.54614667247726
"CAWA","can14","2020","built",700,0.214119931889721,0.245234465384857,0.0311145334951362,14.5313578332172
"CAWA","can14","2020","built",701,4.30271297550988e-20,2.22983825591861e-19,1.79956695836763e-19,NA
"CAWA","can14","2020","built",709,0.43153243090238,0.541824887233915,0.110292456331534,25.5583238786714
"CAWA","can14","2020","built",711,1.60524362227159,1.74986678358707,0.144623161315471,9.00942133075189
"CAWA","can14","2020","built",713,9.32254478027141e-20,6.33095535313002e-19,5.39870087510288e-19,NA
"CAWA","can14","2020","built",714,1.84846486403317,0.77385330053316,-1.07461156350001,-58.1353524435035
"CAWA","can14","2020","built",717,0.0688459486112323,0.0688515812521779,5.63264094566307e-06,0.00818151403137773
"CAWA","can14","2020","built",721,3.3145848305897,3.64576849897821,0.331183668388504,9.99170892632072
"CAWA","can14","2020","built",722,0.156189605572063,0.162890352820859,0.00670074724879677,4.29013648139676
"CAWA","can14","2020","built",723,1.83669519265248,2.16111667814526,0.324421485492779,17.6633274149459
"CAWA","can14","2020","built",726,1.49793957571601,1.98758985892332,0.489650283207317,32.6882533277931
"CAWA","can14","2020","built",729,0.775961892650705,0.742391766121924,-0.0335701265287809,-4.32625968449359
"CAWA","can14","2020","built",732,1.29814800106795,1.35708038054284,0.0589323794748873,4.53972732126116
"CAWA","can14","2020","built",736,1.29463899454801,1.43805217756077,0.143413183012759,11.0774651170482
"CAWA","can14","2020","built",741,0.0543165057013018,0.0543218365929898,5.33089168808232e-06,0.00981449675242006
"CAWA","can14","2020","built",745,0.384634451660865,0.355793981463499,-0.0288404701973652,-7.49815053561404
"CAWA","can14","2020","built",755,1.93622083897945e-19,1.27336225891852e-18,1.07974017502058e-18,NA
"CAWA","can14","2020","built",756,0.240858997674493,0.244447420228064,0.00358842255357072,1.48984367958729
"CAWA","can14","2020","built",757,0.118354344226468,0.115321167077229,-0.00303317714923956,-2.56279325365164
"CAWA","can14","2020","built",760,2.28024968481043,2.63536235564631,0.355112670835873,15.5734116838786
"CAWA","can14","2020","built",762,0.153310309044214,0.160127380386826,0.00681707134261211,4.44658378494699
"CAWA","can14","2020","built",765,0.424822200326675,0.094181648074105,-0.33064055225257,-77.8303374913829
"CAWA","can14","2020","built",769,0.00300619925663816,0.00103352942731917,-0.00197266982931899,-65.6200624414042
"CAWA","can14","2020","built",771,0.000997237286473607,1.3332652820382e-07,-0.000997103959945403,-99.9866304108348
"CAWA","can14","2020","built",774,1.15137315180817,1.20356181093265,0.0521886591244842,4.53273198550138
"CAWA","can14","2020","built",775,0.624467633474139,0.758775976830973,0.134308343356834,21.5076548658941
"CAWA","can14","2020","built",776,0.109328838048744,0.11465558971067,0.00532675166192642,4.87222928277305
"CAWA","can14","2020","built",777,0.283391578888825,0.304121372087454,0.0207297931986281,7.31489385814122
"CAWA","can14","2020","built",780,0.75878732406928,0.798331453054369,0.0395441289850884,5.21149045730209
"CAWA","can14","2020","built",783,0.977270183406413,1.00322980735461,0.0259596239481978,2.65634052782741
"CAWA","can14","2020","built",785,0.263964340428142,0.280967553045137,0.0170032126169943,6.44148091723891
"CAWA","can14","2020","built",786,0.422273073487731,0.408137590368072,-0.0141354831196587,-3.34747442049947
"CAWA","can14","2020","built",790,2.29478025360527e-19,2.11902333164653e-18,1.88954530628601e-18,NA
"CAWA","can14","2020","built",791,1.25059127269953,1.25045739875684,-0.000133873942687712,-0.0107048518257073
"CAWA","can14","2020","built",793,0.0361154618378099,0.0361154618378099,0,0
"CAWA","can14","2020","built",794,0.145226161709825,0.123643259963947,-0.0215829017458775,-14.8615796849346
"CAWA","can14","2020","built",797,1.1121655451799,1.19325866569873,0.0810931205188363,7.29146131799284
"CAWA","can14","2020","built",798,0.196295132164195,0.220826079996475,0.0245309478322796,12.4969720653899
"CAWA","can14","2020","built",800,4.30271297550988e-20,4.02940521428624e-19,3.59913391673525e-19,NA
"CAWA","can14","2020","built",803,0.0318299273240266,0.0318299273240266,0,0
"CAWA","can14","2020","built",805,2.16243188117961,2.37687113389204,0.214439252712432,9.91657839392633
"CAWA","can14","2020","built",806,0.033626438037071,0.0384715448814146,0.00484510684434358,14.4086234735959
"CAWA","can14","2020","built",809,0.107571408089628,0.27730162050229,0.169730212412661,157.783760040811
"CAWA","can14","2020","built",810,0.169089120747707,0.222606995591014,0.0535178748433074,31.6506908348999
"CAWA","can14","2020","built",811,0.031127588779656,0.0311278570006535,2.68220997412527e-07,0.000861682539277914
"CAWA","can14","2020","built",814,0.0914460598633386,0.123882684457054,0.0324366245937155,35.4707733085388
"CAWA","can14","2020","built",815,0.0495790457710128,0.0495800851273778,1.03935636497354e-06,0.00209636218045411
"CAWA","can14","2020","built",816,0.982434735870737,1.06885460432621,0.0864198684554711,8.79649968594369
"CAWA","can14","2020","built",817,1.42655990440287,1.64134014050885,0.214780236105976,15.0558161240259
"CAWA","can14","2020","built",821,1.45347797324447,1.74503595390689,0.291557980662421,20.0593325822201
"CAWA","can14","2020","built",832,0.419589616472232,0.431724794006219,0.0121351775339865,2.8921539183965
"CAWA","can14","2020","built",834,1.43423765850329e-19,1.49309898462605e-18,1.34967521877572e-18,NA
"CAWA","can14","2020","built",835,2.00793272190461e-19,1.82040353472132e-18,1.61961026253086e-18,NA
"CAWA","can14","2020","built",840,2.70601955721451,1.1212298990172,-1.58478965819731,-58.5653438450622
"CAWA","can14","2020","built",841,2.05429012221016,2.16053122807638,0.106241105866218,5.17166999527387
"CAWA","can14","2020","built",842,0.116305925568062,0.119615398284324,0.0033094727162617,2.84548934209289
"CAWA","can14","2020","built",845,0.298258033144329,0.34323241356872,0.0449743804243914,15.0790173026549
"CAWA","can14","2020","built",846,0.00956284212612553,0.00146201362396091,-0.00810082850216462,-84.7115156281132
"CAWA","can14","2020","built",847,0.0287920196364928,0.098843171635735,0.0700511519992422,243.300584271813
"CAWA","can14","2020","built",848,1.29081389265296e-19,9.38886520530728e-19,8.09805131265432e-19,NA
"CAWA","can14","2020","built",849,0.133538211955368,0.136269349909771,0.00273113795440327,2.04521081599932
"CAWA","can14","2020","built",852,1.01232635384005,0.407711575786344,-0.604614778053706,-59.7252828359377
"CAWA","can14","2020","built",854,3.82181360812476,4.09133773955808,0.269524131433321,7.05225735918522
"CAWA","can14","2020","built",859,0.261174139356824,0.0681735422711394,-0.193000597085684,-73.8972846090253
"CAWA","can14","2020","built",860,0.17168814868501,0.175918969840613,0.0042308211556028,2.46424764202271
"CAWA","can14","2020","built",861,0.213847357889038,0.207746833353076,-0.00610052453596199,-2.85274721005787
"CAWA","can14","2020","built",864,0.148297906803317,0.155227839581174,0.0069299327778567,4.67298084459658
"CAWA","can14","2020","built",869,2.07964460482978e-19,1.91755307093222e-18,1.70958861044924e-18,NA
"CAWA","can14","2020","built",870,0.413365085126959,0.496445928494771,0.083080843367812,20.098660084534
"CAWA","can14","2020","built",871,1.07567824387747e-19,8.27394607734797e-19,7.1982678334705e-19,NA
"CAWA","can14","2020","built",872,0.88238539164011,0.311527565959665,-0.570857825680445,-64.6948409491887
"CAWA","can14","2020","built",873,0.0271608293333601,0.0271608293333601,0,0
"CAWA","can14","2020","built",876,0.149106015690313,0.176538185952827,0.0274321702625133,18.3977622468893
"CAWA","can14","2020","built",880,0.0799664731203715,0.0976728233567912,0.0177063502364196,22.1422172886964
"CAWA","can14","2020","built",883,0.140105732530898,0.154538012428745,0.0144322798978477,10.3009917132869
"CAWA","can14","2020","built",888,0.0272797145651715,0.0272797145651715,0,0
"CAWA","can14","2020","built",895,2.56038036639635,2.5983804893007,0.038000122904351,1.48415928363936
"CAWA","can14","2020","built",898,1.19103656090598,1.2681881924943,0.0771516315883174,6.47768793341077
"CAWA","can14","2020","built",900,1.07567824387747e-19,1.00735130357156e-18,8.99783479183813e-19,NA
"CAWA","can14","2020","built",908,8.60542595101976e-20,4.45967651183723e-19,3.59913391673525e-19,NA
"CAWA","can14","2020","built",909,1.00396636095231e-19,1.00018011527904e-18,8.99783479183813e-19,NA
"CAWA","can14","2020","built",910,0.270554741744868,0.288404592077549,0.0178498503326812,6.59750046055873
"CAWA","can14","2020","built",916,0.347730809383637,0.388191671171736,0.040460861788099,11.6356850460898
"CAWA","can14","2020","built",918,0.383950273913194,0.381116544221249,-0.00283372969194484,-0.738046013892286
"CAWA","can14","2020","built",919,8.60542595101976e-20,5.35945999102104e-19,4.49891739591907e-19,NA
"CAWA","can14","2020","built",920,0.202736256505078,0.205868545038153,0.00313228853307512,1.54500659481037
"CAWA","can14","2020","built",922,0.382151218825966,0.470645297996448,0.0884940791704825,23.1568224333685
"CAWA","can14","2020","built",924,2.42631273595966,2.84253387295885,0.416221136999186,17.1544719207254
"CAWA","can14","2020","built",927,2.36649213653043e-19,2.12619451993905e-18,1.88954530628601e-18,NA
"CAWA","can14","2020","built",929,0.0365712438182464,0.0344743032363501,-0.00209694058189624,-5.73385087014739
"CAWA","can14","2020","built",930,3.56021968938771,3.37912038488478,-0.181099304502931,-5.08674520964958
"CAWA","can14","2020","built",932,0.38864456535595,0.153935664161157,-0.234708901194793,-60.3916591448612
"CAWA","can14","2020","built",933,1.58796708147924,1.60695890652145,0.018991825042205,1.19598354800362
"CAWA","can14","2020","built",934,0.189030331175422,0.185242756393918,-0.00378757478150371,-2.00368626450155
"CAWA","can14","2020","built",936,0.231997710733757,0.275106531233406,0.0431088204996485,18.581571500557
"CAWA","can14","2020","built",937,7.88830712176812e-20,5.28774810809588e-19,4.49891739591907e-19,NA
"CAWA","can14","2020","built",938,15.3004874296439,20.8110806198189,5.51059319017494,36.0158015587036
"CAWA","can14","2020","built",941,1.35043809057031,1.2996728113612,-0.0507652792091111,-3.7591711581293
"CAWA","can14","2020","built",943,0.436303376723488,0.424648596034388,-0.0116547806891,-2.6712561283903
"CAWA","can14","2020","built",946,0.359201604438356,0.422279507066377,0.0630779026280213,17.5605848773001
"CAWA","can14","2020","built",947,0.20315367170701,0.207667829230817,0.00451415752380702,2.2220408254877
"CAWA","can14","2020","built",954,0.12098744181838,0.126381630572052,0.0053941887536717,4.45846996398947
"CAWA","can14","2020","built",955,0.535465875285512,0.561521324910327,0.0260554496248151,4.86594026387251
"CAWA","can14","2020","built",956,0.978440659308385,1.23486583371489,0.256425174406509,26.207534607951
"CAWA","can14","2020","built",960,0.691177294973271,0.714866756004036,0.0236894610307643,3.42740729521221
"CAWA","can14","2020","built",962,1.16173250338767e-18,1.07894157306545e-17,9.62768322726681e-18,NA
"CAWA","can14","2020","built",965,1.90478217549258,2.30069866913182,0.395916493639237,20.7853947151124
"CAWA","can14","2020","built",967,0.3040293848582,0.62134741581727,0.31731803095907,104.370842675969
"CAWA","can14","2020","built",968,0.0571981034838258,0.0572059042445006,7.80076067474766e-06,0.0136381456720038
"CAWA","can14","2020","built",969,1.14739012680264e-19,8.34565796027314e-19,7.1982678334705e-19,NA
"CAWA","can14","2020","built",974,0.29990869869003,0.306245416028609,0.00633671733857932,2.1128821425512
"CAWA","can14","2020","built",976,2.34993493685005,2.37897777885864,0.0290428420085901,1.23589983506183
"CAWA","can14","2020","built",977,0.497641717637285,0.473142246671163,-0.0244994709661221,-4.92311438085241
"CAWA","can14","2020","built",979,0.115981322281819,0.132556528692775,0.0165752064109566,14.2912721504253
"CAWA","can14","2020","built",981,0.21609643193055,0.230430683573103,0.0143342516425538,6.63326622956948
"CAWA","can14","2020","built",984,1.52475211241883,1.8821514256584,0.357399313239569,23.4398306668091
"CAWA","can14","2020","built",986,0.0922449151259239,0.121003115982916,0.0287582008569922,31.1759199059745
"CAWA","can14","2020","built",987,0.3302085220814,0.349724646931716,0.0195161248503153,5.91024263313965
"CAWA","can14","2020","built",989,0.370510110888473,0.362544271365693,-0.00796583952278018,-2.14996549046349
"CAWA","can14","2020","built",991,0.497683734735926,0.602443051839293,0.104759317103367,21.0493752943227
"CAWA","can14","2020","built",995,0.157258563104334,0.322468161422508,0.165209598318174,105.056026875029
"CAWA","can14","2020","built",997,0.409623285099198,0.418707945182727,0.00908466008352882,2.21780851186934
"CAWA","can14","2020","built",998,1.96505633982026,2.06426661711009,0.0992102772898347,5.04872431794548
"CAWA","can14","2020","built",1000,0.457505844237452,0.443085445225937,-0.0144203990115144,-3.15195951989413
"CAWA","can14","2020","built",1003,0.435014291708756,0.527987417529426,0.0929731258206699,21.3724301919983
"CAWA","can14","2020","built",1005,0.134477412457865,0.17769613883951,0.0432187263816455,32.1382792780811
"CAWA","can14","2020","built",1007,0.284994013083784,0.27514255946009,-0.00985145362369422,-3.45672300870336
"CAWA","can14","2020","built",1010,0.010555682088223,1.85267605108292e-06,-0.0105538294121719,-99.9824485425423
"CAWA","can14","2020","built",1012,0.317031359057872,0.384687171988023,0.0676558129301508,21.340416648752
"CAWA","can14","2020","built",1014,0.67748137763958,0.574317281635252,-0.103164096004328,-15.2275914009273
"CAWA","can14","2020","built",1017,1.63772140001559,1.86644409392921,0.228722693913612,13.9659098251653
"CAWA","can14","2020","built",1020,1.24425766970476,1.30751379959762,0.0632561298928644,5.08384488462701
"CAWA","can14","2020","built",1021,0.118596211579562,0.151273148217116,0.0326769366375536,27.55310325881
"CAWA","can14","2020","built",1024,0.111531910326554,0.173753984013112,0.0622220736865585,55.7885841857983
"CAWA","can14","2020","built",1025,1.73151896791816,1.65123847320243,-0.0802804947157381,-4.63642017229882
"CAWA","can14","2020","built",1027,0.400036074792778,0.4217635858405,0.0217275110477221,5.43138792144611
"CAWA","can14","2020","built",1028,2.92496281926084,2.74728393361476,-0.177678885646088,-6.07456903301726
"CAWA","can14","2020","built",1031,0.177528465325857,0.199401977071848,0.0218735117459907,12.3211292937397
"CAWA","can14","2020","built",1036,1.01612201630204,1.05135642897405,0.0352344126720071,3.46753756996971
"CAWA","can14","2020","built",1039,0.0299265677964295,0.0297110168347381,-0.000215550961691457,-0.72026623018619
"CAWA","can14","2020","built",1041,1.73929435656294,2.00494501544033,0.265650658877396,15.2734732838641
"CAWA","can14","2020","built",1042,1.28717165186418,1.5034359286718,0.216264276807618,16.8015102332628
"CAWA","can14","2020","built",1045,0.000776697751834831,0.000776697751834831,0,0
"CAWA","can14","2020","built",1046,0.674490879546915,0.261082380443617,-0.413408499103298,-61.2919331660945
"CAWA","can14","2020","built",1047,7.17792233158327,9.4153624589855,2.23744012740223,31.1711387229333
"CAWA","can14","2020","built",1048,0.242529464076535,0.279776034349537,0.0372465702730025,15.3575444595254
"CAWA","can14","2020","built",1055,0.908491807743655,0.97698963879504,0.0684978310513848,7.53973018441488
"CAWA","can14","2020","built",1056,1.23076130693049,1.28998480677045,0.0592234998399539,4.81194034184067
"CAWA","can14","2020","built",1060,4.30271297550988e-20,3.12962173510243e-19,2.69935043755144e-19,NA
"CAWA","can14","2020","built",1062,0.061376099072782,0.0517053947363649,-0.00967070433641704,-15.7564662507292
"CAWA","can14","2020","built",1065,2.93956634265259,3.15019237478176,0.210626032129164,7.16520763872607
"CAWA","can14","2020","built",1067,0.657450950202602,0.71695818687961,0.0595072366770084,9.05120551710672
"CAWA","can14","2020","built",1071,0.402887440946626,0.52309792942324,0.120210488476615,29.8372389554183
"CAWA","can14","2020","built",1072,3.37045849748274e-19,2.94641793938133e-18,2.60937208963306e-18,NA
"CAWA","can14","2020","built",1074,2.50991590238076e-19,2.32049359236085e-18,2.06950200212277e-18,NA
"CAWA","can14","2020","built",1075,0.0320881628628898,0.0144681880100543,-0.0176199748528355,-54.9111363219024
"CAWA","can14","2020","built",1079,0.292812193222197,0.366415270327975,0.0736030771057787,25.1366161688239
"CAWA","can14","2020","built",1082,0.0559164228354568,0.123470510624032,0.0675540877885748,120.812606320264
"CAWA","can14","2020","built",1083,0.174722974275796,0.222625748709083,0.0479027744332876,27.4164142591084
"CAWA","can14","2020","built",1087,0.253989057644981,0.4016407395061,0.147651681861119,58.1330877913262
"CAWA","can14","2020","built",1090,0.202501972914422,0.248381086977481,0.0458791140630594,22.6561318898597
"CAWA","can14","2020","built",1091,0.359813429571975,0.405100998989053,0.0452875694170785,12.5864033121141
"CAWA","can14","2020","built",1093,0.441921377273042,0.50104125253835,0.0591198752653077,13.377917047172
"CAWA","can14","2020","built",1102,0.620349086089026,0.845006676840082,0.224657590751056,36.2147048796998
"CAWA","can14","2020","built",1103,2.51601307382732,2.9835600534372,0.467546979609875,18.5828517535742
"CAWA","can14","2020","built",1106,0.520776352824688,0.488855207078468,-0.0319211457462195,-6.12953056971182
"CAWA","can14","2020","built",1107,0.741526349676788,0.838249062961962,0.0967227132851734,13.0437324752293
"CAWA","can14","2020","built",1109,0.0713604336161136,0.0947336525448687,0.0233732189287551,32.7537512657117
"CAWA","can14","2020","built",1110,1.45307401379591,2.04343452647196,0.590360512676049,40.6283855516645
"CAWA","can14","2020","built",1119,1.01096567400466,0.97949039447073,-0.0314752795339279,-3.11338756035577
"CAWA","can14","2020","built",1121,0.263135534752169,0.328834694132653,0.0656991593804845,24.9678020273326
"CAWA","can14","2020","built",1124,0.26514992659682,0.270720718388184,0.00557079179136388,2.10099692006881
"CAWA","can14","2020","built",1132,0.00807862738351506,0.00807862738351506,0,0
"CAWA","can14","2020","built",1133,0.00675377258420712,0.00943396019063836,0.00268018760643124,39.684303446914
"CAWA","can14","2020","built",1139,0.388889114682904,0.422465464311354,0.03357634962845,8.63391346292318
"CAWA","can14","2020","built",1140,0.909432262388863,0.817825499963835,-0.091606762425028,-10.0729615842304
"CAWA","can14","2020","built",1142,0.101947992246612,0.101022309430459,-0.000925682816153461,-0.907995141203209
"CAWA","can14","2020","built",1144,1.2191020097278e-19,1.20165037599336e-18,1.07974017502058e-18,NA
"CAWA","can14","2020","built",1146,0.193872826357501,0.314279785958021,0.120406959600519,62.1061558046763
"CAWA","can14","2020","built",1148,0.0908440064607058,0.101366327752121,0.0105223212914153,11.5828459150651
"CAWA","can14","2020","built",1150,1.8744280802584,0.635949156384808,-1.23847892387359,-66.0723629205801
"CAWA","can14","2020","built",1152,0.113934833324477,0.148275610932907,0.0343407776084299,30.1407186954231
"CAWA","can14","2020","built",1155,3.05328112749936,3.84005627747143,0.786775149972071,25.7681856703592
"CAWA","can14","2020","built",1156,0.352694821948896,0.336352915651606,-0.0163419062972905,-4.63344094676228
"CAWA","can14","2020","built",1157,2.15135648775494e-20,2.91448608632693e-19,2.69935043755144e-19,NA
"CAWA","can14","2020","built",1163,0.707231203631205,0.83484574647681,0.127614542845606,18.0442466608349
"CAWA","can14","2020","built",1169,0.99758454744921,1.09687572125124,0.0992911738020341,9.95315876292574
"CAWA","can14","2020","built",1171,0.628792189486431,0.929016045985775,0.300223856499344,47.746117321297
"CAWA","can14","2020","built",1174,0.436482459064091,0.225893738931506,-0.210588720132586,-48.2467773353668
"CAWA","can14","2020","built",1175,0.346155545316449,0.227924833862705,-0.118230711453744,-34.1553712062187
"CAWA","can14","2020","built",1177,1.08827330553709,1.46750978257732,0.379236477040234,34.8475401455403
"CAWA","can14","2020","built",1179,7.17118829251647e-20,4.3162527459869e-19,3.59913391673525e-19,NA
"CAWA","can14","2020","built",1183,0.469855282719176,0.237953820067726,-0.23190146265145,-49.3559338759321
"CAWA","can14","2020","built",1187,1.5281713503217,2.50878511578668,0.980613765464981,64.1690976118975
"CAWA","can14","2020","built",1190,0.855470204842688,0.940287250602324,0.0848170457596365,9.91466976634604
"CAWA","can14","2020","built",1191,0.576990574327811,0.673347268604543,0.0963566942767313,16.6998731979263
"CAWA","can14","2020","built",1193,0.480465628671213,0.476899321311409,-0.0035663073598049,-0.74226066277997
"CAWA","can14","2020","built",1196,1.14739012680264e-19,9.24544143945695e-19,8.09805131265432e-19,NA
"CAWA","can14","2020","built",1201,0.669207970589184,0.566288489340527,-0.102919481248657,-15.3792969856657
"CAWA","can14","2020","built",1208,0.585202411485506,0.619700957057143,0.0344985455716371,5.89514754118397
"CAWA","can14","2020","built",1210,0.032791343137502,0.0327960146532069,4.67151570493485e-06,0.0142461859075002
"CAWA","can14","2020","built",1213,0.134225881232619,0.166015063179435,0.0317891819468155,23.6833475443707
"CAWA","can14","2020","built",1214,5.73695063401318e-20,3.27304550095276e-19,2.69935043755144e-19,NA
"CAWA","can14","2020","built",1215,2.00793272190461e-19,1.82040353472132e-18,1.61961026253086e-18,NA
"CAWA","can14","2020","built",1218,0.0492578520579342,0.115349371260165,0.0660915192022308,134.174586265958
"CAWA","can14","2020","built",1220,0.158791059302633,0.0483391447336044,-0.110451914569029,-69.5580186026237
"CAWA","can14","2020","built",1222,0.690978131806085,1.09697858088319,0.406000449077107,58.7573514108035
"CAWA","can14","2020","built",1223,0.225505583541573,0.262980111860043,0.0374745283184701,16.61800463205
"CAWA","can14","2020","built",1226,0.217994900150235,0.297851672745311,0.0798567725950756,36.6324040333241
"CAWA","can14","2020","built",1228,0.0617601757085873,0.083068372586969,0.0213081968783817,34.5015159589628
"CAWA","can14","2020","built",1231,0.994932568682329,1.11629729499855,0.121364726316219,12.1982866112175
"CAWA","can14","2020","built",1235,3.58559414625823e-20,2.15812637299345e-19,1.79956695836763e-19,NA
"CAWA","can14","2020","built",1237,0.218412969181041,0.275043374310329,0.0566304051292876,25.9281329957779
"CAWA","can14","2020","built",1243,0.349948408436161,0.391876431629524,0.0419280231933623,11.9812012807056
"CAWA","can14","2020","built",1248,0.208722530072017,0.190356501468337,-0.0183660286036809,-8.79925545045083
"CAWA","can14","2020","built",1254,3.91859201900583,3.86033175135617,-0.0582602676496566,-1.48676533221842
"CAWA","can14","2020","built",1255,6.45406946326482e-20,4.24454086306173e-19,3.59913391673525e-19,NA
"CAWA","can14","2020","built",1257,0.630391337042848,0.648055163075303,0.0176638260324549,2.80204136613226
"CAWA","can14","2020","built",1265,0.260995734690061,0.288751340359892,0.0277556056698307,10.6345054653062
"CAWA","can14","2020","built",1267,0.526853370363294,4.1141594099391e-06,-0.526849256203884,-99.9992191073188
"CAWA","can14","2020","built",1268,2.91536545241245,3.09140893453789,0.176043482125432,6.03847047648029
"CAWA","can14","2020","built",1272,0.0142462995444211,0.0220483975406565,0.00780209799623541,54.7657865251805
"CAWA","can14","2020","built",1273,0.107630746746615,0.124258860680634,0.0166281139340191,15.4492228630218
"CAWA","can14","2020","built",1274,0.119999472398498,0.0298945274656834,-0.090104944932815,-75.0877842475769
"CAWA","can14","2020","built",1275,0.0592536560757047,0.0646566923969993,0.00540303632129469,9.11848597897751
"CAWA","can14","2020","built",1283,0.731539202771106,0.751061039424814,0.0195218366537081,2.66859746952158
"CAWA","can14","2020","built",1286,0.296041054452296,0.162430954995053,-0.133610099457243,-45.1322873796792
"CAWA","can14","2020","built",1288,0.0677932333504709,0.0799878749207901,0.0121946415703191,17.9879922635884
"CAWA","can14","2020","built",1297,0.353504571826856,0.328967796939974,-0.0245367748868821,-6.94100638078878
"CAWA","can14","2020","built",1300,0.952202696023234,0.832294297032892,-0.119908398990341,-12.5927388665381
"CAWA","can14","2020","built",1301,1.47500843778535,2.04070721998,0.565698782194643,38.3522404145707
"CAWA","can14","2020","built",1303,0.406415372853486,0.122380720382541,-0.284034652470944,-69.8877728164431
"CAWA","can14","2020","built",1311,0.29842225025421,0.126752428003078,-0.171669822251133,-57.5258118672103
"CAWA","can14","2020","built",1315,0.330047192739394,0.395289361282308,0.0652421685429139,19.767527183432
"CAWA","can14","2020","built",1319,0.0487826755161974,0.0248466620367042,-0.0239360134794932,-49.0666270888436
"CAWA","can14","2020","built",1323,0.480834660207521,0.593429410753672,0.112594750546151,23.4165212835441
"CAWA","can14","2020","built",1324,0.0406989172365317,0.0320101047790384,-0.00868881245749331,-21.3490015151906
"CAWA","can14","2020","built",1329,0.3743134771812,0.456670244560867,0.082356767379667,22.0020844560185
"CAWA","can14","2020","built",1330,0.358905548117867,0.213105655262933,-0.145799892854935,-40.6234714452095
"CAWA","can14","2020","built",1334,0.184797909561577,0.12585580213399,-0.0589421074275866,-31.8954405747465
"CAWA","can14","2020","built",1340,1.48661639501686,2.33105379133451,0.844437396317648,56.8026425073882
"CAWA","can14","2020","built",1344,0.147782103598895,0.295226375179304,0.147444271580409,99.7713985589195
"CAWA","can14","2020","built",1349,0.415189692782825,0.149713160832639,-0.265476531950186,-63.941021794356
"CAWA","can14","2020","built",1351,0.250852780721554,0.272039333789672,0.0211865530681177,8.44581152625719
"CAWA","can14","2020","built",1352,0.701141427027259,0.913279703538195,0.212138276510936,30.2561321202161
"CAWA","can14","2020","built",1355,0.693374313652181,0.746911805881216,0.0535374922290348,7.7212973101122
"CAWA","can14","2020","built",1357,0.159819674597892,0.0945498232323762,-0.0652698513655158,-40.8396848071024
"CAWA","can14","2020","built",1359,0.102989201944172,0.106220026303526,0.00323082435935373,3.13705155333187
"CAWA","can14","2020","built",1361,0.0396644987456147,0.0429283943814203,0.00326389563580554,8.22875805575733
"CAWA","can14","2020","built",1364,0.408480860824767,0.704904124564876,0.296423263740109,72.5672343966369
"CAWA","can14","2020","built",1372,0.180530811861043,0.147175505822939,-0.0333553060381041,-18.4762399804518
"CAWA","can14","2020","built",1375,0.280697349261254,0.344453726215459,0.0637563769542053,22.7135657397553
"CAWA","can14","2020","built",1377,0.268900241477094,0.362572633407862,0.0936723919307679,34.8353692120976
"CAWA","can14","2020","built",1378,5.01983180476153e-20,3.20133361802759e-19,2.69935043755144e-19,NA
"CAWA","can14","2020","built",1387,0.56558968240816,0.28777206332863,-0.277817619079529,-49.1199941796394
"CAWA","can14","2020","built",1388,1.09238619494825,1.34327526839219,0.250889073443943,22.9670673800331
"CAWA","can14","2020","built",1400,0.255390148963651,0.477869215267235,0.222479066303584,87.1134095055674
"CAWA","can14","2020","built",1409,0.828190890629951,1.24516740454744,0.416976513917487,50.3478749446665
"CAWA","can14","2020","built",1415,1.67249742545074,2.13129534052417,0.458797915073425,27.4319056096471
"CAWA","can14","2020","built",1416,0.342002637511467,0.917846695490832,0.575844057979365,168.374157044347
"CAWA","can14","2020","built",1418,8.0136981380494e-19,8.0136981380494e-19,0,NA
"CAWA","can14","2020","built",1423,0.200239312734332,0.205202887577825,0.00496357484349241,2.47882135416527
"CAWA","can14","2020","built",1425,0.278191481554406,0.339345928569129,0.0611544470147223,21.9828611117132
"CAWA","can14","2020","built",1436,0.0783140138242233,0.0409931159800038,-0.0373208978442195,-47.6554527367052
"CAWA","can14","2020","built",1446,0.244334837258369,0.345001917780087,0.100667080521719,41.2004614860834
"CAWA","can14","2020","built",1448,0.00742104460921149,5.06079597583743e-07,-0.0074205385296139,-99.99318048032
"CAWA","can14","2020","built",1452,0.0187167368710268,2.29658567427933e-06,-0.0187144402853525,-99.9877297752803
"CAWA","can14","2020","built",1463,0.018259403174481,0.00591399000018475,-0.0123454131742962,-67.6112633930443
"CAWA","can14","2020","built",1465,0.0481829050139426,0.0283082823842172,-0.0198746226297254,-41.2482863454877
"CAWA","can14","2020","built",1466,0.27462144233718,0.624142111074498,0.349520668737318,127.273626473848
"CAWA","can14","2020","built",1468,0.324347224117135,0.564431245899167,0.240084021782032,74.0206802865462
"CAWA","can14","2020","built",1469,0.498793491662137,0.500878343672692,0.00208485201055453,0.417978992389645
"CAWA","can14","2020","built",1470,0.00146582879859773,1.21567226463465e-07,-0.00146570723137127,-99.9917065876602
"CAWA","can14","2020","built",1475,0.413408935845515,0.421130518251459,0.00772158240594401,1.86778314071795
"CAWA","can14","2020","built",1476,0.441451676206089,0.663681429849079,0.22222975364299,50.340675009521
"CAWA","can14","2020","built",1483,0.0261778144798476,0.020206505234751,-0.00597130924509658,-22.8105720960528
"CAWA","can14","2020","built",1484,0.10049041474754,0.185886150772537,0.0853957360249974,84.9789865426821
"CAWA","can14","2020","built",1485,0.0713204679890069,0.12933504363954,0.0580145756505328,81.3435151035113
"CAWA","can14","2020","built",1489,0.99076314157951,1.04618764838574,0.0554245068062286,5.59412280092181
"CAWA","can14","2020","built",1491,0.357060075491685,0.379819599132216,0.0227595236405302,6.37414407342782
"CAWA","can14","2020","built",1492,0.195537026120528,0.306980656348662,0.111443630228135,56.9936203077167
"CAWA","can14","2020","built",1496,0.400101503021011,0.408546783851375,0.00844528083036344,2.11078458006191
"CAWA","can14","2020","built",1499,0.943463250553733,1.0439370286165,0.100473778062762,10.6494638772408
"CAWA","can14","2020","built",1505,0.623906027210291,0.7532691103455,0.129363083135209,20.7343858679549
"CAWA","can14","2020","built",1507,0.205184349349868,0.377476242029942,0.172291892680073,83.9693150213377
"CAWA","can14","2020","built",1520,9.39796072386019,12.7458325339782,3.34787181011807,35.6233858438912
"CAWA","can14","2020","built",1534,0.25023494203592,0.305283045609153,0.0550481035732331,21.9985678759968
"CAWA","can14","2020","built",1536,1.21267265003746,1.4064123407585,0.193739690721049,15.97625630586
"CAWA","can14","2020","built",1537,1.28255793762836,1.19935744165949,-0.0832004959688726,-6.48707504962486
"CAWA","can14","2020","built",1539,0.116233575747979,0.149489494416812,0.0332559186688328,28.6112841791422
"CAWA","can14","2020","built",1541,0.644040880014847,1.28779215847581,0.643751278460963,99.9550336689998
"CAWA","can14","2020","built",1542,0.00505003560261147,0.00505006028266852,2.46800570535832e-08,0.000488710555640849
"CAWA","can14","2020","built",1549,1.2233613670879,1.71713796569919,0.493776598611284,40.3622847586461
"CAWA","can14","2020","built",1551,0.0606332228362088,0.0606332228362088,0,0
"CAWA","can14","2020","built",1552,1.92370061806146,1.99476968744855,0.0710690693870908,3.69439343730669
"CAWA","can14","2020","built",1558,1.88281394203683,2.25235720128129,0.36954325924446,19.6271788196283
"CAWA","can14","2020","built",1560,0.00688074672120459,0.000146754751002271,-0.00673399197020232,-97.8671682457078
"CAWA","can14","2020","built",1563,0.000746464390905782,0.000746464390905782,0,0
"CAWA","can14","2020","built",1564,0.323247106514163,0.507515955645641,0.184268849131478,57.005568006037
"CAWA","can14","2020","built",1565,0.0240202110481986,0.0240202110481986,0,0
"CAWA","can14","2020","built",1566,0.00617947213856173,0.00280162949559027,-0.00337784264297146,-54.6623168974697
"CAWA","can14","2020","built",1567,1.25613233200372,2.71611758864106,1.45998525663734,116.228618549165
"CAWA","can14","2020","built",1569,0.0534909801003793,0.053494403643388,3.42354300864045e-06,0.0064002248644836
"CAWA","can14","2020","built",1570,0.0097369511974863,0.00677003022254508,-0.00296692097494122,-30.4707388870057
"CAWA","can14","2020","built",1571,0.717795628826727,0.702462181290868,-0.0153334475358591,-2.13618569409824
"CAWA","can14","2020","built",1572,0.462833136772043,0.585439516112656,0.122606379340613,26.4904064984871
"CAWA","can14","2020","built",1582,5.90323483173526,7.63297957604966,1.72974474431439,29.3016421270494
"CAWA","can14","2020","built",1584,0.395343656845346,0.364959643622531,-0.030384013222815,-7.6854687552761
"CAWA","can14","2020","built",1585,0.16844257589609,0.173840754437098,0.00539817854100821,3.20475895852975
"CAWA","can14","2020","built",1586,0.407021659702306,0.455853899054075,0.0488322393517692,11.9974547269757
"CAWA","can14","2020","built",1590,0.406029613636021,0.560277912235922,0.154248298599902,37.9894208253921
"CAWA","can14","2020","built",1593,0.933211284598365,0.894922887068432,-0.0382883975299331,-4.10286482405875
"CAWA","can14","2020","built",1594,1.68187816586411,2.43238544528422,0.750507279420102,44.623165616429
"CAWA","can14","2020","built",1596,0.704748248330532,0.758073909301569,0.0533256609710366,7.56662554286002
"CAWA","can14","2020","built",1598,0.244806949673746,0.413745220674901,0.168938271001156,69.0087725149549
"CAWA","can14","2020","built",1606,0.986631251878317,1.66058151480627,0.673950262927952,68.3082217033879
"CAWA","can14","2020","built",1609,0.427617230890305,0.380396153201714,-0.0472210776885906,-11.0428379114368
"CAWA","can14","2020","built",1611,1.04552371395194,1.21064281642855,0.165119102476612,15.7929562259745
"CAWA","can14","2020","built",1613,0.535201873180872,0.555490483816964,0.0202886106360924,3.79083326362647
"CAWA","can14","2020","built",1615,2.0280614843032,2.07952842149804,0.0514669371948417,2.53774047745523
"CAWA","can14","2020","built",1620,0.764791982981098,0.761791653017156,-0.00300032996394139,-0.392306670402892
"CAWA","can14","2020","built",1621,0.0658763109673693,0.110326138665175,0.0444498276978058,67.474676473343
"CAWA","can14","2020","built",1624,0.154804336321395,0.193455535254347,0.0386511989329523,24.9677753552764
"CAWA","can14","2020","built",1625,2.11793128308895,3.11263144838946,0.994700165300508,46.9656486611672
"CAWA","can14","2020","built",1641,0.622933762340321,0.684944101626464,0.0620103392861427,9.95456387741354
"CAWA","can14","2020","built",1642,2.46807827962723,2.54895074739748,0.0808724677702566,3.27673836108924
"CAWA","can14","2020","built",1648,0.619223048697284,0.761036299937634,0.14181325124035,22.9018043722202
"CAWA","can14","2020","built",1652,0.00890330810029649,0.00890334907849955,4.09782030530437e-08,0.000460258171360812
"CAWA","can14","2020","built",1654,0.294554460240457,0.280489291814381,-0.0140651684260762,-4.77506550557551
"CAWA","can14","2020","built",1656,0.228023281669194,0.259686582237248,0.0316633005680544,13.8859945950564
"CAWA","can14","2020","built",1657,0.645096448996012,0.0346742446900969,-0.610422204305916,-94.6249518588947
"CAWA","can14","2020","built",1659,0.153510602578421,0.324992881341053,0.171482278762632,111.707123731099
"CAWA","can14","2020","built",1660,0.00980392414117746,7.27774410549912e-07,-0.00980319636676692,-99.9925767029603
"CAWA","can14","2020","built",1661,0.24276063704868,0.262471230504025,0.0197105934553455,8.11935315995775
"CAWA","can14","2020","built",1662,0.28173690364876,0.545410596707458,0.263673693058697,93.5886245798377
"CAWA","can14","2020","built",1664,0.474316538707358,0.694290715026092,0.219974176318735,46.3770833119639
"CAWA","can14","2020","built",1666,0.0104645269628399,0.0104645642157562,3.72529163072954e-08,0.000355992358179041
"CAWA","can14","2020","built",1668,0.0780711453279559,0.142092263675864,0.0640211183479078,82.0035598030134
"CAWA","can14","2020","built",1670,0.687468630254201,0.889966581791072,0.202497951536871,29.4555915172441
"CAWA","can14","2020","built",1671,0.00253221925568939,2.41434478822174e-07,-0.00253197782121057,-99.9904654986617
"CAWA","can14","2020","built",1673,0.365750462932631,0.45050459363058,0.084754130697949,23.1726653244347
"CAWA","can14","2020","built",1675,0.329477706642668,0.0387647970379876,-0.29071290960468,-88.2344704189563
"CAWA","can14","2020","built",1679,0.00206993122804287,2.54036058223398e-07,-0.00206967719198464,-99.9877273189185
"CAWA","can14","2020","built",1680,0.0687323560875052,0.0687341386395505,1.78255204530836e-06,0.00259346855946411
"CAWA","can14","2020","built",1684,0.0406840351621284,0.0540794774578064,0.013395442295678,32.9255498927191
"CAWA","can14","2020","built",1686,0.202430825897874,0.360310787669656,0.157879961771782,77.9920553460729
"CAWA","can14","2020","built",1690,0.183172499052998,0.0657147521037633,-0.117457746949235,-64.1241166422315
"CAWA","can14","2020","built",1691,0.102318081253602,2.22054656624352e-06,-0.102315860707036,-99.9978297613296
"CAWA","can14","2020","built",1692,0.45590596552664,0.175603786023685,-0.280302179502955,-61.4824548696492
"CAWA","can14","2020","crop",1,7.17118914738853e-20,5.21603684697054e-19,4.49891793223168e-19,NA
"CAWA","can14","2020","crop",2,4.30271348843312e-20,2.22983852173599e-19,1.79956717289267e-19,NA
"CAWA","can14","2020","crop",3,3.80073024811592e-19,4.33912080517547e-18,3.95904778036388e-18,NA
"CAWA","can14","2020","crop",4,7.88830806212738e-20,7.0873159113371e-19,6.29848510512436e-19,NA
"CAWA","can14","2020","crop",5,0.0777047227764542,0.147648672385189,0.0699439496087347,90.0124820082735
"CAWA","can14","2020","crop",6,0.232431634447988,0.459088524013417,0.226656889565429,97.5155082068435
"CAWA","can14","2020","crop",7,0.0812844441354393,0.144036139243509,0.0627516951080692,77.2001282354959
"CAWA","can14","2020","crop",8,0.194471221216601,0.336974172168754,0.142502950952152,73.2771409880917
"CAWA","can14","2020","crop",9,0.155571113097748,0.310010535683486,0.154439422585738,99.2725574243987
"CAWA","can14","2020","crop",10,0.506810604421232,0.1954175568664,-0.311393047554833,-61.4416992932572
"CAWA","can14","2020","crop",11,0.128450504777467,0.0521396099589323,-0.0763108948185342,-59.4087932552221
"CAWA","can14","2020","crop",12,370.381658308051,468.617439929042,98.235781620911,26.5228526892136
"CAWA","can14","2020","crop",13,0.359588596089425,0.240506151759585,-0.11908244432984,-33.116301691677
"CAWA","can14","2020","crop",14,0.0890547052929128,0.155057715756951,0.0660030104640377,74.115129848496
"CAWA","can14","2020","crop",15,1.29294121025759,2.15363943343726,0.860698223179672,66.5690146119018
"CAWA","can14","2020","crop",16,0.0435183655573487,0.0796252210401687,0.03610685548282,82.9692361383338
"CAWA","can14","2020","crop",17,1.46336278778604,1.65936719551382,0.196004407727779,13.3941090591978
"CAWA","can14","2020","crop",18,0.775204154828833,0.950372122640502,0.17516796781167,22.5963659663753
"CAWA","can14","2020","crop",20,0.50209221877469,0.578619819311361,0.0765276005366706,15.2417419898339
"CAWA","can14","2020","crop",21,0.752043577441747,1.62541149990428,0.873367922462529,116.132621653853
"CAWA","can14","2020","crop",22,0.45775500291759,0.645752812706857,0.187997809789268,41.0695259671718
"CAWA","can14","2020","crop",23,3.28585423416553,8.04418610894714,4.75833187478161,144.812628183734
"CAWA","can14","2020","crop",24,0.0688817956956104,0.114018212336095,0.0451364166404845,65.5273518709398
"CAWA","can14","2020","crop",25,0.1804634212577,0.392143071240639,0.211679649982939,117.297814985267
"CAWA","can14","2020","crop",29,0.59055505858088,0.746139104959847,0.155584046378967,26.345392206586
"CAWA","can14","2020","crop",32,0.20585269691996,0.430872709914168,0.225020012994208,109.311180451379
"CAWA","can14","2020","crop",34,0.44235757347816,0.497433832627277,0.0550762591491171,12.4506196912296
"CAWA","can14","2020","crop",35,0.0241918224834155,0.036890752768185,0.0126989302847694,52.4926565308383
"CAWA","can14","2020","crop",36,0.24130867121276,0.274864498866065,0.0335558276533054,13.9057695211125
"CAWA","can14","2020","crop",39,2.23919478523285,4.658396150636,2.41920136540315,108.038897792966
"CAWA","can14","2020","crop",40,0.11295676126646,0.126028906456272,0.0130721451898124,11.5726982991092
"CAWA","can14","2020","crop",42,0.279813774347725,0.487943953248124,0.208130178900398,74.3816773800973
"CAWA","can14","2020","crop",43,0.00305818782592538,0.00150270224723282,-0.00155548557869256,-50.8629838071468
"CAWA","can14","2020","crop",44,0.0946912973760117,0.0946713982651047,-1.98991109069957e-05,-0.0210147198934004
"CAWA","can14","2020","crop",45,0.736190976924264,1.10494205436213,0.368751077437864,50.0890514820584
"CAWA","can14","2020","crop",47,0.238522024445631,0.213434285445825,-0.0250877389998067,-10.5179968424782
"CAWA","can14","2020","crop",48,0.253180112895676,0.20686336181639,-0.0463167510792856,-18.2939925847852
"CAWA","can14","2020","crop",49,0.786013962250905,0.670097250030145,-0.11591671222076,-14.7474113422629
"CAWA","can14","2020","crop",50,0.184965310846832,0.193164830259297,0.0081995194124657,4.43300388322849
"CAWA","can14","2020","crop",53,0.173089835151087,0.10049810502801,-0.0725917301230772,-41.9387597542705
"CAWA","can14","2020","crop",54,0.541340600116845,0.857807448504439,0.316466848387594,58.4598399453664
"CAWA","can14","2020","crop",55,0.370620831678015,0.709586770256257,0.338965938578242,91.458954706768
"CAWA","can14","2020","crop",56,0.172361383854177,0.170823097784115,-0.00153828607006151,-0.892477210187029
"CAWA","can14","2020","crop",58,0.384938284583621,0.300482388944548,-0.0844558956390734,-21.9401132652803
"CAWA","can14","2020","crop",60,0.220643679822928,0.475377083332031,0.254733403509103,115.450124704924
"CAWA","can14","2020","crop",61,0.211583827853353,0.143954637719841,-0.0676291901335118,-31.9633077913616
"CAWA","can14","2020","crop",62,0.159813328564355,0.0926463900314918,-0.0671669385328637,-42.0283709351665
"CAWA","can14","2020","crop",63,0.364726946856917,0.520959624309022,0.156232677452105,42.8355181317039
"CAWA","can14","2020","crop",67,0.155580078091929,0.163644889270032,0.00806481117810232,5.18370428721406
"CAWA","can14","2020","crop",68,1.88664089355108,2.58453817708632,0.69789728353524,36.9915274242593
"CAWA","can14","2020","crop",69,0.292237870133763,0.271699754831072,-0.0205381153026907,-7.02787605634069
"CAWA","can14","2020","crop",70,0.203131111340894,0.20192086327596,-0.00121024806493436,-0.595796506475724
"CAWA","can14","2020","crop",72,1.88806604467892,2.03756531926319,0.149499274584273,7.91811679499257
"CAWA","can14","2020","crop",73,2.37294620599379e-17,2.7773833823351e-16,2.54008876173583e-16,NA
"CAWA","can14","2020","crop",74,0.142171308019909,0.194912502399063,0.052741194379154,37.0969326467535
"CAWA","can14","2020","crop",76,0.750398368902588,0.758675507112677,0.00827713821008912,1.10303254286039
"CAWA","can14","2020","crop",79,0.210096161611941,0.0800252937122723,-0.130070867899669,-61.9101590917766
"CAWA","can14","2020","crop",81,4.47813282364664,5.8839615559582,1.40582873231156,31.3931896992453
"CAWA","can14","2020","crop",82,0.746213767513007,1.13135239336562,0.385138625852611,51.6123720333125
"CAWA","can14","2020","crop",89,0.246314933136944,0.334013009686908,0.0876980765499634,35.6040437471997
"CAWA","can14","2020","crop",90,0.020848548510894,0.0428424134419849,0.021993864931091,105.493506752274
"CAWA","can14","2020","crop",91,0.434843875914802,0.679672947148158,0.244829071233356,56.3027525035963
"CAWA","can14","2020","crop",94,1.08619403057375,1.60492767519737,0.518733644623622,47.7569964502213
"CAWA","can14","2020","crop",96,0.354614821422885,0.436827122924435,0.0822123015015502,23.1835491736287
"CAWA","can14","2020","crop",97,3.03096370714684,3.79429634568214,0.763332638535302,25.1844862653884
"CAWA","can14","2020","crop",99,1.50385378708429,0.854159937816183,-0.64969384926811,-43.2019292598752
"CAWA","can14","2020","crop",103,0.897173344896649,1.10096511416789,0.203791769271244,22.7148711484201
"CAWA","can14","2020","crop",104,0.515913700753707,0.0400543940574645,-0.475859306696243,-92.2362220660261
"CAWA","can14","2020","crop",106,0.463463738532748,0.619887408834584,0.156423670301836,33.7510051589037
"CAWA","can14","2020","crop",110,6.45406946326482e-20,4.24454086306173e-19,3.59913391673525e-19,NA
"CAWA","can14","2020","crop",111,0.364084907629112,0.410509213465714,0.0464243058366022,12.7509558522799
"CAWA","can14","2020","crop",113,0.227263431315428,0.243133948522995,0.015870517207567,6.98331320428746
"CAWA","can14","2020","crop",116,0.416556660046522,0.412939148553253,-0.00361751149326928,-0.868432038240672
"CAWA","can14","2020","crop",117,7.41383136672091,7.23156358899495,-0.182267777725957,-2.4584829180782
"CAWA","can14","2020","crop",118,8.60542595101976e-20,8.05881042857248e-19,7.1982678334705e-19,NA
"CAWA","can14","2020","crop",119,2.07219499877224,0.90166358048613,-1.17053141828611,-56.4875129502601
"CAWA","can14","2020","crop",123,0.231944753850581,0.228110856930295,-0.00383389692028602,-1.65293538941425
"CAWA","can14","2020","crop",124,0.77165315024849,1.29819809676952,0.526544946521031,68.2359615005099
"CAWA","can14","2020","crop",126,1.07567824387747e-19,9.17372955653179e-19,8.09805131265432e-19,NA
"CAWA","can14","2020","crop",130,43.9235326787589,43.0921148945958,-0.8314177841633,-1.89287548941929
"CAWA","can14","2020","crop",134,0.968325911919935,0.344176809489984,-0.624149102429951,-64.4565114644539
"CAWA","can14","2020","crop",135,1.61659760025328,2.97053852254309,1.35394092228981,83.7525010601078
"CAWA","can14","2020","crop",137,1.76205898363794,1.36991692616889,-0.392142057469051,-22.2547633825194
"CAWA","can14","2020","crop",139,0.164316156969761,0.14783869103532,-0.0164774659344411,-10.0279036695542
"CAWA","can14","2020","crop",141,0.655319048801098,0.340127152821955,-0.315191895979144,-48.097471995631
"CAWA","can14","2020","crop",142,4.66648443242928,9.81495225517108,5.1484678227418,110.328618841263
"CAWA","can14","2020","crop",146,3.32163897238526,5.20953302610678,1.88789405372152,56.836220595215
"CAWA","can14","2020","crop",148,7.88830712176812e-20,6.18753158727969e-19,5.39870087510288e-19,NA
"CAWA","can14","2020","crop",150,0.00169130999079235,0.00169130999079235,0,0
"CAWA","can14","2020","crop",151,0.00609556943243167,0.00831906981256014,0.00222350038012847,36.477320204053
"CAWA","can14","2020","crop",152,6.45406946326482e-20,6.04410782142936e-19,5.39870087510288e-19,NA
"CAWA","can14","2020","crop",157,0.293482160357453,0.273213409272872,-0.0202687510845811,-6.90629749348117
"CAWA","can14","2020","crop",158,1.07567824387747e-19,1.00735130357156e-18,8.99783479183813e-19,NA
"CAWA","can14","2020","crop",161,0.304377506413146,0.436478070671074,0.132100564257928,43.4002386755286
"CAWA","can14","2020","crop",171,0.579289812872332,1.01882044115846,0.439530628286129,75.8740475871264
"CAWA","can14","2020","crop",173,0.295513620275509,0.326889952350229,0.0313763320747196,10.6175586917
"CAWA","can14","2020","crop",174,13.4463245717675,24.2936822149727,10.8473576432052,80.6715439993236
"CAWA","can14","2020","crop",176,0.127026241755774,0.302294200646968,0.175267958891193,137.977756775777
"CAWA","can14","2020","crop",179,0.247943732152096,0.339823330279544,0.0918795981274481,37.0566327004735
"CAWA","can14","2020","crop",180,1.79279707312912e-19,1.79888996984378e-18,1.61961026253086e-18,NA
"CAWA","can14","2020","crop",182,0.121696402462452,0.064866960146201,-0.0568294423162513,-46.6977175712201
"CAWA","can14","2020","crop",185,0.120254847590434,0.137278912323605,0.0170240647331705,14.156655697699
"CAWA","can14","2020","crop",187,0.00921999864790422,0.0113308974318794,0.00211089878397513,22.8947840947347
"CAWA","can14","2020","crop",188,0.314895623934698,0.414494486628625,0.099598862693927,31.6291669758426
"CAWA","can14","2020","crop",189,0.158059813513702,0.241070580402439,0.083010766888737,52.5185782795705
"CAWA","can14","2020","crop",190,0.356656118255016,0.3033037190033,-0.0533523992517162,-14.959059026591
"CAWA","can14","2020","crop",193,0.614144606358786,0.633826800053384,0.0196821936945987,3.20481422303663
"CAWA","can14","2020","crop",194,1.35470905167047,1.57422643248246,0.21951738081199,16.2040240700619
"CAWA","can14","2020","crop",199,0.250671245470537,0.452230079817467,0.20155883434693,80.4076406803591
"CAWA","can14","2020","crop",200,0.725503800989464,0.806802795093658,0.0812989941041941,11.2058674252728
"CAWA","can14","2020","crop",202,0.886622920627082,0.863240140941083,-0.0233827796859985,-2.63728572113392
"CAWA","can14","2020","crop",203,0.470462894475527,0.775603114212258,0.30514021973673,64.8595719917298
"CAWA","can14","2020","crop",204,1.58013036879886,1.76727232675285,0.187141957953996,11.8434504930282
"CAWA","can14","2020","crop",205,0.16506438086247,0.129774418504312,-0.0352899623581587,-21.3795139652581
"CAWA","can14","2020","crop",207,0.562902467658002,0.663974976487889,0.101072508829887,17.9555988181055
"CAWA","can14","2020","crop",208,0.425731055038525,0.530716551276932,0.104985496238407,24.6600512215175
"CAWA","can14","2020","crop",213,3.14082908941173,5.84919093958337,2.70836185017164,86.2307936239507
"CAWA","can14","2020","crop",214,0.111812428453914,0.685152393205996,0.573339964752082,512.769441358121
"CAWA","can14","2020","crop",217,0.572340067028089,0.756046210925825,0.183706143897736,32.0973761022257
"CAWA","can14","2020","crop",218,0.963158197712607,2.4222684519813,1.45911025426869,151.492273827281
"CAWA","can14","2020","crop",219,0.755983437604732,0.426153434764139,-0.329830002840593,-43.6292630808991
"CAWA","can14","2020","crop",220,0.273295670713927,0.456674854186117,0.18337918347219,67.0991907750133
"CAWA","can14","2020","crop",222,2.83629734274391,3.52923952937358,0.692942186629677,24.4312250407183
"CAWA","can14","2020","crop",223,0.306966265275465,0.451162452341579,0.144196187066115,46.974603849943
"CAWA","can14","2020","crop",224,43.3159380843843,103.051889106083,59.7359510216986,137.907554732686
"CAWA","can14","2020","crop",225,0.336879506112713,0.32660177854359,-0.0102777275691237,-3.05086162340934
"CAWA","can14","2020","crop",228,3.43477868980831,3.69656484432555,0.261786154517238,7.62163091596005
"CAWA","can14","2020","crop",231,0.433126768917242,0.510432249559671,0.0773054806424289,17.8482343254106
"CAWA","can14","2020","crop",233,0.13778741962609,0.0685376363842701,-0.0692497832418197,-50.2584223071606
"CAWA","can14","2020","crop",235,0.163189531095801,0.117415780552981,-0.0457737505428201,-28.049440571006
"CAWA","can14","2020","crop",236,0.860977606433207,1.31527603949475,0.45429843306154,52.7654180163376
"CAWA","can14","2020","crop",237,9.16105640233527,4.36755003360885,-4.79350636872642,-52.3248210490714
"CAWA","can14","2020","crop",238,0.364083634415072,0.524007871882974,0.159924237467903,43.9251376197761
"CAWA","can14","2020","crop",240,0.291173952455407,0.318333391323666,0.0271594388682589,9.32756472178546
"CAWA","can14","2020","crop",241,0.149497754193298,0.254680197870466,0.105182443677168,70.3572065311216
"CAWA","can14","2020","crop",242,0.235602553295194,0.348601380588424,0.112998827293229,47.9616310234334
"CAWA","can14","2020","crop",243,0.125169589966799,0.334541160280366,0.209371570313568,167.270317310382
"CAWA","can14","2020","crop",245,0.356994136600268,0.0806965615880887,-0.276297575012179,-77.3955498662865
"CAWA","can14","2020","crop",250,0.44324482369297,0.492550278168955,0.0493054544759852,11.1237518952141
"CAWA","can14","2020","crop",251,0.70519104276678,0.832852785671374,0.127661742904595,18.1031430013235
"CAWA","can14","2020","crop",252,0.232150490531471,0.271683465993417,0.039532975461946,17.0290294762857
"CAWA","can14","2020","crop",253,0.550996205380622,0.651906637318488,0.100910431937866,18.3141791091208
"CAWA","can14","2020","crop",254,0.0829681058970664,0.084464191863535,0.00149608596646861,1.8032061239589
"CAWA","can14","2020","crop",259,0.429915631678927,1.20612140945201,0.776205777773086,180.548396145032
"CAWA","can14","2020","crop",260,0.0922253053725441,0.285331707955245,0.193106402582701,209.385484604954
"CAWA","can14","2020","crop",261,0.489086813465011,0.529266218876611,0.0401794054115994,8.21518885920111
"CAWA","can14","2020","crop",262,0.128518024320624,0.318369516407932,0.189851492087307,147.72363105557
"CAWA","can14","2020","crop",263,0.123682385235839,0.224482332543642,0.100799947307803,81.499032473862
"CAWA","can14","2020","crop",264,0.241327107576259,0.282902503977085,0.0415753964008265,17.2278186310623
"CAWA","can14","2020","crop",265,0.491425292119601,0.779354839257105,0.287929547137505,58.5907058010009
"CAWA","can14","2020","crop",266,1.45021791994503,2.73986498323062,1.28964706328559,88.9278118515094
"CAWA","can14","2020","crop",267,0.159208948850831,0.224926174964402,0.0657172261135707,41.2773443879361
"CAWA","can14","2020","crop",268,0.530375558570159,0.493024429605634,-0.0373511289645251,-7.04239257653955
"CAWA","can14","2020","crop",269,0.0826021492943938,0.168323010798556,0.085720861504162,103.775582398774
"CAWA","can14","2020","crop",270,0.0192455264110742,0.110290924880374,0.0910453984693,473.073048378198
"CAWA","can14","2020","crop",273,0.221024917320849,0.447114020298908,0.226089102978059,102.291228391167
"CAWA","can14","2020","crop",274,0.345923774721736,0.328585928470782,-0.0173378462509537,-5.01204239717273
"CAWA","can14","2020","crop",275,0.141959134966404,0.256816770525281,0.114857635558877,80.9089429757796
"CAWA","can14","2020","crop",276,0.303353659939121,0.305861361744554,0.0025077018054327,0.826659485808071
"CAWA","can14","2020","crop",277,0.162573884640214,0.156248495913484,-0.00632538872673027,-3.89077787046101
"CAWA","can14","2020","crop",278,0.43499650886181,0.477474461635694,0.0424779527738835,9.76512498572211
"CAWA","can14","2020","crop",279,0.130918966860385,0.223301063056642,0.0923820961962568,70.5643333519239
"CAWA","can14","2020","crop",280,0.0536320149849042,0.078970798593737,0.0253387836088328,47.2456304615161
"CAWA","can14","2020","crop",281,0.294520300902198,0.300038681565609,0.00551838066341115,1.87368430852026
"CAWA","can14","2020","crop",282,0.182204936545414,0.238420556814839,0.0562156202694254,30.8529622387119
"CAWA","can14","2020","crop",283,0.330328081252665,0.624678227003993,0.294350145751328,89.1084235512458
"CAWA","can14","2020","crop",284,0.25513229143877,0.480534535390507,0.225402243951737,88.3472032021597
"CAWA","can14","2020","crop",285,0.259173626091792,0.0566010031832325,-0.20257262290856,-78.1609710691836
"CAWA","can14","2020","crop",286,0.166327901994708,0.253851911499257,0.0875240095045489,52.6213632558976
"CAWA","can14","2020","crop",287,0.744244405803969,1.34195939585308,0.597714990049111,80.3116537239444
"CAWA","can14","2020","crop",288,0.386297946594349,0.8156618482564,0.429363901662051,111.148377941787
"CAWA","can14","2020","crop",289,0.519920377665529,0.818013305884783,0.298092928219255,57.3343421463318
"CAWA","can14","2020","crop",290,0.0394523638763487,0.0964262901946736,0.056973926318325,144.411945750304
"CAWA","can14","2020","crop",291,0.151536927735581,0.226224115928662,0.074687188193081,49.2864606067529
"CAWA","can14","2020","crop",293,0.320078740744099,0.264494500649955,-0.0555842400941444,-17.3658019164052
"CAWA","can14","2020","crop",294,0.230158817843492,0.315331935498323,0.0851731176548316,37.0062370205383
"CAWA","can14","2020","crop",295,2.98490854787213,5.78540967600096,2.80050112812883,93.8220077169616
"CAWA","can14","2020","crop",296,0.316041650585784,0.587054495167775,0.271012844581991,85.7522557801061
"CAWA","can14","2020","crop",297,0.501546924879408,1.28778479342273,0.786237868543321,156.762573857344
"CAWA","can14","2020","crop",298,0.914497756951297,1.55985985043083,0.645362093479535,70.5701122363611
"CAWA","can14","2020","crop",299,0.832006760867015,0.494691019169012,-0.337315741698002,-40.5424279661494
"CAWA","can14","2020","crop",301,0.250890922317276,0.600959594092685,0.35006867177541,139.530226339841
"CAWA","can14","2020","crop",302,0.0479800081106988,0.0786089377345716,0.0306289296238728,63.8368579538505
"CAWA","can14","2020","crop",303,0.133241880838633,0.197903856630487,0.0646619757918546,48.5297681065955
"CAWA","can14","2020","crop",304,0.258665973524073,0.161967126205622,-0.0966988473184509,-37.3836751703454
"CAWA","can14","2020","crop",305,2.75319711742192,8.56783030163093,5.814633184209,211.195673110896
"CAWA","can14","2020","crop",306,0.00568070232997547,0.0167322814699205,0.011051579139945,194.545999737196
"CAWA","can14","2020","crop",307,0.189952529235913,0.29701848938601,0.107065960150097,56.3645878161094
"CAWA","can14","2020","crop",308,0.272454136630847,0.302629707576489,0.030175570945642,11.0754680838366
"CAWA","can14","2020","crop",309,0.422758727650431,0.525370205512351,0.10261147786192,24.2718768769611
"CAWA","can14","2020","crop",310,0.263310176987704,0.432809520232302,0.169499343244597,64.3724998341071
"CAWA","can14","2020","crop",311,0.324355583221185,0.515011783469891,0.190656200248706,58.7799964333258
"CAWA","can14","2020","crop",313,0.714541215519546,1.03901127117719,0.324470055657647,45.4095647123342
"CAWA","can14","2020","crop",314,0.136929877312775,0.333959808101589,0.197029930788814,143.891117596461
"CAWA","can14","2020","crop",315,0.323152110996066,0.444239520084033,0.121087409087968,37.4707157922424
"CAWA","can14","2020","crop",317,0.771402831010916,0.858654472719133,0.0872516417082163,11.3107754082097
"CAWA","can14","2020","crop",318,0.192065710903338,0.25187957260918,0.0598138617058421,31.1423946650972
"CAWA","can14","2020","crop",319,0.794453495836673,1.32282853821849,0.528375042381819,66.5079888439995
"CAWA","can14","2020","crop",320,0.2004752270714,0.296034985852795,0.0955597587813942,47.6666170565603
"CAWA","can14","2020","crop",321,0.499137187904724,0.578493943104143,0.079356755199419,15.8987863702447
"CAWA","can14","2020","crop",323,0.228590271919124,0.18556327517897,-0.0430269967401535,-18.822759332198
"CAWA","can14","2020","crop",324,0.161223508333606,0.218332039974139,0.0571085316405336,35.4219631062512
"CAWA","can14","2020","crop",325,0.206806051929943,0.248666975170452,0.0418609232405096,20.2416335739973
"CAWA","can14","2020","crop",326,0.236772327922731,0.344604577243431,0.1078322493207,45.5425894853265
"CAWA","can14","2020","crop",327,0.144835518316197,0.167648744189269,0.0228132258730713,15.7511266147208
"CAWA","can14","2020","crop",331,0.197395767037184,0.377525694640181,0.180129927602997,91.2531865838164
"CAWA","can14","2020","crop",332,1.08623106949315,1.47221300967931,0.385981940186157,35.5340544959978
"CAWA","can14","2020","crop",334,7.589595548024,15.7186618181541,8.12906627013015,107.108029916648
"CAWA","can14","2020","crop",336,1.14739012680264e-19,6.54609100190551e-19,5.39870087510288e-19,NA
"CAWA","can14","2020","crop",337,0.279593744501376,0.737228293992173,0.457634549490797,163.678393558818
"CAWA","can14","2020","crop",339,0.183118996097196,0.0560165382619763,-0.127102457835219,-69.4097611630396
"CAWA","can14","2020","crop",342,0.175420831759996,0.285907904420603,0.110487072660607,62.9840091123106
"CAWA","can14","2020","crop",345,0.335273456522228,0.365049861538314,0.0297764050160865,8.88122946712079
"CAWA","can14","2020","crop",346,0.209159275092894,0.114129569122326,-0.0950297059705679,-45.4341343114535
"CAWA","can14","2020","crop",347,1.32148718675658,1.78845968828124,0.466972501524661,35.3368921170386
"CAWA","can14","2020","crop",349,1.48188301179826,2.39168964038463,0.909806628586371,61.3953072774838
"CAWA","can14","2020","crop",350,0.342609770188206,0.406838311092794,0.064228540904588,18.7468503508541
"CAWA","can14","2020","crop",351,0.14126576692428,0.362460415051086,0.221194648126806,156.580502794685
"CAWA","can14","2020","crop",352,0.100374537095249,0.161968403678243,0.0615938665829937,61.3640355068786
"CAWA","can14","2020","crop",353,5.01821219628064,2.65878314816023,-2.35942904812041,-47.0173232185987
"CAWA","can14","2020","crop",355,8.60542595101976e-20,6.25924347020485e-19,5.39870087510288e-19,NA
"CAWA","can14","2020","crop",356,0.610765613647096,0.984995553957445,0.374229940310349,61.2722674539078
"CAWA","can14","2020","crop",357,0.100997331350074,0.119441828565342,0.0184444972152676,18.2623609641088
"CAWA","can14","2020","crop",359,0.290220365342293,0.360795511440771,0.0705751460984781,24.3177786697498
"CAWA","can14","2020","crop",360,2.33756146609591,4.99945411212737,2.66189264603146,113.87476584636
"CAWA","can14","2020","crop",361,0.0800109037423283,0.0952222138320254,0.0152113100896971,19.0115463995813
"CAWA","can14","2020","crop",362,0.129308757246921,0.212003669151459,0.0826949119045374,63.9515170241931
"CAWA","can14","2020","crop",363,0.34048391016738,0.34415277201181,0.00366886184443016,1.07754338307104
"CAWA","can14","2020","crop",364,0.140361936203171,0.198481156226934,0.0581192200237629,41.4066816089204
"CAWA","can14","2020","crop",365,0.571475266763753,1.06399249757917,0.492517230815416,86.1834727519401
"CAWA","can14","2020","crop",366,0.0324505516437708,0.212879637019477,0.180429085375706,556.012382644169
"CAWA","can14","2020","crop",367,0.0883362706947288,0.272511645820397,0.184175375125668,208.49349160566
"CAWA","can14","2020","crop",368,0.406637647327781,0.423726890898373,0.0170892435705915,4.20257290068773
"CAWA","can14","2020","crop",369,0.204231312894072,0.290239627893993,0.0860083149999205,42.1131871411559
"CAWA","can14","2020","crop",370,1.43423765850329e-19,1.04320724503414e-18,8.99783479183813e-19,NA
"CAWA","can14","2020","crop",371,1.01744289739553,1.6273059412746,0.609863043879068,59.9407637952172
"CAWA","can14","2020","crop",372,0.309711343542778,0.41297298723978,0.103261643697002,33.3412533476479
"CAWA","can14","2020","crop",373,0.0192217406464468,0.0085864227878323,-0.0106353178586145,-55.3296293724599
"CAWA","can14","2020","crop",374,0.264326598994931,0.426928356234385,0.162601757239454,61.5154728497724
"CAWA","can14","2020","crop",375,0.243051839370162,0.279198161523841,0.0361463221536789,14.8718570685774
"CAWA","can14","2020","crop",376,1.79366705722926,2.46309650394015,0.669429446710888,37.3218342842834
"CAWA","can14","2020","crop",377,1.86403896957064,2.24043116304115,0.376392193470503,20.1922920933997
"CAWA","can14","2020","crop",378,0.181959886534526,0.389554527205308,0.207594640670782,114.088134821623
"CAWA","can14","2020","crop",379,1.07674153464891,1.46060289290856,0.38386135825965,35.6502787258797
"CAWA","can14","2020","crop",380,0.569152150819402,0.62608933115212,0.0569371803327179,10.003859293292
"CAWA","can14","2020","crop",382,0.510832997187787,0.538823903452889,0.0279909062651025,5.47946323342397
"CAWA","can14","2020","crop",383,0.261324365016558,0.464569758991453,0.203245393974896,77.7751412356893
"CAWA","can14","2020","crop",384,0.254168292135549,0.325588536472948,0.0714202443373986,28.0995885589497
"CAWA","can14","2020","crop",385,0.632617198792209,0.68503721715342,0.0524200183612107,8.28621454827513
"CAWA","can14","2020","crop",386,0.188518692172274,0.294731659979482,0.106212967807208,56.340815111399
"CAWA","can14","2020","crop",387,5.33190682720835,17.1864971651696,11.8545903379613,222.333036231393
"CAWA","can14","2020","crop",388,0.113261586033561,0.177912443707095,0.0646508576735346,57.0810103739654
"CAWA","can14","2020","crop",391,0.327883066522938,0.33516033804186,0.00727727151892266,2.21947159275258
"CAWA","can14","2020","crop",392,2.03730565593589,2.55316457302307,0.515858917087178,25.320644233435
"CAWA","can14","2020","crop",393,0.609728148333286,0.891368226413873,0.281640078080586,46.1910900538969
"CAWA","can14","2020","crop",394,0.238452255321325,0.236426631722408,-0.00202562359891756,-0.849488127586774
"CAWA","can14","2020","crop",395,0.289421581791572,0.289572624672063,0.000151042880490837,0.0521878429230655
"CAWA","can14","2020","crop",396,0.421482574603125,0.813517349083341,0.392034774480216,93.0132817114355
"CAWA","can14","2020","crop",397,0.093162398047691,0.184832877456955,0.0916704794092642,98.3985828298847
"CAWA","can14","2020","crop",398,0.224637564514572,0.383068718107729,0.158431153593158,70.5274533827491
"CAWA","can14","2020","crop",400,0.802155536086756,1.70416068788382,0.902005151797067,112.447662731023
"CAWA","can14","2020","crop",401,1.22251718198926,1.61041401177529,0.387896829786028,31.7293560778301
"CAWA","can14","2020","crop",403,1.22302432465532,0.0268278619073034,-1.19619646274802,-97.8064326795083
"CAWA","can14","2020","crop",405,0.0949971312460353,0.165995265582725,0.0709981343366893,74.7371351170696
"CAWA","can14","2020","crop",406,0.449664941682737,0.610477549418151,0.160812607735413,35.7627630772415
"CAWA","can14","2020","crop",408,0.313060699231239,0.335327331689791,0.0222666324585525,7.11256076321019
"CAWA","can14","2020","crop",410,0.010025473839157,4.54841307813596e-07,-0.0100250189978492,-99.9954631440358
"CAWA","can14","2020","crop",411,0.275514859517727,0.577191918754594,0.301677059236867,109.495749073184
"CAWA","can14","2020","crop",412,0.276630614527262,0.360175161908579,0.083544547381317,30.2007597836152
"CAWA","can14","2020","crop",414,0.216167741462945,0.327599238416238,0.111431496953293,51.5486243225586
"CAWA","can14","2020","crop",415,0.374293035574699,0.771277436213968,0.396984400639269,106.062459866433
"CAWA","can14","2020","crop",416,1.03213845225146,1.46760540787156,0.435466955620098,42.1907501527715
"CAWA","can14","2020","crop",417,6.74593401810329,15.9351011631793,9.189167145076,136.217862795813
"CAWA","can14","2020","crop",419,0.376690289610084,0.355987240280073,-0.0207030493300111,-5.49604008944352
"CAWA","can14","2020","crop",420,0.249777242461617,0.344010478910037,0.0942332364484201,37.7269103941288
"CAWA","can14","2020","crop",421,0.534229387663316,0.599869425268636,0.0656400376053205,12.2868638680522
"CAWA","can14","2020","crop",423,1.53836317521636,2.16621787643746,0.6278547012211,40.8131650143534
"CAWA","can14","2020","crop",424,0.664792388007218,0.720496878652556,0.0557044906453386,8.37923111790109
"CAWA","can14","2020","crop",425,2.38142574079245,4.05235937507495,1.6709336342825,70.165263004442
"CAWA","can14","2020","crop",427,0.270272003285971,0.339895254485059,0.069623251199088,25.7604377636631
"CAWA","can14","2020","crop",428,0.466998964130605,0.240601151719013,-0.226397812411592,-48.4792964868924
"CAWA","can14","2020","crop",429,2.03033922042012,2.70028302227921,0.669943801859088,32.9966438672481
"CAWA","can14","2020","crop",431,0.220721249242247,0.39031399775345,0.169592748511203,76.8357143199521
"CAWA","can14","2020","crop",435,0.145131234759813,0.278648929671525,0.133517694911711,91.9979046086654
"CAWA","can14","2020","crop",436,1.87999441282556,3.60066721835706,1.7206728055315,91.525421234917
"CAWA","can14","2020","crop",437,0.440283211145993,0.203637490781707,-0.236645720364286,-53.7485223995554
"CAWA","can14","2020","crop",438,0.356719139013533,0.37667975076006,0.0199606117465274,5.59560998092961
"CAWA","can14","2020","crop",439,0.791092468909569,0.477199599087454,-0.313892869822115,-39.6784045049476
"CAWA","can14","2020","crop",441,0.245891183076595,0.343683090036977,0.097791906960382,39.7703999536738
"CAWA","can14","2020","crop",442,0.678699724401209,1.71225837851593,1.03355865411473,152.285114750355
"CAWA","can14","2020","crop",443,0.17859124166799,0.53920571418006,0.36061447251207,201.921700719496
"CAWA","can14","2020","crop",445,0.793052484759665,0.983251653343777,0.190199168584112,23.9831754189323
"CAWA","can14","2020","crop",446,0.0839002604761054,0.0961953056407945,0.0122950451646891,14.6543587527845
"CAWA","can14","2020","crop",447,0.0700785742701617,0.0905708296030631,0.0204922553329014,29.2418268298398
"CAWA","can14","2020","crop",448,0.166770692951906,0.249551327738609,0.0827806347867031,49.6373993064692
"CAWA","can14","2020","crop",449,1.27264690473835,2.26248935777284,0.989842453034499,77.7782470022987
"CAWA","can14","2020","crop",450,0.114293661329967,0.0582361220235123,-0.0560575393064542,-49.0469363341294
"CAWA","can14","2020","crop",451,0.300364544931747,0.319521894861351,0.0191573499296044,6.37803304446523
"CAWA","can14","2020","crop",452,0.556677690487501,0.700781094934646,0.144103404447145,25.8863264883041
"CAWA","can14","2020","crop",453,0.217242412840989,0.0449970791028638,-0.172245333738125,-79.2871573674706
"CAWA","can14","2020","crop",455,0.151063908517688,0.109916257898993,-0.0411476506186952,-27.2385714248068
"CAWA","can14","2020","crop",456,0.105340584150686,0.0741589047729813,-0.0311816793777047,-29.6008225406273
"CAWA","can14","2020","crop",457,0.205576620649176,0.271986615498138,0.0664099948489616,32.304254559322
"CAWA","can14","2020","crop",459,0.753234435178311,0.335434563729831,-0.41779987144848,-55.4674417334061
"CAWA","can14","2020","crop",460,0.440743675297456,0.529029190010801,0.0882855147133454,20.0310338324792
"CAWA","can14","2020","crop",462,0.099697798754965,0.0963984131971164,-0.00329938555784859,-3.3093865652518
"CAWA","can14","2020","crop",463,0.564650607133057,0.648883876550309,0.0842332694172523,14.9177683249003
"CAWA","can14","2020","crop",464,0.125341072334866,0.328011909459278,0.202670837124413,161.695470885194
"CAWA","can14","2020","crop",465,0.412253456474534,0.476404511313203,0.0641510548386688,15.5610714309758
"CAWA","can14","2020","crop",466,0.24541587963669,0.324449118774773,0.0790332391380826,32.2038000373416
"CAWA","can14","2020","crop",467,0.208718009430624,0.242754837700934,0.03403682827031,16.3075665406935
"CAWA","can14","2020","crop",468,0.101121014779334,0.188658011094341,0.0875369963150072,86.5665722461646
"CAWA","can14","2020","crop",471,76.5294753450052,18.5417036382724,-57.9877717067334,-75.7718139910364
"CAWA","can14","2020","crop",472,0.537808750457137,0.280257720556693,-0.257551029900444,-47.888962327505
"CAWA","can14","2020","crop",473,2.23756334643591,3.65851700965327,1.42095366321736,63.5045110781205
"CAWA","can14","2020","crop",474,0.300250265620695,0.401254686267278,0.101004420646583,33.6400770329981
"CAWA","can14","2020","crop",475,0.187874212994866,0.245558471227455,0.0576842582325891,30.7036592798211
"CAWA","can14","2020","crop",478,0.325268824835121,0.376346800797394,0.0510779759622726,15.7033112497529
"CAWA","can14","2020","crop",479,0.0477759948428492,0.0687307448988749,0.0209547500560257,43.8604159368166
"CAWA","can14","2020","crop",481,0.317551096270224,0.819189536914853,0.501638440644629,157.97093650017
"CAWA","can14","2020","crop",485,0.92419688905727,1.17277614990797,0.2485792608507,26.8967861495686
"CAWA","can14","2020","crop",486,0.37715344927391,0.366944601701382,-0.0102088475725282,-2.70681538036628
"CAWA","can14","2020","crop",488,0.139573195107363,0.18409931165549,0.0445261165481272,31.9016244586768
"CAWA","can14","2020","crop",490,7.89882069980737,10.9843816943476,3.08556099454027,39.0635654587719
"CAWA","can14","2020","crop",491,0.340747814483115,0.425011164698963,0.0842633502158475,24.7289481059967
"CAWA","can14","2020","crop",492,0.440560888662302,0.544861373702709,0.104300485040408,23.6744767237738
"CAWA","can14","2020","crop",495,0.121450476010298,0.140399902978487,0.0189494269681884,15.6025958816181
"CAWA","can14","2020","crop",496,0.16743737067648,0.31444842624306,0.14701105556658,87.8006235839866
"CAWA","can14","2020","crop",497,0.216669341736471,0.312954944721103,0.0962856029846317,44.4389604052711
"CAWA","can14","2020","crop",499,0.52026726657763,0.571620633362089,0.0513533667844588,9.87057423817307
"CAWA","can14","2020","crop",500,0.97914454014168,1.77948928188872,0.800344741747036,81.7391824123563
"CAWA","can14","2020","crop",501,0.757063665248688,0.252694891910121,-0.504368773338567,-66.6217118177091
"CAWA","can14","2020","crop",504,0.442858028279079,0.450449756321166,0.00759172804208708,1.71425774341003
"CAWA","can14","2020","crop",505,0.140371214041977,0.247041651852392,0.106670437810415,75.9916757423753
"CAWA","can14","2020","crop",506,0.0174956957049153,0.0174956957049153,0,0
"CAWA","can14","2020","crop",507,0.347531720485662,0.360518902949252,0.0129871824635903,3.7369775758717
"CAWA","can14","2020","crop",508,0.0254738231021395,0.0310674504655383,0.0055936273633988,21.9583348010649
"CAWA","can14","2020","crop",509,0.270780195463037,0.289690164142273,0.0189099686792357,6.98351245625605
"CAWA","can14","2020","crop",510,17.1754750495167,48.1347050087668,30.95922995925,180.252539565834
"CAWA","can14","2020","crop",511,0.212093037966357,0.261560429296614,0.0494673913302566,23.323439470042
"CAWA","can14","2020","crop",512,0.248884944723165,0.434195085177993,0.185310140454827,74.4561470606217
"CAWA","can14","2020","crop",514,0.206511966232738,0.21693894202311,0.0104269757903714,5.0490903653594
"CAWA","can14","2020","crop",516,0.318546001167615,0.357315781721111,0.0387697805534959,12.1708577132933
"CAWA","can14","2020","crop",517,0.429604963369898,0.436254364924148,0.00664940155425042,1.54779439746025
"CAWA","can14","2020","crop",518,0.278064802081181,0.424047959814182,0.145983157733001,52.4996895113614
"CAWA","can14","2020","crop",521,0.516756609351989,0.496194620640755,-0.020561988711234,-3.97904706763571
"CAWA","can14","2020","crop",524,0.485225365408322,1.13303907095627,0.647813705547945,133.507799000327
"CAWA","can14","2020","crop",526,0.23837436692391,0.25132977264989,0.0129554057259802,5.43489884972222
"CAWA","can14","2020","crop",527,0.311409258824878,0.360113472010497,0.0487042131856188,15.6399374152866
"CAWA","can14","2020","crop",529,0.417624840855488,0.437847100322346,0.0202222594668575,4.84220704530722
"CAWA","can14","2020","crop",530,0.913946075802799,1.34266413536103,0.428718059558232,46.9084633009285
"CAWA","can14","2020","crop",532,1.4424991673673,4.20145253078751,2.7589533634202,191.262042005581
"CAWA","can14","2020","crop",533,0.61718751583241,0.725272827320421,0.108085311488011,17.5125563488163
"CAWA","can14","2020","crop",534,1.26401706094694,2.24805400660419,0.984036945657244,77.8499733951414
"CAWA","can14","2020","crop",539,0.187376937293796,0.261054040160697,0.0736771028669003,39.3202621042838
"CAWA","can14","2020","crop",540,0.359364353117768,0.680760776879934,0.321396423762166,89.4346979531496
"CAWA","can14","2020","crop",541,0.115020616136399,0.182989980343848,0.0679693642074489,59.0932012804091
"CAWA","can14","2020","crop",546,0.267380204679409,0.362999652877279,0.0956194481978705,35.7616033365368
"CAWA","can14","2020","crop",550,1.17419691532323,1.3048722465031,0.130675331179869,11.1289111284965
"CAWA","can14","2020","crop",551,0.203019859231634,0.188944685789508,-0.0140751734421259,-6.93290473916986
"CAWA","can14","2020","crop",552,3.96275719301846,5.61710166929074,1.65434447627229,41.7473086462853
"CAWA","can14","2020","crop",553,0.296546803669941,0.301562784053448,0.0050159803835077,1.69146331082716
"CAWA","can14","2020","crop",554,0.311773702660126,0.0937979594100149,-0.217975743250111,-69.9147302643845
"CAWA","can14","2020","crop",555,0.295795732723103,0.389239148672465,0.0934434159493622,31.5905219757972
"CAWA","can14","2020","crop",556,0.15044949229116,0.196122709020128,0.0456732167289676,30.3578403844511
"CAWA","can14","2020","crop",558,0.349897484210946,0.619934129252191,0.270036645041245,77.1759321591595
"CAWA","can14","2020","crop",559,0.205330503698994,0.389389320913369,0.184058817214375,89.6402696621239
"CAWA","can14","2020","crop",560,0.420295979451151,0.617974402570547,0.197678423119396,47.0331463502309
"CAWA","can14","2020","crop",564,0.424586428313667,0.551208816570624,0.126622388256957,29.8225237108647
"CAWA","can14","2020","crop",570,0.25257534812102,0.272175528589045,0.0196001804680253,7.76013202152806
"CAWA","can14","2020","crop",575,0.403408509594213,0.526404821443725,0.122996311849511,30.489270534534
"CAWA","can14","2020","crop",577,0.632888739024465,0.758656942587496,0.125768203563032,19.8720874314956
"CAWA","can14","2020","crop",579,0.311597052638629,0.296175049367527,-0.0154220032711021,-4.94934183122316
"CAWA","can14","2020","crop",580,0.899124801404588,1.15891755933332,0.259792757928728,28.8939597175929
"CAWA","can14","2020","crop",581,0.41982410215996,0.434241981011686,0.0144178788517262,3.43426658392108
"CAWA","can14","2020","crop",582,0.264969573756541,0.473967088698918,0.208997514942377,78.8760430034912
"CAWA","can14","2020","crop",583,0.283376834184551,0.309697833772679,0.0263209995881284,9.28833849946487
"CAWA","can14","2020","crop",584,0.759397628352591,0.86558368185909,0.106186053506499,13.982931937364
"CAWA","can14","2020","crop",587,1.02029367397317,1.55298972461864,0.532696050645464,52.2100709074345
"CAWA","can14","2020","crop",588,0.278348413189643,0.324134152817978,0.0457857396283352,16.4490751370444
"CAWA","can14","2020","crop",589,0.145563989781357,0.144461705790158,-0.00110228399119983,-0.757250466173329
"CAWA","can14","2020","crop",590,0.310683313107444,0.304352912000824,-0.00633040110661942,-2.03757358040989
"CAWA","can14","2020","crop",591,0.15092286277037,0.245317199455361,0.094394336684991,62.5447562763321
"CAWA","can14","2020","crop",593,0.346202468560367,0.484781230896679,0.138578762336312,40.0282421187152
"CAWA","can14","2020","crop",594,0.119350810119696,0.216239453626133,0.0968886435064364,81.1797116494371
"CAWA","can14","2020","crop",595,5.01983180476153e-20,4.10111709721141e-19,3.59913391673525e-19,NA
"CAWA","can14","2020","crop",597,0.346735180135989,0.298114477020957,-0.0486207031150321,-14.0224314982873
"CAWA","can14","2020","crop",598,0.437826756465829,0.571945911662763,0.134119155196935,30.6329280283267
"CAWA","can14","2020","crop",599,0.509629278876879,0.670154710821402,0.160525431944524,31.4984712609703
"CAWA","can14","2020","crop",600,0.441177121747242,0.45579035023547,0.0146132284882271,3.31232690180142
"CAWA","can14","2020","crop",601,0.830388274885844,1.43612891572835,0.605740640842511,72.9466755688216
"CAWA","can14","2020","crop",602,0.526659057312353,0.774632046283927,0.247972988971574,47.0841591972291
"CAWA","can14","2020","crop",603,0.260694366979041,0.245913596293691,-0.0147807706853504,-5.66976987521129
"CAWA","can14","2020","crop",604,0.298649812751903,0.32986413190866,0.0312143191567569,10.4518127331583
"CAWA","can14","2020","crop",605,0.090687223445553,0.255302846299031,0.164615622853478,181.520192811185
"CAWA","can14","2020","crop",606,0.582953389598077,0.640424312951833,0.0574709233537565,9.85857949867663
"CAWA","can14","2020","crop",607,0.395255924927276,0.422662259361008,0.0274063344337313,6.93382001516456
"CAWA","can14","2020","crop",608,0.0846683524317043,0.212118823362892,0.127450470931188,150.529055155517
"CAWA","can14","2020","crop",609,9.33882040132735,15.3495072452099,6.01068684388258,64.3623775335508
"CAWA","can14","2020","crop",610,0.171251244619912,0.213661165950688,0.042409921330776,24.764737578932
"CAWA","can14","2020","crop",612,0.163441339816679,0.258119936211053,0.0946785963943745,57.9281817565673
"CAWA","can14","2020","crop",614,1.6709224029966,2.09071004318226,0.419787640185664,25.1231080170345
"CAWA","can14","2020","crop",616,0.23671578420217,0.279531403761376,0.0428156195592061,18.0873530269696
"CAWA","can14","2020","crop",617,0.261982277595586,0.372721611638598,0.110739334043012,42.2697806352982
"CAWA","can14","2020","crop",618,0.135991905927016,0.256932017078492,0.120940111151476,88.9318451175924
"CAWA","can14","2020","crop",619,0.243456368637099,0.22830079630482,-0.0151555723322794,-6.22516979823623
"CAWA","can14","2020","crop",620,0.473639377161536,0.642154411777379,0.168515034615843,35.5787636631341
"CAWA","can14","2020","crop",621,0.639687667377297,0.794690270387252,0.155002603009955,24.2309819173882
"CAWA","can14","2020","crop",622,0.0807170066938917,0.146042080670725,0.0653250739768328,80.9309916862618
"CAWA","can14","2020","crop",624,1.79279707312912e-19,1.88886831776216e-18,1.70958861044924e-18,NA
"CAWA","can14","2020","crop",627,0.701593335818361,1.11949775050521,0.417904414686844,59.5650490607051
"CAWA","can14","2020","crop",628,0.0577230304275972,0.0733720168202808,0.0156489863926836,27.1104726774737
"CAWA","can14","2020","crop",630,0.0648569533648539,0.0971039224303261,0.0322469690654722,49.72014162316
"CAWA","can14","2020","crop",632,6.45406946326482e-20,4.24454086306173e-19,3.59913391673525e-19,NA
"CAWA","can14","2020","crop",634,0.849772190211868,1.9240871505497,1.07431496033783,126.423878389098
"CAWA","can14","2020","crop",635,0.567096528761719,0.736596839100817,0.169500310339098,29.8891461580993
"CAWA","can14","2020","crop",636,0.110846039899498,0.168915450911513,0.0580694110120142,52.3874475485678
"CAWA","can14","2020","crop",637,0.174547536323061,0.253988460201336,0.0794409238782747,45.5124864846225
"CAWA","can14","2020","crop",640,6.952469003019,12.0985651064961,5.14609610347715,74.0182531017764
"CAWA","can14","2020","crop",641,2.44956188843371,3.73137676364949,1.28181487521579,52.328331905727
"CAWA","can14","2020","crop",642,1.45696613345248,1.74389277811762,0.286926644665146,19.6934326802253
"CAWA","can14","2020","crop",643,0.864554775069148,1.39715962733401,0.532604852264861,61.6045238107976
"CAWA","can14","2020","crop",644,0.0590944566691883,0.10110867798861,0.0420142213194214,71.0967215666567
"CAWA","can14","2020","crop",646,0.0403186997700251,0.0383830282278437,-0.00193567154218147,-4.80092749325348
"CAWA","can14","2020","crop",652,0.619542988578758,0.668469823084989,0.048926834506231,7.8972461004635
"CAWA","can14","2020","crop",653,0.325403080604196,0.401767433483562,0.0763643528793656,23.4676182959224
"CAWA","can14","2020","crop",654,5.01983180476153e-20,3.20133361802759e-19,2.69935043755144e-19,NA
"CAWA","can14","2020","crop",656,0.238218560326746,0.422209588930406,0.18399102860366,77.236227249167
"CAWA","can14","2020","crop",657,0.592687878504452,0.713877091885071,0.121189213380619,20.4473919200811
"CAWA","can14","2020","crop",658,0.635480848777162,0.957477199951284,0.321996351174122,50.6697175522646
"CAWA","can14","2020","crop",659,0.0541451013285132,0.0541451013285132,0,0
"CAWA","can14","2020","crop",660,0.24346658897347,0.303028535633615,0.0595619466601449,24.4641151425649
"CAWA","can14","2020","crop",661,0.233879361183478,0.287862410482727,0.0539830492992488,23.0815789072124
"CAWA","can14","2020","crop",662,0.860939771309988,0.768071678119062,-0.0928680931909254,-10.7868281017636
"CAWA","can14","2020","crop",664,0.0535780981406405,0.136281675968454,0.0827035778278136,154.360794238571
"CAWA","can14","2020","crop",665,0.16004266632382,0.197066858106895,0.0370241917830748,23.1339508604302
"CAWA","can14","2020","crop",666,0.318978818746803,0.732706691671972,0.413727872925168,129.703870166243
"CAWA","can14","2020","crop",668,1.38541718215376,1.61041752366981,0.225000341516057,16.2406201117178
"CAWA","can14","2020","crop",671,0.434620523138742,0.481794289629263,0.0471737664905203,10.8540126337893
"CAWA","can14","2020","crop",672,2.31185416529347,3.75091648496165,1.43906231966818,62.2471062955434
"CAWA","can14","2020","crop",674,4.30271297550988e-20,5.82897217265387e-19,5.39870087510288e-19,NA
"CAWA","can14","2020","crop",675,0.0135582440592012,0.0342359539555401,0.0206777098963389,152.510235145871
"CAWA","can14","2020","crop",676,0.142566079967986,0.183847725947855,0.0412816459798686,28.9561486078166
"CAWA","can14","2020","crop",677,1.85280595376921,2.25534542032358,0.402539466554372,21.7259376641939
"CAWA","can14","2020","crop",678,0.0260866854136715,0.00617547055095967,-0.0199112148627119,-76.3271168681199
"CAWA","can14","2020","crop",684,0.198554040389115,0.280782264545786,0.0822282241566704,41.4135234898892
"CAWA","can14","2020","crop",685,0.204653307228567,0.356309455088525,0.151656147859958,74.1039321150966
"CAWA","can14","2020","crop",686,0.318169227290249,0.348978290649523,0.0308090633592739,9.68323166312008
"CAWA","can14","2020","crop",688,0.986190122053596,1.5072481249044,0.521058002850802,52.8354514204396
"CAWA","can14","2020","crop",689,0.153787903777417,0.044619677141466,-0.109168226635951,-70.986224504337
"CAWA","can14","2020","crop",690,1.27259490291457,1.55172261897558,0.27912771606101,21.9337446206751
"CAWA","can14","2020","crop",691,0.286320815140485,0.372055752432207,0.0857349372917215,29.9436620595171
"CAWA","can14","2020","crop",692,0.0989911667419931,0.0117508751124393,-0.0872402916295537,-88.1293700244322
"CAWA","can14","2020","crop",693,0.100469198618232,0.136133022862544,0.0356638242443126,35.4972715367522
"CAWA","can14","2020","crop",694,0.263971166290904,0.458813545719012,0.194842379428108,73.811993243757
"CAWA","can14","2020","crop",695,0.197015365991668,0.264508191229851,0.0674928252381823,34.2576452849046
"CAWA","can14","2020","crop",696,0.149005058716987,0.0324226723734007,-0.116582386343586,-78.2405559565714
"CAWA","can14","2020","crop",698,0.307493257073923,0.332871481045223,0.0253782239712996,8.25326194557774
"CAWA","can14","2020","crop",699,0.257673224401036,0.231049536865826,-0.0266236875352099,-10.3323453948686
"CAWA","can14","2020","crop",701,0.149451107028382,0.239238500823306,0.0897873937949234,60.0781055291025
"CAWA","can14","2020","crop",702,0.432815103624176,0.0447183108923722,-0.388096792731803,-89.6680336434834
"CAWA","can14","2020","crop",703,0.258518337440378,0.335942802951985,0.0774244655116074,29.9493127946732
"CAWA","can14","2020","crop",704,0.133066414934141,0.0406116634700096,-0.0924547514641314,-69.4801550863832
"CAWA","can14","2020","crop",705,0.224177060080053,0.227076131972928,0.00289907189287453,1.29320631283115
"CAWA","can14","2020","crop",706,0.0486919204217296,0.115357142218507,0.0666652217967771,136.912286924355
"CAWA","can14","2020","crop",707,0.873147688364382,1.43499024990705,0.561842561542673,64.3467959693211
"CAWA","can14","2020","crop",708,0.164795391436303,0.204343963705043,0.0395485722687394,23.9985911766384
"CAWA","can14","2020","crop",709,0.0193378645235089,0.0526978906579155,0.0333600261344066,172.511427483894
"CAWA","can14","2020","crop",711,0.216358146991276,0.248838579936569,0.0324804329452932,15.012345685602
"CAWA","can14","2020","dam_and_associated_reservoir",1,1.86450895605428e-19,1.89603950605467e-18,1.70958861044924e-18,NA
"CAWA","can14","2020","dam_and_associated_reservoir",2,9.89623984367273e-19,1.04373505157973e-17,9.44772653143004e-18,NA
"CAWA","can14","2020","dam_and_associated_reservoir",3,2.37366332482297e-18,3.09867779628685e-17,2.86131146380454e-17,NA
"CAWA","can14","2020","dam_and_associated_reservoir",4,8.24686653639394e-19,1.0632326576743e-17,9.80763992310357e-18,NA
"CAWA","can14","2020","dam_and_associated_reservoir",5,8.60542697686623e-20,8.95859497570365e-19,8.09805227801703e-19,NA
"CAWA","can14","2020","dam_and_associated_reservoir",7,2.15135674421656e-20,2.91448643376067e-19,2.69935075933901e-19,NA
"CAWA","can14","2020","dam_and_associated_reservoir",8,1.07567837210828e-19,1.45724321688033e-18,1.34967537966951e-18,NA
"CAWA","can14","2020","dam_and_associated_reservoir",9,2.58162809305987e-19,3.4973837205128e-18,3.23922091120681e-18,NA
"CAWA","can14","2020","dam_and_associated_reservoir",11,3.58559457369426e-20,4.85747738960111e-19,4.49891793223168e-19,NA
"CAWA","can14","2020","dam_and_associated_reservoir",13,7.17118829251647e-21,7.17118829251647e-21,0,NA
"CAWA","can14","2020","dam_and_associated_reservoir",14,7.17118829251647e-21,9.71495362108978e-20,8.99783479183813e-20,NA
"CAWA","can14","2020","dam_and_associated_reservoir",15,1.43423765850329e-20,1.43423765850329e-20,0,NA
"CAWA","can14","2020","dam_and_associated_reservoir",17,9.68110419489723e-19,1.31151873884712e-17,1.21470769689815e-17,NA
"CAWA","can14","2020","dam_and_associated_reservoir",18,1.24778676289787e-18,1.60942141694308e-17,1.4846427406533e-17,NA
"CAWA","can14","2020","dam_and_associated_reservoir",22,1.11870537363257e-18,1.51553276489001e-17,1.40366222752675e-17,NA
"CAWA","can14","2020","dam_and_associated_reservoir",24,3.58559414625823e-20,4.85747681054489e-19,4.49891739591907e-19,NA
"CAWA","can14","2020","dam_and_associated_reservoir",26,1.305156269238e-18,1.71413455028732e-17,1.58361892336352e-17,NA
"CAWA","can14","2020","dam_and_associated_reservoir",28,7.17118829251647e-21,9.71495362108978e-20,8.99783479183813e-20,NA
"CAWA","can14","2020","dam_and_associated_reservoir",29,7.88830712176812e-20,8.88688202483113e-19,8.09805131265432e-19,NA
"CAWA","can14","2020","dam_and_associated_reservoir",32,8.03173088761845e-19,1.08807480556206e-17,1.00775749668587e-17,NA
"CAWA","can14","2020","dam_and_associated_reservoir",33,2.15135648775494e-20,2.91448608632693e-19,2.69935043755144e-19,NA
"CAWA","can14","2020","dam_and_associated_reservoir",34,7.17118829251647e-21,9.71495362108978e-20,8.99783479183813e-20,NA
"CAWA","can14","2020","dam_and_associated_reservoir",35,2.15135648775494e-20,2.91448608632693e-19,2.69935043755144e-19,NA
"CAWA","can14","2020","dam_and_associated_reservoir",36,7.17118829251647e-21,9.71495362108978e-20,8.99783479183813e-20,NA
"CAWA","can14","2020","dam_and_associated_reservoir",37,1.2191020097278e-19,1.65154211558526e-18,1.52963191461248e-18,NA
"CAWA","can14","2020","dam_and_associated_reservoir",39,2.15135648775494e-20,2.91448608632693e-19,2.69935043755144e-19,NA
"CAWA","can14","2020","dam_and_associated_reservoir",40,7.17118829251647e-21,9.71495362108978e-20,8.99783479183813e-20,NA
"CAWA","can14","2020","dam_and_associated_reservoir",41,7.17118829251647e-21,9.71495362108978e-20,8.99783479183813e-20,NA
"CAWA","can14","2020","dam_and_associated_reservoir",42,2.07964460482978e-19,2.81733655011604e-18,2.60937208963306e-18,NA
"CAWA","can14","2020","dam_and_associated_reservoir",43,1.43423765850329e-20,1.94299072421796e-19,1.79956695836763e-19,NA
"CAWA","can14","2020","dam_and_associated_reservoir",44,1.43423765850329e-20,1.94299072421796e-19,1.79956695836763e-19,NA
"CAWA","can14","2020","dam_and_associated_reservoir",46,1.29081389265296e-19,1.74869165179616e-18,1.61961026253086e-18,NA
"CAWA","can14","2020","dam_and_associated_reservoir",47,7.17118829251647e-21,9.71495362108978e-20,8.99783479183813e-20,NA
"CAWA","can14","2020","dam_and_associated_reservoir",49,7.17118829251647e-21,9.71495362108978e-20,8.99783479183813e-20,NA
"CAWA","can14","2020","dam_and_associated_reservoir",51,7.17118829251647e-21,9.71495362108978e-20,8.99783479183813e-20,NA
"CAWA","can14","2020","dam_and_associated_reservoir",52,2.15135648775494e-20,2.91448608632693e-19,2.69935043755144e-19,NA
"CAWA","can14","2020","dam_and_associated_reservoir",53,4.94811992183636e-19,6.34340460687842e-18,5.84859261469478e-18,NA
"CAWA","can14","2020","dam_and_associated_reservoir",54,3.58559414625823e-20,4.85747681054489e-19,4.49891739591907e-19,NA
"CAWA","can14","2020","dam_and_associated_reservoir",56,4.30271297550988e-20,5.82897217265387e-19,5.39870087510288e-19,NA
"CAWA","can14","2020","dam_and_associated_reservoir",58,5.73695063401318e-20,7.77196289687182e-19,7.1982678334705e-19,NA
"CAWA","can14","2020","dam_and_associated_reservoir",62,1.43423765850329e-20,1.94299072421796e-19,1.79956695836763e-19,NA
"CAWA","can14","2020","dam_and_associated_reservoir",64,1.43423765850329e-20,1.94299072421796e-19,1.79956695836763e-19,NA
"CAWA","can14","2020","dam_and_associated_reservoir",65,4.01586544380922e-19,5.26041733197351e-18,4.85883078759258e-18,NA
"CAWA","can14","2020","dam_and_associated_reservoir",67,7.17118829251647e-21,9.71495362108978e-20,8.99783479183813e-20,NA
"CAWA","can14","2020","dam_and_associated_reservoir",68,1.43423765850329e-20,1.04320724503414e-19,8.99783479183813e-20,NA
"CAWA","can14","2020","dam_and_associated_reservoir",69,1.43423765850329e-20,1.94299072421796e-19,1.79956695836763e-19,NA
"CAWA","can14","2020","dam_and_associated_reservoir",70,2.86847531700659e-19,3.16615466508886e-18,2.8793071333882e-18,NA
"CAWA","can14","2020","dam_and_associated_reservoir",71,4.44613674136021e-19,5.75333620132052e-18,5.30872252718449e-18,NA
"CAWA","can14","2020","dam_and_associated_reservoir",72,7.88830712176812e-20,1.06864489831988e-18,9.89761827102194e-19,NA
"CAWA","can14","2020","dam_and_associated_reservoir",73,7.17118829251647e-21,9.71495362108978e-20,8.99783479183813e-20,NA
"CAWA","can14","2020","dam_and_associated_reservoir",74,1.00396636095231e-19,1.36009350695257e-18,1.25969687085734e-18,NA
"CAWA","can14","2020","dam_and_associated_reservoir",76,7.17118829251647e-21,9.71495362108978e-20,8.99783479183813e-20,NA
"CAWA","can14","2020","dam_and_associated_reservoir",77,7.17118829251647e-21,9.71495362108978e-20,8.99783479183813e-20,NA
"CAWA","can14","2020","dam_and_associated_reservoir",78,7.17118829251647e-21,9.71495362108978e-20,8.99783479183813e-20,NA
"CAWA","can14","2020","dam_and_associated_reservoir",79,4.51784862428538e-19,4.5008105187557e-18,4.04902565632715e-18,NA
"CAWA","can14","2020","dam_and_associated_reservoir",80,2.15135648775494e-20,2.91448608632693e-19,2.69935043755144e-19,NA
"CAWA","can14","2020","dam_and_associated_reservoir",82,1.43423765850329e-20,1.94299072421796e-19,1.79956695836763e-19,NA
"CAWA","can14","2020","dam_and_associated_reservoir",83,6.74091699496548e-19,7.15253274962e-18,6.47844105012344e-18,NA
"CAWA","can14","2020","dam_and_associated_reservoir",84,7.17118829251647e-21,9.71495362108978e-20,8.99783479183813e-20,NA
"CAWA","can14","2020","dam_and_associated_reservoir",86,2.15135648775494e-19,2.91448608632693e-18,2.69935043755144e-18,NA
"CAWA","can14","2020","dam_and_associated_reservoir",87,3.58559414625823e-20,4.85747681054489e-19,4.49891739591907e-19,NA
"CAWA","can14","2020","dam_and_associated_reservoir",88,7.17118829251647e-21,9.71495362108978e-20,8.99783479183813e-20,NA
"CAWA","can14","2020","dam_and_associated_reservoir",89,1.43423765850329e-20,1.94299072421796e-19,1.79956695836763e-19,NA
"CAWA","can14","2020","dam_and_associated_reservoir",90,3.58559414625823e-20,4.85747681054489e-19,4.49891739591907e-19,NA
"CAWA","can14","2020","dam_and_associated_reservoir",91,1.97207678044204e-18,2.46466204558743e-17,2.26745436754322e-17,NA
"CAWA","can14","2020","dam_and_associated_reservoir",93,1.43423765850329e-20,1.94299072421796e-19,1.79956695836763e-19,NA
"CAWA","can14","2020","dam_and_associated_reservoir",94,6.45406946326482e-20,5.14432434224555e-19,4.49891739591907e-19,NA
"CAWA","can14","2020","dam_and_associated_reservoir",95,1.43423765850329e-20,1.94299072421796e-19,1.79956695836763e-19,NA
"CAWA","can14","2020","dam_and_associated_reservoir",96,1.67805806044885e-18,2.03935544274723e-17,1.87154963670234e-17,NA
"CAWA","can14","2020","dam_and_associated_reservoir",98,7.17118829251647e-21,7.17118829251647e-21,0,NA
"CAWA","can14","2020","dam_and_associated_reservoir",99,7.17118829251647e-21,7.17118829251647e-21,0,NA
"CAWA","can14","2020","dam_and_associated_reservoir",101,3.08361096578208e-19,3.81751666539508e-18,3.50915556881687e-18,NA
"CAWA","can14","2020","dam_and_associated_reservoir",102,5.73695063401318e-20,7.77196289687182e-19,7.1982678334705e-19,NA
"CAWA","can14","2020","dam_and_associated_reservoir",105,3.29874661455758e-19,4.28892196986454e-18,3.95904730840877e-18,NA
"CAWA","can14","2020","dam_and_associated_reservoir",106,2.15135648775494e-20,2.15135648775494e-20,0,NA
"CAWA","can14","2020","dam_and_associated_reservoir",107,1.43423765850329e-20,1.94299072421796e-19,1.79956695836763e-19,NA
"CAWA","can14","2020","dam_and_associated_reservoir",109,6.45406946326482e-20,8.7434582589808e-19,8.09805131265432e-19,NA
"CAWA","can14","2020","dam_and_associated_reservoir",110,9.32254478027141e-20,9.93008926986527e-19,8.99783479183813e-19,NA
"CAWA","can14","2020","dam_and_associated_reservoir",112,6.45406946326482e-20,8.7434582589808e-19,8.09805131265432e-19,NA
"CAWA","can14","2020","dam_and_associated_reservoir",113,2.15135648775494e-20,2.91448608632693e-19,2.69935043755144e-19,NA
"CAWA","can14","2020","dam_and_associated_reservoir",116,7.88830712176812e-20,1.06864489831988e-18,9.89761827102194e-19,NA
"CAWA","can14","2020","dam_and_associated_reservoir",117,5.73695063401318e-20,7.77196289687182e-19,7.1982678334705e-19,NA
"CAWA","can14","2020","dam_and_associated_reservoir",118,1.43423765850329e-20,1.43423765850329e-20,0,NA
"CAWA","can14","2020","dam_and_associated_reservoir",119,5.5455435761329,0.778704736753645,-4.76683883937926,-85.9580088757203
"CAWA","can14","2020","dam_and_associated_reservoir",121,1.43423765850329e-19,1.94299072421796e-18,1.79956695836763e-18,NA
"CAWA","can14","2020","dam_and_associated_reservoir",122,1.43423765850329e-20,1.43423765850329e-20,0,NA
"CAWA","can14","2020","dam_and_associated_reservoir",123,7.17118829251647e-21,9.71495362108978e-20,8.99783479183813e-20,NA
"CAWA","can14","2020","dam_and_associated_reservoir",125,7.17118829251647e-21,9.71495362108978e-20,8.99783479183813e-20,NA
"CAWA","can14","2020","dam_and_associated_reservoir",126,2.86847531700659e-20,3.88598144843591e-19,3.59913391673525e-19,NA
"CAWA","can14","2020","dam_and_associated_reservoir",128,4.30271297550988e-20,5.82897217265387e-19,5.39870087510288e-19,NA
"CAWA","can14","2020","dam_and_associated_reservoir",129,1.43423765850329e-20,1.94299072421796e-19,1.79956695836763e-19,NA
"CAWA","can14","2020","dam_and_associated_reservoir",130,0.315611962970945,7.73699480028553e-06,-0.315604225976145,-99.9975485736575
"CAWA","can14","2020","dam_and_associated_reservoir",131,1.79279707312912e-19,1.70891162192539e-18,1.52963191461248e-18,NA
"CAWA","can14","2020","dam_and_associated_reservoir",134,0.336853536064257,8.44422859345638e-06,-0.336845091835663,-99.9974932047049
"CAWA","can14","2020","dam_and_associated_reservoir",136,1.00396636095231e-19,1.36009350695257e-18,1.25969687085734e-18,NA
"CAWA","can14","2020","dam_and_associated_reservoir",137,1.43423765850329e-20,1.43423765850329e-20,0,NA
"CAWA","can14","2020","dam_and_associated_reservoir",138,0.717814689949701,0.233813270734224,-0.484001419215477,-67.4270708014337
"CAWA","can14","2020","dam_and_associated_reservoir",139,5.80866251693834e-19,7.68915573724596e-18,7.10828948555211e-18,NA
"CAWA","can14","2020","dam_and_associated_reservoir",141,7.88830712176812e-20,1.06864489831988e-18,9.89761827102194e-19,NA
"CAWA","can14","2020","dam_and_associated_reservoir",142,7.17118829251647e-21,9.71495362108978e-20,8.99783479183813e-20,NA
"CAWA","can14","2020","dam_and_associated_reservoir",143,1.00396636095231e-19,1.18013681111581e-18,1.07974017502058e-18,NA
"CAWA","can14","2020","dam_and_associated_reservoir",144,7.17118829251647e-21,7.17118829251647e-21,0,NA
"CAWA","can14","2020","dam_and_associated_reservoir",145,0.0997877321631213,2.57779767662581e-06,-0.0997851543654447,-99.9974167188484
"CAWA","can14","2020","dam_and_associated_reservoir",146,1.43423765850329e-20,1.94299072421796e-19,1.79956695836763e-19,NA
"CAWA","can14","2020","dam_and_associated_reservoir",147,2.2589243121427e-18,2.91624503397389e-17,2.69035260275961e-17,NA
"CAWA","can14","2020","dam_and_associated_reservoir",148,7.17118829251647e-21,9.71495362108978e-20,8.99783479183813e-20,NA
"CAWA","can14","2020","dam_and_associated_reservoir",150,7.17118829251647e-21,7.17118829251647e-21,0,NA
"CAWA","can14","2020","dam_and_associated_reservoir",151,8.60542595101976e-20,1.16579443453077e-18,1.07974017502058e-18,NA
"CAWA","can14","2020","dam_and_associated_reservoir",154,0.484053705742321,0.0484149401931364,-0.435638765549185,-89.9980230253811
"CAWA","can14","2020","dam_and_associated_reservoir",155,7.17118829251647e-21,9.71495362108978e-20,8.99783479183813e-20,NA
"CAWA","can14","2020","dam_and_associated_reservoir",156,3.58559414625823e-20,4.85747681054489e-19,4.49891739591907e-19,NA
"CAWA","can14","2020","dam_and_associated_reservoir",157,0.725987885428661,0.218116492646297,-0.507871392782363,-69.9559046336551
"CAWA","can14","2020","dam_and_associated_reservoir",158,2.15135648775494e-20,2.91448608632693e-19,2.69935043755144e-19,NA
"CAWA","can14","2020","dam_and_associated_reservoir",159,7.17118829251647e-21,9.71495362108978e-20,8.99783479183813e-20,NA
"CAWA","can14","2020","dam_and_associated_reservoir",160,2.86847531700659e-20,3.88598144843591e-19,3.59913391673525e-19,NA
"CAWA","can14","2020","dam_and_associated_reservoir",161,2.86847531700659e-20,3.88598144843591e-19,3.59913391673525e-19,NA
"CAWA","can14","2020","dam_and_associated_reservoir",162,5.01983180476153e-20,6.80046753476284e-19,6.29848435428669e-19,NA
"CAWA","can14","2020","dam_and_associated_reservoir",164,2.15135648775494e-20,2.91448608632693e-19,2.69935043755144e-19,NA
"CAWA","can14","2020","dam_and_associated_reservoir",165,4.01586544380922e-19,5.44037402781028e-18,5.03878748342935e-18,NA
"CAWA","can14","2020","dam_and_associated_reservoir",168,7.17118829251647e-21,9.71495362108978e-20,8.99783479183813e-20,NA
"CAWA","can14","2020","dam_and_associated_reservoir",169,2.58162778530593e-19,3.49738330359232e-18,3.23922052506172e-18,NA
"CAWA","can14","2020","dam_and_associated_reservoir",170,7.17118829251647e-21,9.71495362108978e-20,8.99783479183813e-20,NA
"CAWA","can14","2020","dam_and_associated_reservoir",171,7.17118829251647e-21,9.71495362108978e-20,8.99783479183813e-20,NA
"CAWA","can14","2020","dam_and_associated_reservoir",172,1.07567824387747e-19,1.45724304316347e-18,1.34967521877572e-18,NA
"CAWA","can14","2020","dam_and_associated_reservoir",173,7.17118829251647e-21,9.71495362108978e-20,8.99783479183813e-20,NA
"CAWA","can14","2020","dam_and_associated_reservoir",176,1.08284943216999e-18,1.46695799678456e-17,1.35867305356756e-17,NA
"CAWA","can14","2020","dam_and_associated_reservoir",177,7.17118829251647e-21,9.71495362108978e-20,8.99783479183813e-20,NA
"CAWA","can14","2020","dam_and_associated_reservoir",178,7.17118829251647e-21,9.71495362108978e-20,8.99783479183813e-20,NA
"CAWA","can14","2020","dam_and_associated_reservoir",179,3.58559414625823e-20,4.85747681054489e-19,4.49891739591907e-19,NA
"CAWA","can14","2020","dam_and_associated_reservoir",183,4.30271297550988e-20,5.82897217265387e-19,5.39870087510288e-19,NA
"CAWA","can14","2020","dam_and_associated_reservoir",184,2.15135648775494e-20,2.91448608632693e-19,2.69935043755144e-19,NA
"CAWA","can14","2020","dam_and_associated_reservoir",186,1.2191020097278e-19,1.65154211558526e-18,1.52963191461248e-18,NA
"CAWA","can14","2020","dam_and_associated_reservoir",188,3.58559414625823e-20,3.95769333136108e-19,3.59913391673525e-19,NA
"CAWA","can14","2020","dam_and_associated_reservoir",189,9.03569724857075e-19,1.0801187995879e-17,9.89761827102195e-18,NA
"CAWA","can14","2020","dam_and_associated_reservoir",190,7.17118829251647e-20,9.71495362108978e-19,8.99783479183813e-19,NA
"CAWA","can14","2020","dam_and_associated_reservoir",191,2.15135648775494e-20,2.91448608632693e-19,2.69935043755144e-19,NA
"CAWA","can14","2020","dam_and_associated_reservoir",192,1.43423765850329e-20,1.94299072421796e-19,1.79956695836763e-19,NA
"CAWA","can14","2020","dam_and_associated_reservoir",193,7.17118829251647e-21,9.71495362108978e-20,8.99783479183813e-20,NA
"CAWA","can14","2020","dam_and_associated_reservoir",196,1.61357317972982,0.0379275510657715,-1.57564562866405,-97.6494681776923
"CAWA","can14","2020","dam_and_associated_reservoir",197,5.01983180476153e-20,6.80046753476284e-19,6.29848435428669e-19,NA
"CAWA","can14","2020","dam_and_associated_reservoir",198,7.17118829251647e-21,9.71495362108978e-20,8.99783479183813e-20,NA
"CAWA","can14","2020","dam_and_associated_reservoir",199,2.00793272190461e-19,1.73042518680294e-18,1.52963191461248e-18,NA
"CAWA","can14","2020","dam_and_associated_reservoir",201,7.17118829251647e-21,9.71495362108978e-20,8.99783479183813e-20,NA
"CAWA","can14","2020","dam_and_associated_reservoir",208,3.58559414625823e-20,3.95769333136108e-19,3.59913391673525e-19,NA
"CAWA","can14","2020","dam_and_associated_reservoir",209,7.17118829251647e-21,9.71495362108978e-20,8.99783479183813e-20,NA
"CAWA","can14","2020","dam_and_associated_reservoir",211,1.03761151957185,0.251816668940956,-0.78579485063089,-75.7311224681792
"CAWA","can14","2020","dam_and_associated_reservoir",213,4.30271297550988e-20,5.82897217265387e-19,5.39870087510288e-19,NA
"CAWA","can14","2020","dam_and_associated_reservoir",215,1.43423765850329e-20,1.43423765850329e-20,0,NA
"CAWA","can14","2020","dam_and_associated_reservoir",216,1.11030334081159,1.23843182395925,0.128128483147658,11.5399529514161
"CAWA","can14","2020","dam_and_associated_reservoir",217,0.10184977160252,0.530779826808351,0.428930055205832,421.139928403355
"CAWA","can14","2020","dam_and_associated_reservoir",218,2.10115816970734e-18,2.53155719326499e-17,2.32144137629425e-17,NA
"CAWA","can14","2020","dam_and_associated_reservoir",219,2.86847531700659e-20,3.88598144843591e-19,3.59913391673525e-19,NA
"CAWA","can14","2020","dam_and_associated_reservoir",220,1.16759836334513,1.27942239800284,0.111824034657715,9.57726887671742
"CAWA","can14","2020","dam_and_associated_reservoir",221,0.210414649724885,0.0710756447737873,-0.139339004951097,-66.2211519650755
"CAWA","can14","2020","dam_and_associated_reservoir",222,7.17118829251647e-21,7.17118829251647e-21,0,NA
"CAWA","can14","2020","dam_and_associated_reservoir",223,1.43423765850329e-20,1.94299072421796e-19,1.79956695836763e-19,NA
"CAWA","can14","2020","dam_and_associated_reservoir",224,1.29081389265296e-19,1.65871330387778e-18,1.52963191461248e-18,NA
"CAWA","can14","2020","dam_and_associated_reservoir",225,0.841710416113786,0.440891425819287,-0.400818990294499,-47.6195830087381
"CAWA","can14","2020","dam_and_associated_reservoir",226,0.223531631134558,0.243549464757518,0.0200178336229598,8.9552577061945
"CAWA","can14","2020","dam_and_associated_reservoir",227,0.413993193089305,0.645025191946337,0.231031998857032,55.8057481894864
"CAWA","can14","2020","dam_and_associated_reservoir",228,3.94718460241576,4.6735361129278,0.726351510512036,18.4017618549559
"CAWA","can14","2020","dam_and_associated_reservoir",230,1.78101984922,2.05501608748538,0.273996238265378,15.384232712812
"CAWA","can14","2020","dam_and_associated_reservoir",234,1.48443597655091e-18,1.78604952976964e-17,1.63760593211454e-17,NA
"CAWA","can14","2020","dam_and_associated_reservoir",235,1.35902074525485,1.46204981527005,0.103029070015204,7.58112562850419
"CAWA","can14","2020","dam_and_associated_reservoir",236,1.73794480032638,1.98544187124166,0.247497070915285,14.2407900911931
"CAWA","can14","2020","dam_and_associated_reservoir",238,4.26685703404737e-18,4.71865289911158e-17,4.29196719570681e-17,NA
"CAWA","can14","2020","dam_and_associated_reservoir",240,1.9147072741019e-18,2.03602685973702e-17,1.84455613232682e-17,NA
"CAWA","can14","2020","dam_and_associated_reservoir",245,3.08361096578208e-19,3.09768988204803e-18,2.78932878546982e-18,NA
"CAWA","can14","2020","dam_and_associated_reservoir",247,3.33752152175205,0.964181397026546,-2.37334012472551,-71.1108560426483
"CAWA","can14","2020","dam_and_associated_reservoir",248,5.59352686816285e-19,6.22798860567431e-18,5.66863591885801e-18,NA
"CAWA","can14","2020","dam_and_associated_reservoir",249,4.73298427306087e-19,5.06219417114353e-18,4.58889574383744e-18,NA
"CAWA","can14","2020","dam_and_associated_reservoir",250,2.58162778530593e-19,2.68757817232689e-18,2.42941539379629e-18,NA
"CAWA","can14","2020","dam_and_associated_reservoir",251,2.86847531700659e-20,3.88598144843591e-19,3.59913391673525e-19,NA
"CAWA","can14","2020","dam_and_associated_reservoir",252,2.62613046196218,0.737801841606084,-1.8883286203561,-71.9053621938182
"CAWA","can14","2020","dam_and_associated_reservoir",253,2.81560661803558,3.41871425582637,0.603107637790788,21.4201669341
"CAWA","can14","2020","dam_and_associated_reservoir",254,0.275040970769917,0.378283388560939,0.103242417791022,37.5371049273195
"CAWA","can14","2020","dam_and_associated_reservoir",255,1.24408171184812,1.356991120977,0.112909409128876,9.07572292507588
"CAWA","can14","2020","dam_and_associated_reservoir",256,2.03229008174142,2.49173221353748,0.459442131796067,22.6071138133186
"CAWA","can14","2020","dam_and_associated_reservoir",257,0.73391134047998,0.343989987510084,-0.389921352969895,-53.1292175857217
"CAWA","can14","2020","dam_and_associated_reservoir",258,0.789593813332325,3.04458349104544,2.25498967771311,285.588569671838
"CAWA","can14","2020","dam_and_associated_reservoir",259,0.595190770507952,0.584159605500482,-0.01103116500747,-1.85338307548952
"CAWA","can14","2020","dam_and_associated_reservoir",260,3.39197206236033e-18,4.06430081005706e-17,3.725103603821e-17,NA
"CAWA","can14","2020","dam_and_associated_reservoir",264,4.71160593674193,8.98530637506062,4.27370043831869,90.7058123216891
"CAWA","can14","2020","dam_and_associated_reservoir",265,0.741102005898085,0.808388240096134,0.0672862341980494,9.07921361196564
"CAWA","can14","2020","dam_and_associated_reservoir",269,0.659341600432139,1.08075398114452,0.421412380712383,63.9141198486771
"CAWA","can14","2020","dam_and_associated_reservoir",270,2.42504368573794,3.24590783606112,0.82086415032318,33.8494582654658
"CAWA","can14","2020","dam_and_associated_reservoir",271,0.289908856885413,1.78578899078325,1.49588013389784,515.982902339919
"CAWA","can14","2020","dam_and_associated_reservoir",273,1.43423765850329e-20,1.94299072421796e-19,1.79956695836763e-19,NA
"CAWA","can14","2020","dam_and_associated_reservoir",274,0.188589083955065,0.75105967363977,0.562470589684705,298.251933722062
"CAWA","can14","2020","dam_and_associated_reservoir",275,3.58559414625823e-20,4.85747681054489e-19,4.49891739591907e-19,NA
"CAWA","can14","2020","dam_and_associated_reservoir",276,0.39650945219414,0.151213948074662,-0.245295504119478,-61.863721725195
"CAWA","can14","2020","dam_and_associated_reservoir",277,0.229503021869119,0.15736517104615,-0.0721378508229693,-31.4322008640514
"CAWA","can14","2020","dam_and_associated_reservoir",278,1.09639329813693,1.75776776623221,0.661374468095282,60.3227390407381
"CAWA","can14","2020","dam_and_associated_reservoir",279,0.914061433635154,1.33726973599884,0.423208302363688,46.2997657258791
"CAWA","can14","2020","dam_and_associated_reservoir",280,0.179971047977523,0.0686698065182427,-0.111301241459281,-61.8439702997013
"CAWA","can14","2020","dam_and_associated_reservoir",281,6.99928941744438,8.30121953614723,1.30193011870285,18.600889905453
"CAWA","can14","2020","dam_and_associated_reservoir",282,0.316300057780738,0.393290717790276,0.0769906600095371,24.3410199004477
"CAWA","can14","2020","dam_and_associated_reservoir",283,0.215296041901231,0.0905151654604896,-0.124780876440741,-57.9578125723211
"CAWA","can14","2020","dam_and_associated_reservoir",284,0.862449551021128,0.36840581159712,-0.494043739424008,-57.2837841748619
"CAWA","can14","2020","dam_and_associated_reservoir",285,0.166984045992517,0.0575687775118408,-0.109415268480677,-65.5243845783803
"CAWA","can14","2020","dam_and_associated_reservoir",286,3.71482859232837,1.08833783286304,-2.62649075946533,-70.7028788593206
"CAWA","can14","2020","dam_and_associated_reservoir",287,0.219770220032966,1.20316557354798,0.983395353515015,447.465245003397
"CAWA","can14","2020","dam_and_associated_reservoir",289,0.590546350711694,1.35188440058699,0.761338049875299,128.920964282952
"CAWA","can14","2020","dam_and_associated_reservoir",290,4.17996136993598,6.29618593699721,2.11622456706124,50.6278498715803
"CAWA","can14","2020","dam_and_associated_reservoir",291,2.73989616392157,3.13226433637466,0.392368172453087,14.3205489908602
"CAWA","can14","2020","dam_and_associated_reservoir",292,1.06399204728454,1.23876223590647,0.174770188621924,16.4258923803013
"CAWA","can14","2020","dam_and_associated_reservoir",293,1.11917516939632,1.90052569080294,0.781350521406618,69.8148549728884
"CAWA","can14","2020","dam_and_associated_reservoir",294,4.30271297550988e-20,5.82897217265387e-19,5.39870087510288e-19,NA
"CAWA","can14","2020","dam_and_associated_reservoir",295,0.516946437770798,0.114980775599049,-0.401965662171749,-77.7577003732003
"CAWA","can14","2020","dam_and_associated_reservoir",296,1.71448478555486,2.09314217303536,0.378657387480498,22.0857828935445
"CAWA","can14","2020","dam_and_associated_reservoir",298,0.408064432823828,1.12772021041839,0.719655777594561,176.358368852317
"CAWA","can14","2020","dam_and_associated_reservoir",299,0.88759723383674,0.856000386834173,-0.0315968470025667,-3.55981810195439
"CAWA","can14","2020","dam_and_associated_reservoir",300,2.21543873471969,4.4971468224965,2.28170808777681,102.991251891491
"CAWA","can14","2020","dam_and_associated_reservoir",301,0.391844292607302,0.374989680010812,-0.0168546125964903,-4.30135462337375
"CAWA","can14","2020","dam_and_associated_reservoir",302,0.0986009872246096,0.0261866745855086,-0.0724143126391009,-73.4417724176977
"CAWA","can14","2020","dam_and_associated_reservoir",303,2.33216855633297,2.50536678760359,0.173198231270627,7.42648857006112
"CAWA","can14","2020","dam_and_associated_reservoir",304,1.72637829752021,3.88417277703806,2.15779447951785,124.98966666908
"CAWA","can14","2020","dam_and_associated_reservoir",305,1.12983339045511,0.280795630824796,-0.849037759630313,-75.147164776951
"CAWA","can14","2020","dam_and_associated_reservoir",306,3.37045849748274e-19,3.39630967897324e-18,3.05926382922496e-18,NA
"CAWA","can14","2020","dam_and_associated_reservoir",307,2.27879165607103,2.33496666758031,0.0561750115092813,2.46512274869987
"CAWA","can14","2020","dam_and_associated_reservoir",308,4.3193073801123,4.59486451691701,0.275557136804706,6.37966026852995
"CAWA","can14","2020","dam_and_associated_reservoir",309,1.44930701077328,1.82663663423454,0.377329623461257,26.0351754774119
"CAWA","can14","2020","dam_and_associated_reservoir",310,1.66208688331874,2.17105698044,0.508970097121268,30.6223520701272
"CAWA","can14","2020","dam_and_associated_reservoir",312,0.128474460687535,0.131461197027081,0.00298673633954613,2.32477048244648
"CAWA","can14","2020","dam_and_associated_reservoir",313,2.30619143988415,4.63916545186757,2.33297401198342,101.161333427749
"CAWA","can14","2020","dam_and_associated_reservoir",314,0.0520333861753467,0.0995106559359266,0.0474772697605799,91.2438594724294
"CAWA","can14","2020","dam_and_associated_reservoir",315,0.773831877402095,0.243262496909899,-0.530569380492196,-68.5639085163331
"CAWA","can14","2020","dam_and_associated_reservoir",319,0.00359072524945997,0.0043310640967712,0.000740338847311228,20.618086761792
"CAWA","can14","2020","dam_and_associated_reservoir",320,0.00550032603752282,0.00765713252158634,0.00215680648406352,39.2123388568232
"CAWA","can14","2020","dam_and_associated_reservoir",321,0.0103696649726014,0.017585358352191,0.0072156933795896,69.5846336275553
"CAWA","can14","2020","dam_and_associated_reservoir",322,0.131970274035855,0.660205158416629,0.528234884380774,400.268081763064
"CAWA","can14","2020","dam_and_associated_reservoir",323,0.159045232642478,0.914478605246606,0.755433372604128,474.980205349687
"CAWA","can14","2020","dam_and_associated_reservoir",324,1.36436372880387,4.46722066691911,3.10285693811523,227.421535226203
"CAWA","can14","2020","dam_and_associated_reservoir",325,0.801096073725129,0.215105295334057,-0.585990778391071,-73.1486269388628
"CAWA","can14","2020","dam_and_associated_reservoir",326,0.224277778007545,0.0699214410452504,-0.154356336962294,-68.8237320404974
"CAWA","can14","2020","dam_and_associated_reservoir",327,0.248778999462872,0.706908107705817,0.458129108242946,184.151037359292
"CAWA","can14","2020","dam_and_associated_reservoir",328,0.184685219877893,0.0462908382994727,-0.13839438157842,-74.9352772625343
"CAWA","can14","2020","dam_and_associated_reservoir",329,0.674531605500643,0.0519618991692965,-0.622569706331347,-92.2965953343684
"CAWA","can14","2020","forestry_harvest",1,8.03173088761845e-19,1.08807480556206e-17,1.00775749668587e-17,NA
"CAWA","can14","2020","forestry_harvest",3,1.06850705558495e-18,1.44752808954238e-17,1.34067738398388e-17,NA
"CAWA","can14","2020","forestry_harvest",4,1.50594954142846e-19,2.04014026042885e-18,1.88954530628601e-18,NA
"CAWA","can14","2020","forestry_harvest",5,4.83338090915618e-18,6.17896751414923e-17,5.69562942323357e-17,NA
"CAWA","can14","2020","forestry_harvest",6,2.15135648775494e-20,2.91448608632693e-19,2.69935043755144e-19,NA
"CAWA","can14","2020","forestry_harvest",7,1.31232745753051e-18,1.6518668255737e-17,1.52063407982065e-17,NA
"CAWA","can14","2020","forestry_harvest",8,3.58559414625823e-20,3.95769333136108e-19,3.59913391673525e-19,NA
"CAWA","can14","2020","forestry_harvest",9,1.43423765850329e-18,1.57407949775259e-17,1.43065573190227e-17,NA
"CAWA","can14","2020","forestry_harvest",10,3.66505888233158,0.457143060782694,-3.20791582154888,-87.5269927316454
"CAWA","can14","2020","forestry_harvest",13,9.32254589160509e-20,1.26294412129629e-18,1.16971866238024e-18,NA
"CAWA","can14","2020","forestry_harvest",14,1.43423782947771e-20,1.43423782947771e-20,0,NA
"CAWA","can14","2020","forestry_harvest",15,5.01983240317197e-20,4.10111758610254e-19,3.59913434578535e-19,NA
"CAWA","can14","2020","forestry_harvest",16,1.9362210697949e-19,1.54329748664899e-18,1.34967537966951e-18,NA
"CAWA","can14","2020","forestry_harvest",17,3.37045889927261e-19,2.856439931977e-18,2.51939404204974e-18,NA
"CAWA","can14","2020","forestry_harvest",21,7.88830712176812e-20,4.38796462891206e-19,3.59913391673525e-19,NA
"CAWA","can14","2020","forestry_harvest",22,2.28796707396845,0.331746000029035,-1.95622107393941,-85.5004032267988
"CAWA","can14","2020","forestry_harvest",23,3.58559457369426e-20,1.25834304381576e-19,8.99783586446337e-20,NA
"CAWA","can14","2020","forestry_harvest",25,0.0970733168312724,3.81597431032935e-06,-0.0970695008569621,-99.9960689771042
"CAWA","can14","2020","forestry_harvest",26,7.17118914738853e-21,7.17118914738853e-21,0,NA
"CAWA","can14","2020","forestry_harvest",28,7.17118829251647e-21,9.71495362108978e-20,8.99783479183813e-20,NA
"CAWA","can14","2020","forestry_harvest",29,3.58559457369426e-20,1.25834304381576e-19,8.99783586446337e-20,NA
"CAWA","can14","2020","forestry_harvest",30,6.45406946326482e-20,4.24454086306173e-19,3.59913391673525e-19,NA
"CAWA","can14","2020","forestry_harvest",32,7.17118829251647e-21,9.71495362108978e-20,8.99783479183813e-20,NA
"CAWA","can14","2020","forestry_harvest",33,8.60542595101976e-20,1.16579443453077e-18,1.07974017502058e-18,NA
"CAWA","can14","2020","forestry_harvest",34,0.0408917951420357,1.37431354951503e-06,-0.0408904208284862,-99.9966391459589
"CAWA","can14","2020","forestry_harvest",36,6.45407023264967e-20,4.24454136905031e-19,3.59913434578535e-19,NA
"CAWA","can14","2020","forestry_harvest",37,6.45407023264967e-20,6.04410854194299e-19,5.39870151867802e-19,NA
"CAWA","can14","2020","forestry_harvest",38,5.16325618611974e-19,4.74530847490976e-18,4.22898285629779e-18,NA
"CAWA","can14","2020","forestry_harvest",39,7.17118914738853e-21,9.71495477920222e-20,8.99783586446337e-20,NA
"CAWA","can14","2020","forestry_harvest",41,1.43423765850329e-20,1.94299072421796e-19,1.79956695836763e-19,NA
"CAWA","can14","2020","forestry_harvest",42,4.01586592253758e-19,3.28089406888203e-18,2.87930747662828e-18,NA
"CAWA","can14","2020","forestry_harvest",43,7.17118914738853e-21,9.71495477920222e-20,8.99783586446337e-20,NA
"CAWA","can14","2020","forestry_harvest",44,7.17118914738853e-20,7.91538760630955e-19,7.19826869157069e-19,NA
"CAWA","can14","2020","forestry_harvest",46,0.45690086618985,1.11595304707447e-05,-0.45688970665938,-99.997557559791
"CAWA","can14","2020","forestry_harvest",48,1.43423782947771e-20,1.94299095584044e-19,1.79956717289267e-19,NA
"CAWA","can14","2020","forestry_harvest",49,2.15135648775494e-20,2.91448608632693e-19,2.69935043755144e-19,NA
"CAWA","can14","2020","forestry_harvest",50,0.00991254188717783,4.60333546707671e-07,-0.00991208155363112,-99.9953560494175
"CAWA","can14","2020","forestry_harvest",51,0.0180442453632017,3.89903445526414e-07,-0.0180438554597562,-99.9978391812033
"CAWA","can14","2020","forestry_harvest",53,7.17118914738853e-21,9.71495477920222e-20,8.99783586446337e-20,NA
"CAWA","can14","2020","forestry_harvest",54,1.57766161242548e-19,1.32748482362278e-18,1.16971866238024e-18,NA
"CAWA","can14","2020","forestry_harvest",55,2.86847531700659e-19,3.52606805676239e-18,3.23922052506172e-18,NA
"CAWA","can14","2020","forestry_harvest",56,3.58559414625823e-20,4.85747681054489e-19,4.49891739591907e-19,NA
"CAWA","can14","2020","forestry_harvest",58,0.0820606737502734,0.016570008800127,-0.0654906649501464,-79.807613022344
"CAWA","can14","2020","forestry_harvest",59,7.17118829251647e-21,9.71495362108978e-20,8.99783479183813e-20,NA
"CAWA","can14","2020","forestry_harvest",60,1.44140884679581e-18,1.29586373803486e-17,1.15172285335528e-17,NA
"CAWA","can14","2020","forestry_harvest",62,0.0713415885299074,2.52804687221953e-06,-0.0713390604830351,-99.9964564191458
"CAWA","can14","2020","forestry_harvest",63,5.73695131791082e-20,5.9723966504691e-19,5.39870151867802e-19,NA
"CAWA","can14","2020","forestry_harvest",64,5.01983180476153e-20,6.80046753476284e-19,6.29848435428669e-19,NA
"CAWA","can14","2020","forestry_harvest",65,7.17118829251647e-21,9.71495362108978e-20,8.99783479183813e-20,NA
"CAWA","can14","2020","forestry_harvest",67,1.43423782947771e-20,1.04320736939411e-19,8.99783586446337e-20,NA
"CAWA","can14","2020","forestry_harvest",68,6.45406946326482e-20,8.7434582589808e-19,8.09805131265432e-19,NA
"CAWA","can14","2020","forestry_harvest",69,2.15135648775494e-20,2.91448608632693e-19,2.69935043755144e-19,NA
"CAWA","can14","2020","forestry_harvest",70,0.0932009301978577,0.0275736302380221,-0.0656272999598356,-70.4148551098303
"CAWA","can14","2020","forestry_harvest",71,0.0258767846382053,4.11624403666104e-07,-0.0258763730138016,-99.9984092907623
"CAWA","can14","2020","forestry_harvest",74,0.228596320171799,0.154408506384213,-0.0741878137875858,-32.4536343068999
"CAWA","can14","2020","forestry_harvest",75,7.17118914738853e-21,7.17118914738853e-21,0,NA
"CAWA","can14","2020","forestry_harvest",76,2.15135648775494e-20,2.91448608632693e-19,2.69935043755144e-19,NA
"CAWA","can14","2020","forestry_harvest",77,2.00793296126879e-19,1.91038211037492e-18,1.70958881424804e-18,NA
"CAWA","can14","2020","forestry_harvest",78,1.43423782947771e-20,1.04320736939411e-19,8.99783586446337e-20,NA
"CAWA","can14","2020","forestry_harvest",79,9.32254478027141e-20,9.03030579068146e-19,8.09805131265432e-19,NA
"CAWA","can14","2020","forestry_harvest",81,0.0564061069487942,2.73655224514709e-06,-0.056403370396549,-99.9951484823307
"CAWA","can14","2020","forestry_harvest",83,8.60542697686623e-20,5.35946062991831e-19,4.49891793223168e-19,NA
"CAWA","can14","2020","forestry_harvest",84,7.17118829251647e-21,9.71495362108978e-20,8.99783479183813e-20,NA
"CAWA","can14","2020","forestry_harvest",85,0.0175427484665187,3.89617665135888e-07,-0.0175423588488536,-99.9977790386388
"CAWA","can14","2020","forestry_harvest",86,1.43423782947771e-20,1.43423782947771e-20,0,NA
"CAWA","can14","2020","forestry_harvest",87,8.60542697686623e-20,8.95859497570366e-19,8.09805227801703e-19,NA
"CAWA","can14","2020","forestry_harvest",88,7.17118829251647e-21,7.17118829251647e-21,0,NA
"CAWA","can14","2020","forestry_harvest",89,1.43423765850329e-20,1.94299072421796e-19,1.79956695836763e-19,NA
"CAWA","can14","2020","forestry_harvest",90,0.137194170320912,0.0415233149531682,-0.0956708553677437,-69.7339071652675
"CAWA","can14","2020","forestry_harvest",91,1.6699784102584,0.288869392652624,-1.38110901760578,-82.7022079520222
"CAWA","can14","2020","forestry_harvest",92,7.17118829251647e-21,9.71495362108978e-20,8.99783479183813e-20,NA
"CAWA","can14","2020","forestry_harvest",93,1.00396636095231e-19,1.36009350695257e-18,1.25969687085734e-18,NA
"CAWA","can14","2020","forestry_harvest",94,5.93057342489024e-18,6.51363334130594e-17,5.92057599881693e-17,NA
"CAWA","can14","2020","forestry_harvest",95,0.00673986886451833,3.88930399534366e-07,-0.00673947993411879,-99.9942294070203
"CAWA","can14","2020","forestry_harvest",97,2.94018719993175e-19,3.98313098464681e-18,3.68911226465363e-18,NA
"CAWA","can14","2020","forestry_harvest",98,7.17118829251647e-21,9.71495362108978e-20,8.99783479183813e-20,NA
"CAWA","can14","2020","forestry_harvest",99,1.43423765850329e-20,1.94299072421796e-19,1.79956695836763e-19,NA
"CAWA","can14","2020","forestry_harvest",100,7.17118829251647e-21,9.71495362108978e-20,8.99783479183813e-20,NA
"CAWA","can14","2020","forestry_harvest",102,1.43423765850329e-20,1.04320724503414e-19,8.99783479183813e-20,NA
"CAWA","can14","2020","forestry_harvest",103,6.16722193156416e-19,7.18514159119825e-18,6.56841939804183e-18,NA
"CAWA","can14","2020","forestry_harvest",105,5.01983180476153e-20,6.80046753476284e-19,6.29848435428669e-19,NA
"CAWA","can14","2020","forestry_harvest",106,3.37045889927261e-19,3.1263750079109e-18,2.78932911798365e-18,NA
"CAWA","can14","2020","forestry_harvest",111,2.86847565895541e-20,2.08641473878821e-19,1.79956717289267e-19,NA
"CAWA","can14","2020","forestry_harvest",112,5.01983240317197e-20,5.00090117254888e-19,4.49891793223168e-19,NA
"CAWA","can14","2020","forestry_harvest",114,7.17118829251647e-21,9.71495362108978e-20,8.99783479183813e-20,NA
"CAWA","can14","2020","forestry_harvest",116,5.01983180476153e-20,6.80046753476284e-19,6.29848435428669e-19,NA
"CAWA","can14","2020","forestry_harvest",118,4.30271348843312e-20,4.02940569462866e-19,3.59913434578535e-19,NA
"CAWA","can14","2020","forestry_harvest",121,1.14739026358216e-19,1.10450097144919e-18,9.8976194509097e-19,NA
"CAWA","can14","2020","forestry_harvest",123,1.43423765850329e-20,1.94299072421796e-19,1.79956695836763e-19,NA
"CAWA","can14","2020","forestry_harvest",124,3.58559414625823e-20,4.85747681054489e-19,4.49891739591907e-19,NA
"CAWA","can14","2020","forestry_harvest",125,4.30271297550988e-20,2.22983825591861e-19,1.79956695836763e-19,NA
"CAWA","can14","2020","forestry_harvest",126,1.43423765850329e-20,1.94299072421796e-19,1.79956695836763e-19,NA
"CAWA","can14","2020","forestry_harvest",127,7.17118829251647e-21,9.71495362108978e-20,8.99783479183813e-20,NA
"CAWA","can14","2020","forestry_harvest",128,2.15135648775494e-20,2.91448608632693e-19,2.69935043755144e-19,NA
"CAWA","can14","2020","forestry_harvest",129,0.0265313193090474,0.0265313193090474,0,0
"CAWA","can14","2020","forestry_harvest",130,0.0162278546313699,0.0162278546313699,0,0
"CAWA","can14","2020","forestry_harvest",131,0.476751821183259,1.08624530151144e-05,-0.476740958730243,-99.997721570735
"CAWA","can14","2020","forestry_harvest",132,2.86847565895541e-20,3.88598191168089e-19,3.59913434578535e-19,NA
"CAWA","can14","2020","forestry_harvest",133,7.17118829251647e-21,7.17118829251647e-21,0,NA
"CAWA","can14","2020","forestry_harvest",137,3.58559414625823e-20,4.85747681054489e-19,4.49891739591907e-19,NA
"CAWA","can14","2020","forestry_harvest",139,0.388266000052998,0.212844141506058,-0.175421858546941,-45.1808447103263
"CAWA","can14","2020","forestry_harvest",140,1.50594954142846e-19,2.04014026042885e-18,1.88954530628601e-18,NA
"CAWA","can14","2020","forestry_harvest",141,7.17118829251647e-21,9.71495362108978e-20,8.99783479183813e-20,NA
"CAWA","can14","2020","forestry_harvest",142,5.01983180476153e-20,4.10111709721141e-19,3.59913391673525e-19,NA
"CAWA","can14","2020","forestry_harvest",143,3.58559414625823e-20,4.85747681054489e-19,4.49891739591907e-19,NA
"CAWA","can14","2020","forestry_harvest",144,1.14739012680264e-19,1.55439257937436e-18,1.4396535666941e-18,NA
"CAWA","can14","2020","forestry_harvest",145,6.45406946326482e-20,4.24454086306173e-19,3.59913391673525e-19,NA
"CAWA","can14","2020","forestry_harvest",146,2.15135674421656e-20,2.01470284731433e-19,1.79956717289267e-19,NA
"CAWA","can14","2020","forestry_harvest",147,1.43423765850329e-19,1.94299072421796e-18,1.79956695836763e-18,NA
"CAWA","can14","2020","forestry_harvest",148,0.119126308471417,0.0394501889950925,-0.0796761194763247,-66.883730805309
"CAWA","can14","2020","forestry_harvest",149,7.17118914738853e-21,9.71495477920222e-20,8.99783586446337e-20,NA
"CAWA","can14","2020","forestry_harvest",150,2.15135648775494e-20,2.91448608632693e-19,2.69935043755144e-19,NA
"CAWA","can14","2020","forestry_harvest",151,7.17118829251647e-21,9.71495362108978e-20,8.99783479183813e-20,NA
"CAWA","can14","2020","forestry_harvest",152,7.17118829251647e-21,9.71495362108978e-20,8.99783479183813e-20,NA
"CAWA","can14","2020","forestry_harvest",153,0.567707553505546,0.318783249726867,-0.248924303778679,-43.8472770428353
"CAWA","can14","2020","forestry_harvest",154,7.17118914738853e-21,9.71495477920222e-20,8.99783586446337e-20,NA
"CAWA","can14","2020","forestry_harvest",155,7.17118829251647e-21,9.71495362108978e-20,8.99783479183813e-20,NA
"CAWA","can14","2020","forestry_harvest",156,4.30271297550988e-20,4.92918869347005e-19,4.49891739591907e-19,NA
"CAWA","can14","2020","forestry_harvest",157,7.17118829251647e-21,9.71495362108978e-20,8.99783479183813e-20,NA
"CAWA","can14","2020","forestry_harvest",158,7.17118829251647e-21,9.71495362108978e-20,8.99783479183813e-20,NA
"CAWA","can14","2020","forestry_harvest",159,2.15135648775494e-20,2.91448608632693e-19,2.69935043755144e-19,NA
"CAWA","can14","2020","forestry_harvest",160,1.43423765850329e-20,1.94299072421796e-19,1.79956695836763e-19,NA
"CAWA","can14","2020","forestry_harvest",162,7.17118829251647e-21,9.71495362108978e-20,8.99783479183813e-20,NA
"CAWA","can14","2020","forestry_harvest",163,9.32254478027141e-20,8.13052231149765e-19,7.1982678334705e-19,NA
"CAWA","can14","2020","forestry_harvest",164,0.0340303808560366,0.0137370654405751,-0.0202933154154615,-59.6329365260738
"CAWA","can14","2020","forestry_harvest",165,2.86847531700659e-20,3.88598144843591e-19,3.59913391673525e-19,NA
"CAWA","can14","2020","forestry_harvest",166,1.43423765850329e-20,1.94299072421796e-19,1.79956695836763e-19,NA
"CAWA","can14","2020","forestry_harvest",167,6.45406946326482e-20,3.34475738387792e-19,2.69935043755144e-19,NA
"CAWA","can14","2020","forestry_harvest",169,3.58559414625823e-20,4.85747681054489e-19,4.49891739591907e-19,NA
"CAWA","can14","2020","forestry_harvest",170,1.86450895605428e-19,2.52588794148334e-18,2.33943704587791e-18,NA
"CAWA","can14","2020","forestry_harvest",171,1.64937330727879e-19,2.23443933285065e-18,2.06950200212277e-18,NA
"CAWA","can14","2020","forestry_harvest",173,5.73695063401318e-20,4.17282898013657e-19,3.59913391673525e-19,NA
"CAWA","can14","2020","forestry_harvest",174,7.17118829251647e-21,9.71495362108978e-20,8.99783479183813e-20,NA
"CAWA","can14","2020","forestry_harvest",175,5.73695063401318e-20,4.17282898013657e-19,3.59913391673525e-19,NA
"CAWA","can14","2020","forestry_harvest",176,0.103974337333277,0.0321615294998992,-0.0718128078333777,-69.0678196901517
"CAWA","can14","2020","forestry_harvest",177,1.43423765850329e-20,1.94299072421796e-19,1.79956695836763e-19,NA
"CAWA","can14","2020","forestry_harvest",178,2.15135648775494e-20,2.91448608632693e-19,2.69935043755144e-19,NA
"CAWA","can14","2020","forestry_harvest",179,5.73695063401318e-20,5.07261245932038e-19,4.49891739591907e-19,NA
"CAWA","can14","2020","forestry_harvest",180,1.43423765850329e-20,1.94299072421796e-19,1.79956695836763e-19,NA
"CAWA","can14","2020","forestry_harvest",181,4.30271297550988e-20,5.82897217265387e-19,5.39870087510288e-19,NA
"CAWA","can14","2020","forestry_harvest",182,7.37915275299955e-18,9.51080419734226e-17,8.77288892204223e-17,NA
"CAWA","can14","2020","forestry_harvest",187,7.17118914738853e-21,9.71495477920222e-20,8.99783586446337e-20,NA
"CAWA","can14","2020","forestry_harvest",188,1.43423765850329e-20,1.94299072421796e-19,1.79956695836763e-19,NA
"CAWA","can14","2020","forestry_harvest",190,2.15135648775494e-20,2.91448608632693e-19,2.69935043755144e-19,NA
"CAWA","can14","2020","forestry_harvest",192,1.97781373107608e-17,2.64789178692497e-16,2.45011041381747e-16,NA
"CAWA","can14","2020","forestry_harvest",194,2.15135648775494e-20,2.91448608632693e-19,2.69935043755144e-19,NA
"CAWA","can14","2020","forestry_harvest",196,4.30271297550988e-20,3.12962173510243e-19,2.69935043755144e-19,NA
"CAWA","can14","2020","forestry_harvest",197,7.17118829251647e-21,9.71495362108978e-20,8.99783479183813e-20,NA
"CAWA","can14","2020","forestry_harvest",198,1.43423782947771e-20,1.04320736939411e-19,8.99783586446337e-20,NA
"CAWA","can14","2020","forestry_harvest",199,1.43423765850329e-20,1.94299072421796e-19,1.79956695836763e-19,NA
"CAWA","can14","2020","forestry_harvest",200,4.30271297550988e-20,5.82897217265387e-19,5.39870087510288e-19,NA
"CAWA","can14","2020","forestry_harvest",201,7.17118829251647e-21,9.71495362108978e-20,8.99783479183813e-20,NA
"CAWA","can14","2020","forestry_harvest",203,9.32254478027141e-20,1.26294397074167e-18,1.16971852293896e-18,NA
"CAWA","can14","2020","forestry_harvest",204,2.15135648775494e-20,2.91448608632693e-19,2.69935043755144e-19,NA
"CAWA","can14","2020","forestry_harvest",205,7.17118829251647e-21,7.17118829251647e-21,0,NA
"CAWA","can14","2020","forestry_harvest",208,2.15135648775494e-20,2.91448608632693e-19,2.69935043755144e-19,NA
"CAWA","can14","2020","forestry_harvest",209,4.30271297550988e-20,2.22983825591861e-19,1.79956695836763e-19,NA
"CAWA","can14","2020","forestry_harvest",210,4.66127239013571e-19,6.13476315787159e-18,5.66863591885801e-18,NA
"CAWA","can14","2020","forestry_harvest",213,2.86847531700659e-20,2.08641449006828e-19,1.79956695836763e-19,NA
"CAWA","can14","2020","forestry_harvest",214,7.17118829251647e-21,9.71495362108978e-20,8.99783479183813e-20,NA
"CAWA","can14","2020","forestry_harvest",216,0.175978816161459,4.5373085715064e-06,-0.175974278852888,-99.9974216734318
"CAWA","can14","2020","forestry_harvest",219,4.30271297550988e-20,5.82897217265387e-19,5.39870087510288e-19,NA
"CAWA","can14","2020","forestry_harvest",222,1.43423765850329e-20,1.94299072421796e-19,1.79956695836763e-19,NA
"CAWA","can14","2020","forestry_harvest",223,2.86847531700659e-20,3.88598144843591e-19,3.59913391673525e-19,NA
"CAWA","can14","2020","forestry_harvest",224,1.43423765850329e-20,1.94299072421796e-19,1.79956695836763e-19,NA
"CAWA","can14","2020","forestry_harvest",225,7.17118829251647e-21,9.71495362108978e-20,8.99783479183813e-20,NA
"CAWA","can14","2020","forestry_harvest",228,1.98641915702707e-18,2.35812226574387e-17,2.15948035004116e-17,NA
"CAWA","can14","2020","forestry_harvest",229,0.20250436183168,0.0778164747651927,-0.124687887066487,-61.5729389424841
"CAWA","can14","2020","forestry_harvest",231,7.17118829251647e-21,9.71495362108978e-20,8.99783479183813e-20,NA
"CAWA","can14","2020","forestry_harvest",232,7.17118829251647e-21,9.71495362108978e-20,8.99783479183813e-20,NA
"CAWA","can14","2020","forestry_harvest",233,2.86847565895541e-20,3.88598191168089e-19,3.59913434578535e-19,NA
"CAWA","can14","2020","forestry_harvest",234,2.15135674421656e-20,2.15135674421656e-20,0,NA
"CAWA","can14","2020","forestry_harvest",236,1.43423765850329e-20,1.94299072421796e-19,1.79956695836763e-19,NA
"CAWA","can14","2020","forestry_harvest",237,1.43423765850329e-20,1.94299072421796e-19,1.79956695836763e-19,NA
"CAWA","can14","2020","forestry_harvest",238,0.0392637718948752,9.1151118358278e-07,-0.0392628603836916,-99.9976784930749
"CAWA","can14","2020","forestry_harvest",239,5.01983240317197e-20,5.90068475899522e-19,5.39870151867802e-19,NA
"CAWA","can14","2020","forestry_harvest",240,2.29478025360527e-19,3.01880681083035e-18,2.78932878546982e-18,NA
"CAWA","can14","2020","forestry_harvest",241,7.02776452666614e-19,9.16074115699446e-18,8.45796470432784e-18,NA
"CAWA","can14","2020","forestry_harvest",242,2.86847531700659e-20,2.9861979692521e-19,2.69935043755144e-19,NA
"CAWA","can14","2020","forestry_harvest",243,1.29081389265296e-19,1.74869165179616e-18,1.61961026253086e-18,NA
"CAWA","can14","2020","forestry_harvest",245,7.88830806212738e-20,4.38796515199809e-19,3.59913434578535e-19,NA
"CAWA","can14","2020","forestry_harvest",246,3.58559414625823e-20,4.85747681054489e-19,4.49891739591907e-19,NA
"CAWA","can14","2020","forestry_harvest",249,3.58559414625823e-20,2.15812637299345e-19,1.79956695836763e-19,NA
"CAWA","can14","2020","forestry_harvest",250,5.01983180476153e-20,5.90068405557903e-19,5.39870087510288e-19,NA
"CAWA","can14","2020","forestry_harvest",251,1.57766142435362e-19,2.13728979663975e-18,1.97952365420439e-18,NA
"CAWA","can14","2020","forestry_harvest",252,0.175304950101354,4.46622176654542e-06,-0.175300483879587,-99.9974523128047
"CAWA","can14","2020","forestry_harvest",253,7.17118914738853e-21,9.71495477920222e-20,8.99783586446337e-20,NA
"CAWA","can14","2020","forestry_harvest",254,2.86847531700659e-20,3.88598144843591e-19,3.59913391673525e-19,NA
"CAWA","can14","2020","forestry_harvest",258,2.86847531700659e-20,3.88598144843591e-19,3.59913391673525e-19,NA
"CAWA","can14","2020","forestry_harvest",259,0.5744170605612,0.0733905724680595,-0.50102648809314,-87.2234692339469
"CAWA","can14","2020","forestry_harvest",260,7.17118914738853e-21,9.71495477920222e-20,8.99783586446337e-20,NA
"CAWA","can14","2020","forestry_harvest",261,2.79676376748153e-19,2.52913534286399e-18,2.24945896611584e-18,NA
"CAWA","can14","2020","forestry_harvest",262,2.29478025360527e-19,3.10878515874873e-18,2.8793071333882e-18,NA
"CAWA","can14","2020","forestry_harvest",263,1.43423765850329e-20,1.94299072421796e-19,1.79956695836763e-19,NA
"CAWA","can14","2020","forestry_harvest",266,1.43423765850329e-20,1.94299072421796e-19,1.79956695836763e-19,NA
"CAWA","can14","2020","forestry_harvest",267,8.60542595101976e-20,1.16579443453077e-18,1.07974017502058e-18,NA
"CAWA","can14","2020","forestry_harvest",268,1.43423765850329e-20,1.94299072421796e-19,1.79956695836763e-19,NA
"CAWA","can14","2020","forestry_harvest",269,2.79676343408142e-19,3.51889686846987e-18,3.23922052506172e-18,NA
"CAWA","can14","2020","forestry_harvest",270,4.30271297550988e-20,3.12962173510243e-19,2.69935043755144e-19,NA
"CAWA","can14","2020","forestry_harvest",271,2.15135648775494e-20,2.01470260714312e-19,1.79956695836763e-19,NA
"CAWA","can14","2020","forestry_harvest",274,7.17118829251647e-21,9.71495362108978e-20,8.99783479183813e-20,NA
"CAWA","can14","2020","forestry_harvest",277,2.15135648775494e-20,2.91448608632693e-19,2.69935043755144e-19,NA
"CAWA","can14","2020","forestry_harvest",278,7.17118829251647e-21,9.71495362108978e-20,8.99783479183813e-20,NA
"CAWA","can14","2020","forestry_harvest",279,1.43423765850329e-20,1.43423765850329e-20,0,NA
"CAWA","can14","2020","forestry_harvest",280,1.50594954142846e-19,1.68022686875533e-18,1.52963191461248e-18,NA
"CAWA","can14","2020","forestry_harvest",281,1.43423765850329e-19,1.94299072421796e-18,1.79956695836763e-18,NA
"CAWA","can14","2020","forestry_harvest",283,1.00396636095231e-19,1.36009350695257e-18,1.25969687085734e-18,NA
"CAWA","can14","2020","forestry_harvest",284,4.58956050721054e-19,6.21757031749746e-18,5.7586142667764e-18,NA
"CAWA","can14","2020","forestry_harvest",285,8.60542595101976e-20,1.16579443453077e-18,1.07974017502058e-18,NA
"CAWA","can14","2020","forestry_harvest",286,7.17118829251647e-21,9.71495362108978e-20,8.99783479183813e-20,NA
"CAWA","can14","2020","forestry_harvest",288,2.15135648775494e-20,1.11491912795931e-19,8.99783479183813e-20,NA
"CAWA","can14","2020","forestry_harvest",289,1.50594954142846e-19,2.04014026042885e-18,1.88954530628601e-18,NA
"CAWA","can14","2020","forestry_harvest",290,7.17118829251647e-21,9.71495362108978e-20,8.99783479183813e-20,NA
"CAWA","can14","2020","forestry_harvest",293,3.29874661455758e-19,4.4688786657013e-18,4.13900400424554e-18,NA
"CAWA","can14","2020","forestry_harvest",295,0.441513479712814,1.09275811345007e-05,-0.441502552131679,-99.9975249722519
"CAWA","can14","2020","forestry_harvest",296,3.58559414625823e-20,2.15812637299345e-19,1.79956695836763e-19,NA
"CAWA","can14","2020","forestry_harvest",298,7.88830712176812e-20,7.0873150664635e-19,6.29848435428669e-19,NA
"CAWA","can14","2020","forestry_harvest",300,6.45406946326482e-20,8.7434582589808e-19,8.09805131265432e-19,NA
"CAWA","can14","2020","forestry_harvest",301,2.33469774916999,6.30493928467935e-05,-2.33463469977715,-99.9972994623023
"CAWA","can14","2020","forestry_harvest",302,7.17118914738853e-19,6.74566894392931e-18,6.02855002919046e-18,NA
"CAWA","can14","2020","forestry_harvest",304,1.43423765850329e-19,1.94299072421796e-18,1.79956695836763e-18,NA
"CAWA","can14","2020","forestry_harvest",308,2.15135648775494e-20,2.15135648775494e-20,0,NA
"CAWA","can14","2020","forestry_harvest",309,4.30271297550988e-20,3.12962173510243e-19,2.69935043755144e-19,NA
"CAWA","can14","2020","forestry_harvest",311,4.30271297550988e-20,5.82897217265387e-19,5.39870087510288e-19,NA
"CAWA","can14","2020","forestry_harvest",312,1.36969696387061e-17,1.80696783375216e-16,1.66999813736517e-16,NA
"CAWA","can14","2020","forestry_harvest",313,0.0175546207409183,4.53174089940913e-07,-0.0175541675668284,-99.997418491139
"CAWA","can14","2020","forestry_harvest",315,2.86847531700659e-20,3.88598144843591e-19,3.59913391673525e-19,NA
"CAWA","can14","2020","forestry_harvest",318,7.17118829251647e-21,9.71495362108978e-20,8.99783479183813e-20,NA
"CAWA","can14","2020","forestry_harvest",320,2.79676343408142e-19,3.78883191222501e-18,3.50915556881687e-18,NA
"CAWA","can14","2020","forestry_harvest",322,2.15135648775494e-20,2.91448608632693e-19,2.69935043755144e-19,NA
"CAWA","can14","2020","forestry_harvest",324,1.86450895605428e-19,2.52588794148334e-18,2.33943704587791e-18,NA
"CAWA","can14","2020","forestry_harvest",330,1.43423765850329e-19,1.94299072421796e-18,1.79956695836763e-18,NA
"CAWA","can14","2020","forestry_harvest",333,7.17118829251647e-21,9.71495362108978e-20,8.99783479183813e-20,NA
"CAWA","can14","2020","forestry_harvest",334,5.01983180476153e-20,4.10111709721141e-19,3.59913391673525e-19,NA
"CAWA","can14","2020","forestry_harvest",338,0.0162979589517009,4.47386064278857e-07,-0.0162975115656367,-99.9972549564912
"CAWA","can14","2020","forestry_harvest",339,8.60542595101976e-20,1.16579443453077e-18,1.07974017502058e-18,NA
"CAWA","can14","2020","forestry_harvest",342,7.17118829251647e-21,9.71495362108978e-20,8.99783479183813e-20,NA
"CAWA","can14","2020","forestry_harvest",343,1.43423765850329e-20,1.94299072421796e-19,1.79956695836763e-19,NA
"CAWA","can14","2020","forestry_harvest",344,7.88830712176812e-20,1.06864489831988e-18,9.89761827102194e-19,NA
"CAWA","can14","2020","forestry_harvest",345,7.17118829251647e-21,9.71495362108978e-20,8.99783479183813e-20,NA
"CAWA","can14","2020","forestry_harvest",346,1.43423765850329e-20,1.94299072421796e-19,1.79956695836763e-19,NA
"CAWA","can14","2020","forestry_harvest",347,7.17118829251647e-21,9.71495362108978e-20,8.99783479183813e-20,NA
"CAWA","can14","2020","forestry_harvest",351,7.17118829251647e-21,9.71495362108978e-20,8.99783479183813e-20,NA
"CAWA","can14","2020","forestry_harvest",354,7.17118829251647e-21,7.17118829251647e-21,0,NA
"CAWA","can14","2020","forestry_harvest",355,4.94811992183636e-19,6.16344791104166e-18,5.66863591885801e-18,NA
"CAWA","can14","2020","forestry_harvest",356,2.86847531700659e-20,3.88598144843591e-19,3.59913391673525e-19,NA
"CAWA","can14","2020","forestry_harvest",357,1.43423765850329e-20,1.94299072421796e-19,1.79956695836763e-19,NA
"CAWA","can14","2020","forestry_harvest",358,7.17118829251647e-21,9.71495362108978e-20,8.99783479183813e-20,NA
"CAWA","can14","2020","forestry_harvest",361,4187.42280281845,4883.8418409345,696.419038116084,16.6312090015687
"CAWA","can14","2020","forestry_harvest",363,1.43423765850329e-20,1.94299072421796e-19,1.79956695836763e-19,NA
"CAWA","can14","2020","forestry_harvest",364,5.01983180476153e-19,6.80046753476284e-18,6.29848435428668e-18,NA
"CAWA","can14","2020","forestry_harvest",365,1.43423765850329e-20,1.94299072421796e-19,1.79956695836763e-19,NA
"CAWA","can14","2020","forestry_harvest",366,1.43423765850329e-20,1.94299072421796e-19,1.79956695836763e-19,NA
"CAWA","can14","2020","forestry_harvest",369,8.60542595101976e-20,1.16579443453077e-18,1.07974017502058e-18,NA
"CAWA","can14","2020","forestry_harvest",370,3.58559414625823e-20,4.85747681054489e-19,4.49891739591907e-19,NA
"CAWA","can14","2020","forestry_harvest",371,7.17118829251647e-21,9.71495362108978e-20,8.99783479183813e-20,NA
"CAWA","can14","2020","forestry_harvest",374,1.36252577557813e-19,1.84584118800706e-18,1.70958861044924e-18,NA
"CAWA","can14","2020","forestry_harvest",377,5.80866251693834e-19,7.86911243308272e-18,7.28824618138888e-18,NA
"CAWA","can14","2020","forestry_harvest",378,5.73695063401318e-20,3.27304550095276e-19,2.69935043755144e-19,NA
"CAWA","can14","2020","forestry_harvest",379,1.43423765850329e-19,1.76303402838119e-18,1.61961026253086e-18,NA
"CAWA","can14","2020","forestry_harvest",381,0.924279648918224,0.0603917138520357,-0.863887935066189,-93.4660777262901
"CAWA","can14","2020","forestry_harvest",383,0.30787454528349,9.1383075658104e-06,-0.307865406975924,-99.9970318080187
"CAWA","can14","2020","forestry_harvest",387,3.15532284870725e-19,4.2745795932795e-18,3.95904730840877e-18,NA
"CAWA","can14","2020","forestry_harvest",391,2.4382040194556e-19,3.30308423117052e-18,3.05926382922496e-18,NA
"CAWA","can14","2020","forestry_harvest",392,7.88830712176812e-20,1.06864489831988e-18,9.89761827102194e-19,NA
"CAWA","can14","2020","forestry_harvest",395,5.01983180476153e-20,5.90068405557903e-19,5.39870087510288e-19,NA
"CAWA","can14","2020","forestry_harvest",396,1.43423765850329e-20,1.94299072421796e-19,1.79956695836763e-19,NA
"CAWA","can14","2020","forestry_harvest",397,7.17118829251647e-21,9.71495362108978e-20,8.99783479183813e-20,NA
"CAWA","can14","2020","forestry_harvest",399,1.43423765850329e-20,1.94299072421796e-19,1.79956695836763e-19,NA
"CAWA","can14","2020","forestry_harvest",401,2.86847531700659e-20,3.88598144843591e-19,3.59913391673525e-19,NA
"CAWA","can14","2020","forestry_harvest",403,1.43423782947771e-19,1.31314244532801e-18,1.16971866238024e-18,NA
"CAWA","can14","2020","forestry_harvest",404,7.17118829251647e-21,9.71495362108978e-20,8.99783479183813e-20,NA
"CAWA","can14","2020","forestry_harvest",405,7.17118829251647e-21,9.71495362108978e-20,8.99783479183813e-20,NA
"CAWA","can14","2020","forestry_harvest",407,0.238519175528857,0.31548463613359,0.0769654606047331,32.2680390094765
"CAWA","can14","2020","forestry_harvest",410,9.32254478027141e-20,1.26294397074167e-18,1.16971852293896e-18,NA
"CAWA","can14","2020","forestry_harvest",414,4.44613674136021e-19,5.66335785340214e-18,5.21874417926611e-18,NA
"CAWA","can14","2020","forestry_harvest",415,5.01983180476153e-20,5.90068405557903e-19,5.39870087510288e-19,NA
"CAWA","can14","2020","forestry_harvest",416,4.30271348843312e-20,4.02940569462866e-19,3.59913434578535e-19,NA
"CAWA","can14","2020","forestry_harvest",418,2.86847531700659e-20,3.88598144843591e-19,3.59913391673525e-19,NA
"CAWA","can14","2020","forestry_harvest",420,5.01983180476153e-20,6.80046753476284e-19,6.29848435428669e-19,NA
"CAWA","can14","2020","forestry_harvest",421,1.36252577557813e-19,1.84584118800706e-18,1.70958861044924e-18,NA
"CAWA","can14","2020","forestry_harvest",424,0.0177504425347896,4.50589902238254e-07,-0.0177499919448874,-99.9974615286275
"CAWA","can14","2020","forestry_harvest",425,1.06133586729244e-18,1.43781313592129e-17,1.33167954919205e-17,NA
"CAWA","can14","2020","forestry_harvest",427,2.15135648775494e-20,2.91448608632693e-19,2.69935043755144e-19,NA
"CAWA","can14","2020","forestry_harvest",428,7.17118829251647e-21,9.71495362108978e-20,8.99783479183813e-20,NA
"CAWA","can14","2020","forestry_harvest",431,7.17118829251647e-21,9.71495362108978e-20,8.99783479183813e-20,NA
"CAWA","can14","2020","forestry_harvest",432,0.0112759451257449,4.25349030822572e-07,-0.0112755197767141,-99.9962278192552
"CAWA","can14","2020","forestry_harvest",433,0.0215442772166186,4.60963942340552e-07,-0.0215438162526762,-99.9978603879921
"CAWA","can14","2020","forestry_harvest",435,0.159713312359424,0.186189408876661,0.0264760965172364,16.5772634266414
"CAWA","can14","2020","forestry_harvest",437,7.17118829251647e-21,9.71495362108978e-20,8.99783479183813e-20,NA
"CAWA","can14","2020","forestry_harvest",438,0.0804201633495574,1.38101979636202e-06,-0.080418782329761,-99.9982827443531
"CAWA","can14","2020","forestry_harvest",439,1.36252577557813e-19,1.84584118800706e-18,1.70958861044924e-18,NA
"CAWA","can14","2020","forestry_harvest",442,7.17118829251647e-21,7.17118829251647e-21,0,NA
"CAWA","can14","2020","forestry_harvest",450,7.17118829251647e-21,9.71495362108978e-20,8.99783479183813e-20,NA
"CAWA","can14","2020","forestry_harvest",451,1.43423765850329e-19,1.94299072421796e-18,1.79956695836763e-18,NA
"CAWA","can14","2020","forestry_harvest",452,7.17118829251647e-21,9.71495362108978e-20,8.99783479183813e-20,NA
"CAWA","can14","2020","forestry_harvest",453,7.17118829251647e-21,9.71495362108978e-20,8.99783479183813e-20,NA
"CAWA","can14","2020","forestry_harvest",454,0.0597332653512361,1.33389383988486e-06,-0.0597319314573962,-99.9977669162534
"CAWA","can14","2020","forestry_harvest",455,0.422420931935527,0.133103418356417,-0.289317513579111,-68.4903355175752
"CAWA","can14","2020","forestry_harvest",456,0.166628066436532,3.16323188947803e-06,-0.166624903204642,-99.9981016211992
"CAWA","can14","2020","forestry_harvest",458,2.22306837068011e-19,3.01163562253783e-18,2.78932878546982e-18,NA
"CAWA","can14","2020","forestry_harvest",459,7.17118829251647e-21,9.71495362108978e-20,8.99783479183813e-20,NA
"CAWA","can14","2020","forestry_harvest",460,7.88830712176812e-20,1.06864489831988e-18,9.89761827102194e-19,NA
"CAWA","can14","2020","forestry_harvest",461,1.00396636095231e-19,1.36009350695257e-18,1.25969687085734e-18,NA
"CAWA","can14","2020","forestry_harvest",462,7.17118829251647e-21,9.71495362108978e-20,8.99783479183813e-20,NA
"CAWA","can14","2020","forestry_harvest",464,0.0565935806259077,1.35701871452896e-06,-0.0565922236071932,-99.99760216848
"CAWA","can14","2020","forestry_harvest",466,2.86847531700659e-20,3.88598144843591e-19,3.59913391673525e-19,NA
"CAWA","can14","2020","forestry_harvest",472,6.095510048639e-19,8.25771057792631e-18,7.6481595730624e-18,NA
"CAWA","can14","2020","forestry_harvest",473,4.30271297550988e-20,5.82897217265387e-19,5.39870087510288e-19,NA
"CAWA","can14","2020","forestry_harvest",474,7.17118829251647e-21,9.71495362108978e-20,8.99783479183813e-20,NA
"CAWA","can14","2020","forestry_harvest",475,7.17118829251647e-21,9.71495362108978e-20,8.99783479183813e-20,NA
"CAWA","can14","2020","forestry_harvest",476,0.137108171963616,2.55970625200197e-06,-0.137105612257364,-99.9981330753555
"CAWA","can14","2020","forestry_harvest",477,0.0218554720212689,3.97671470974027e-07,-0.0218550743497979,-99.9981804489485
"CAWA","can14","2020","forestry_harvest",478,2.36649213653043e-19,3.20593469495963e-18,2.96928548130658e-18,NA
"CAWA","can14","2020","forestry_harvest",480,4.30271297550988e-20,2.22983825591861e-19,1.79956695836763e-19,NA
"CAWA","can14","2020","forestry_harvest",481,7.17118829251647e-21,7.17118829251647e-21,0,NA
"CAWA","can14","2020","forestry_harvest",482,0.107270640499807,1.77038263236002e-06,-0.107268870117175,-99.9983496112039
"CAWA","can14","2020","forestry_harvest",483,0.0853849898910377,0.115260786619155,0.0298757967281172,34.9895183758207
"CAWA","can14","2020","forestry_harvest",484,1.43423765850329e-20,1.94299072421796e-19,1.79956695836763e-19,NA
"CAWA","can14","2020","forestry_harvest",485,1.85016657946925e-18,2.50645803424118e-17,2.32144137629425e-17,NA
"CAWA","can14","2020","forestry_harvest",487,3.58559414625823e-20,4.85747681054489e-19,4.49891739591907e-19,NA
"CAWA","can14","2020","forestry_harvest",489,0.0172508958878259,4.35591563643982e-07,-0.0172504602962623,-99.9974749626542
"CAWA","can14","2020","forestry_harvest",490,0.0252048742758746,4.60025227893507e-07,-0.0252044142506467,-99.9981748560899
"CAWA","can14","2020","forestry_harvest",491,0.0200359930226752,3.96816574070335e-07,-0.0200355962061012,-99.9980194813722
"CAWA","can14","2020","forestry_harvest",493,7.17118829251647e-21,9.71495362108978e-20,8.99783479183813e-20,NA
"CAWA","can14","2020","forestry_harvest",497,0.0554412596760654,9.06130122807312e-07,-0.0554403535459426,-99.9983656032924
"CAWA","can14","2020","forestry_harvest",498,2.15135648775494e-20,2.91448608632693e-19,2.69935043755144e-19,NA
"CAWA","can14","2020","forestry_harvest",499,1.64937330727879e-19,2.23443933285065e-18,2.06950200212277e-18,NA
"CAWA","can14","2020","forestry_harvest",500,3.58559414625823e-20,4.85747681054489e-19,4.49891739591907e-19,NA
"CAWA","can14","2020","forestry_harvest",501,2.4382040194556e-19,3.30308423117052e-18,3.05926382922496e-18,NA
"CAWA","can14","2020","forestry_harvest",502,7.17118829251647e-21,9.71495362108978e-20,8.99783479183813e-20,NA
"CAWA","can14","2020","forestry_harvest",503,0.636222484403213,0.313779993261753,-0.322442491141459,-50.6807758364459
"CAWA","can14","2020","forestry_harvest",506,4.30271297550988e-20,5.82897217265387e-19,5.39870087510288e-19,NA
"CAWA","can14","2020","forestry_harvest",507,7.17118829251647e-21,9.71495362108978e-20,8.99783479183813e-20,NA
"CAWA","can14","2020","forestry_harvest",508,1.43423765850329e-20,1.94299072421796e-19,1.79956695836763e-19,NA
"CAWA","can14","2020","forestry_harvest",509,1.57766142435362e-19,2.13728979663975e-18,1.97952365420439e-18,NA
"CAWA","can14","2020","forestry_harvest",510,7.17118829251647e-21,9.71495362108978e-20,8.99783479183813e-20,NA
"CAWA","can14","2020","forestry_harvest",512,8.60542595101976e-20,9.85837738694011e-19,8.99783479183813e-19,NA
"CAWA","can14","2020","forestry_harvest",513,0.0246312315188251,4.44086043327548e-07,-0.0246307874327817,-99.9981970611458
"CAWA","can14","2020","forestry_harvest",515,3.58559414625823e-20,4.85747681054489e-19,4.49891739591907e-19,NA
"CAWA","can14","2020","forestry_harvest",516,6.45406946326482e-20,8.7434582589808e-19,8.09805131265432e-19,NA
"CAWA","can14","2020","forestry_harvest",519,0.0939479247207409,2.17734686500833e-06,-0.0939457473738759,-99.9976823896095
"CAWA","can14","2020","forestry_harvest",523,4.58956050721054e-19,6.21757031749746e-18,5.7586142667764e-18,NA
"CAWA","can14","2020","forestry_harvest",524,7.17118829251647e-21,9.71495362108978e-20,8.99783479183813e-20,NA
"CAWA","can14","2020","forestry_harvest",526,0.0843902608416058,2.65171502872456e-06,-0.0843876091265771,-99.9968577949608
"CAWA","can14","2020","forestry_harvest",527,7.17118829251647e-21,9.71495362108978e-20,8.99783479183813e-20,NA
"CAWA","can14","2020","forestry_harvest",531,0.0480920415998785,1.01665679018476e-06,-0.0480910249430883,-99.9978860186501
"CAWA","can14","2020","forestry_harvest",532,7.17118829251647e-21,7.17118829251647e-21,0,NA
"CAWA","can14","2020","forestry_harvest",533,0.0205392458085396,4.60389937360042e-07,-0.0205387854186022,-99.9977584866472
"CAWA","can14","2020","forestry_harvest",534,7.17118829251647e-21,9.71495362108978e-20,8.99783479183813e-20,NA
"CAWA","can14","2020","forestry_harvest",538,0.852874801341348,2.03590818666816e-05,-0.852854442259481,-99.9976128873974
"CAWA","can14","2020","forestry_harvest",539,0.0535420985521362,9.31742554372203e-07,-0.0535411668095818,-99.9982597944803
"CAWA","can14","2020","forestry_harvest",540,0.0957243840751707,1.72769070841731e-06,-0.0957226563844623,-99.9981951404283
"CAWA","can14","2020","forestry_harvest",542,5.01983180476153e-20,6.80046753476284e-19,6.29848435428669e-19,NA
"CAWA","can14","2020","forestry_harvest",544,0.567678437871528,0.24317107598166,-0.324507361889869,-57.1639400479234
"CAWA","can14","2020","forestry_harvest",547,2.15135648775494e-20,2.91448608632693e-19,2.69935043755144e-19,NA
"CAWA","can14","2020","forestry_harvest",548,7.17118829251647e-20,9.71495362108978e-19,8.99783479183813e-19,NA
"CAWA","can14","2020","forestry_harvest",551,7.17118829251647e-21,9.71495362108978e-20,8.99783479183813e-20,NA
"CAWA","can14","2020","forestry_harvest",552,3.58559414625823e-20,4.85747681054489e-19,4.49891739591907e-19,NA
"CAWA","can14","2020","forestry_harvest",553,2.15135648775494e-20,2.15135648775494e-20,0,NA
"CAWA","can14","2020","forestry_harvest",554,0.0947592000089115,2.01824547986763e-06,-0.0947571817634316,-99.9978701324202
"CAWA","can14","2020","forestry_harvest",558,1.43423765850329e-20,1.94299072421796e-19,1.79956695836763e-19,NA
"CAWA","can14","2020","forestry_harvest",559,7.17118829251647e-21,9.71495362108978e-20,8.99783479183813e-20,NA
"CAWA","can14","2020","forestry_harvest",560,5.37839121938735e-19,7.28621521581733e-18,6.74837609387859e-18,NA
"CAWA","can14","2020","forestry_harvest",562,2.86847531700659e-20,3.88598144843591e-19,3.59913391673525e-19,NA
"CAWA","can14","2020","forestry_harvest",564,7.17118829251647e-21,9.71495362108978e-20,8.99783479183813e-20,NA
"CAWA","can14","2020","forestry_harvest",567,0.890655584644174,0.210541459742067,-0.680114124902108,-76.3610689280997
"CAWA","can14","2020","forestry_harvest",569,7.17118829251647e-21,9.71495362108978e-20,8.99783479183813e-20,NA
"CAWA","can14","2020","forestry_harvest",571,7.17118829251647e-21,9.71495362108978e-20,8.99783479183813e-20,NA
"CAWA","can14","2020","forestry_harvest",572,3.58559414625823e-20,4.85747681054489e-19,4.49891739591907e-19,NA
"CAWA","can14","2020","forestry_harvest",573,4.30271297550988e-20,5.82897217265387e-19,5.39870087510288e-19,NA
"CAWA","can14","2020","forestry_harvest",574,4.30271297550988e-20,5.82897217265387e-19,5.39870087510288e-19,NA
"CAWA","can14","2020","forestry_harvest",575,3.80072979503373e-19,4.96896872334082e-18,4.58889574383744e-18,NA
"CAWA","can14","2020","forestry_harvest",577,1.43423765850329e-20,1.94299072421796e-19,1.79956695836763e-19,NA
"CAWA","can14","2020","forestry_harvest",579,0.302055241843801,0.13255198032517,-0.16950326151863,-56.1166429305948
"CAWA","can14","2020","forestry_harvest",581,0.124931232979127,0.131119706062553,0.00618847308342607,4.95350356820703
"CAWA","can14","2020","forestry_harvest",582,2.15135648775494e-20,2.91448608632693e-19,2.69935043755144e-19,NA
"CAWA","can14","2020","forestry_harvest",584,7.17118829251647e-21,9.71495362108978e-20,8.99783479183813e-20,NA
"CAWA","can14","2020","forestry_harvest",585,0.0276085609585826,0.0275937939025583,-1.47670560242119e-05,-0.053487235522217
"CAWA","can14","2020","forestry_harvest",586,0.198980135292136,0.219656990234045,0.0206768549419096,10.3914166665695
"CAWA","can14","2020","forestry_harvest",587,1.43423765850329e-20,1.94299072421796e-19,1.79956695836763e-19,NA
"CAWA","can14","2020","forestry_harvest",588,0.198513851332975,0.107786523140694,-0.0907273281922815,-45.7032733902789
"CAWA","can14","2020","forestry_harvest",589,0.147454878081046,0.0188702227864571,-0.128584655294589,-87.2027137846973
"CAWA","can14","2020","forestry_harvest",590,0.32867065277834,0.319757393362741,-0.00891325941559895,-2.71191216503597
"CAWA","can14","2020","forestry_harvest",591,7.17118829251647e-21,9.71495362108978e-20,8.99783479183813e-20,NA
"CAWA","can14","2020","forestry_harvest",592,2.33063619506787e-18,3.15735992685421e-17,2.92429630734741e-17,NA
"CAWA","can14","2020","forestry_harvest",593,2.86847531700659e-20,3.88598144843591e-19,3.59913391673525e-19,NA
"CAWA","can14","2020","forestry_harvest",594,0.0241055388530005,7.94761859890939e-07,-0.0241047440911406,-99.9967029906913
"CAWA","can14","2020","forestry_harvest",595,0.57473612082991,0.154764635960308,-0.419971484869602,-73.0720533560984
"CAWA","can14","2020","forestry_harvest",597,7.17118829251647e-21,9.71495362108978e-20,8.99783479183813e-20,NA
"CAWA","can14","2020","forestry_harvest",598,7.88830712176812e-20,1.06864489831988e-18,9.89761827102194e-19,NA
"CAWA","can14","2020","forestry_harvest",603,1.29081389265296e-19,1.74869165179616e-18,1.61961026253086e-18,NA
"CAWA","can14","2020","forestry_harvest",608,7.17118829251647e-21,9.71495362108978e-20,8.99783479183813e-20,NA
"CAWA","can14","2020","forestry_harvest",611,2.22306837068011e-19,2.92165727461945e-18,2.69935043755144e-18,NA
"CAWA","can14","2020","forestry_harvest",612,1.2191020097278e-19,1.65154211558526e-18,1.52963191461248e-18,NA
"CAWA","can14","2020","forestry_harvest",613,0.499014222759391,0.277035937801325,-0.221978284958066,-44.4833583561199
"CAWA","can14","2020","forestry_harvest",614,0.0750128963992902,0.0563358153009107,-0.0186770810983795,-24.8984934523288
"CAWA","can14","2020","forestry_harvest",617,3.58559414625823e-20,4.85747681054489e-19,4.49891739591907e-19,NA
"CAWA","can14","2020","forestry_harvest",618,2.86847531700659e-20,1.18663101088447e-19,8.99783479183813e-20,NA
"CAWA","can14","2020","forestry_harvest",619,7.88830712176812e-20,1.06864489831988e-18,9.89761827102194e-19,NA
"CAWA","can14","2020","forestry_harvest",620,1.43423765850329e-20,1.94299072421796e-19,1.79956695836763e-19,NA
"CAWA","can14","2020","forestry_harvest",621,1.43423765850329e-20,1.94299072421796e-19,1.79956695836763e-19,NA
"CAWA","can14","2020","forestry_harvest",622,0.292479270952452,0.114445943058255,-0.178033327894196,-60.8704088034804
"CAWA","can14","2020","forestry_harvest",625,0.0222908226397567,0.0222915919124784,7.69272721745651e-07,0.00345107371844419
"CAWA","can14","2020","forestry_harvest",626,5.52181498523768e-19,7.48051428823913e-18,6.92833278971535e-18,NA
"CAWA","can14","2020","forestry_harvest",627,2.15135648775494e-20,2.91448608632693e-19,2.69935043755144e-19,NA
"CAWA","can14","2020","forestry_harvest",628,7.17118829251647e-21,9.71495362108978e-20,8.99783479183813e-20,NA
"CAWA","can14","2020","forestry_harvest",629,0.144576650594747,0.028663113626928,-0.115913536967819,-80.1744517465191
"CAWA","can14","2020","forestry_harvest",630,5.66523875108801e-19,7.67481336066092e-18,7.10828948555211e-18,NA
"CAWA","can14","2020","forestry_harvest",631,2.15135648775494e-20,2.91448608632693e-19,2.69935043755144e-19,NA
"CAWA","can14","2020","forestry_harvest",634,2.86847531700659e-20,3.88598144843591e-19,3.59913391673525e-19,NA
"CAWA","can14","2020","forestry_harvest",637,2.15135648775494e-20,2.91448608632693e-19,2.69935043755144e-19,NA
"CAWA","can14","2020","forestry_harvest",638,6.31064569741449e-19,8.549159186559e-18,7.91809461681755e-18,NA
"CAWA","can14","2020","forestry_harvest",643,2.07964460482978e-19,2.81733655011604e-18,2.60937208963306e-18,NA
"CAWA","can14","2020","forestry_harvest",644,7.17118829251647e-20,9.71495362108978e-19,8.99783479183813e-19,NA
"CAWA","can14","2020","forestry_harvest",646,0.234740849671553,0.0904933036957991,-0.144247545975754,-61.4496991800037
"CAWA","can14","2020","forestry_harvest",651,2.86847531700659e-20,3.88598144843591e-19,3.59913391673525e-19,NA
"CAWA","can14","2020","forestry_harvest",652,7.17118829251647e-21,9.71495362108978e-20,8.99783479183813e-20,NA
"CAWA","can14","2020","forestry_harvest",653,3.58559414625823e-20,4.85747681054489e-19,4.49891739591907e-19,NA
"CAWA","can14","2020","forestry_harvest",655,0.0266987870003381,4.64123526172199e-07,-0.0266983228768119,-99.9982616306645
"CAWA","can14","2020","forestry_harvest",656,1.43423765850329e-20,1.94299072421796e-19,1.79956695836763e-19,NA
"CAWA","can14","2020","forestry_harvest",657,7.17118829251647e-21,9.71495362108978e-20,8.99783479183813e-20,NA
"CAWA","can14","2020","forestry_harvest",659,5.01983180476153e-20,5.00090057639522e-19,4.49891739591907e-19,NA
"CAWA","can14","2020","forestry_harvest",660,7.17118829251647e-21,9.71495362108978e-20,8.99783479183813e-20,NA
"CAWA","can14","2020","forestry_harvest",662,0.0108589373247981,0.00785612782160938,-0.00300280950318876,-27.6528854838434
"CAWA","can14","2020","forestry_harvest",664,2.50991590238076e-19,3.40023376738142e-18,3.14924217714334e-18,NA
"CAWA","can14","2020","forestry_harvest",665,1.77128350825157e-18,2.39959354440919e-17,2.22246519358403e-17,NA
"CAWA","can14","2020","forestry_harvest",667,9.32254478027141e-20,1.08298727490491e-18,9.89761827102194e-19,NA
"CAWA","can14","2020","forestry_harvest",668,0.23580924269478,6.23501251490904e-06,-0.235803007682265,-99.997355908342
"CAWA","can14","2020","forestry_harvest",669,0.0173701703983942,4.18337620808116e-07,-0.0173697520607734,-99.9975916320266
"CAWA","can14","2020","forestry_harvest",671,7.17118829251647e-21,9.71495362108978e-20,8.99783479183813e-20,NA
"CAWA","can14","2020","forestry_harvest",672,7.17118829251647e-21,9.71495362108978e-20,8.99783479183813e-20,NA
"CAWA","can14","2020","forestry_harvest",675,9.27951765051626e-18,1.24811716377718e-16,1.15532198727202e-16,NA
"CAWA","can14","2020","forestry_harvest",677,1.43423765850329e-20,1.94299072421796e-19,1.79956695836763e-19,NA
"CAWA","can14","2020","forestry_harvest",680,3.18400760187735e-18,4.08849353796795e-17,3.7700927777802e-17,NA
"CAWA","can14","2020","forestry_harvest",681,7.17118829251647e-21,9.71495362108978e-20,8.99783479183813e-20,NA
"CAWA","can14","2020","forestry_harvest",682,0.238236032368269,0.178821870517345,-0.0594141618509239,-24.939200531631
"CAWA","can14","2020","forestry_harvest",686,0.019180260007472,4.44558810211288e-07,-0.0191798154486618,-99.9976822065497
"CAWA","can14","2020","forestry_harvest",690,7.17118829251647e-21,7.17118829251647e-21,0,NA
"CAWA","can14","2020","forestry_harvest",691,2.15135648775494e-20,2.91448608632693e-19,2.69935043755144e-19,NA
"CAWA","can14","2020","forestry_harvest",694,2.15135648775494e-20,2.91448608632693e-19,2.69935043755144e-19,NA
"CAWA","can14","2020","forestry_harvest",695,0.112592286266031,0.0466098819821905,-0.0659824042838407,-58.6029527173279
"CAWA","can14","2020","forestry_harvest",697,0.0250371392949094,5.77519110347269e-07,-0.025036561775799,-99.9976933502524
"CAWA","can14","2020","forestry_harvest",698,7.17118829251647e-21,9.71495362108978e-20,8.99783479183813e-20,NA
"CAWA","can14","2020","forestry_harvest",699,4.30271297550988e-20,5.82897217265387e-19,5.39870087510288e-19,NA
"CAWA","can14","2020","forestry_harvest",700,0.0319625513464317,0.0255854172165182,-0.00637713412991348,-19.9518932665725
"CAWA","can14","2020","forestry_harvest",703,2.15135648775494e-20,2.91448608632693e-19,2.69935043755144e-19,NA
"CAWA","can14","2020","forestry_harvest",704,0.551636736680224,1.13810430720665e-05,-0.551625355637152,-99.9979368591112
"CAWA","can14","2020","forestry_harvest",705,0.236125391602626,4.88576692638257e-06,-0.2361205058357,-99.9979308591536
"CAWA","can14","2020","forestry_harvest",712,2.86847531700659e-20,3.88598144843591e-19,3.59913391673525e-19,NA
"CAWA","can14","2020","forestry_harvest",713,0.0384603644216908,8.53584201660782e-07,-0.0384595108374891,-99.9977806133288
"CAWA","can14","2020","forestry_harvest",714,0.327491309808339,0.182583076293141,-0.144908233515198,-44.2479629764844
"CAWA","can14","2020","forestry_harvest",715,0.0160608200052312,4.03335550206916e-07,-0.016060416669681,-99.9974886988954
"CAWA","can14","2020","forestry_harvest",717,7.17118829251647e-21,7.17118829251647e-21,0,NA
"CAWA","can14","2020","forestry_harvest",721,2.15135648775494e-20,2.91448608632693e-19,2.69935043755144e-19,NA
"CAWA","can14","2020","forestry_harvest",722,0.0189005204083372,4.6027406004856e-07,-0.0189000601342772,-99.997564754567
"CAWA","can14","2020","forestry_harvest",723,0.0498831711291623,9.16533722734671e-07,-0.0498822545954396,-99.9981626394193
"CAWA","can14","2020","forestry_harvest",724,0.0450121213539023,9.12290303155729e-07,-0.0450112090635992,-99.9979732341518
"CAWA","can14","2020","forestry_harvest",725,7.17118829251647e-21,9.71495362108978e-20,8.99783479183813e-20,NA
"CAWA","can14","2020","forestry_harvest",727,8.69380675662132e-05,0.0203336005174553,0.0202466624498891,23288.6041945537
"CAWA","can14","2020","forestry_harvest",730,6.45406946326482e-20,6.04410782142936e-19,5.39870087510288e-19,NA
"CAWA","can14","2020","forestry_harvest",731,0.116766347449438,0.0850709795965068,-0.0316953678529317,-27.1442659167328
"CAWA","can14","2020","forestry_harvest",732,0.0198590728304548,0.0209799626570839,0.00112088982662906,5.64422033293578
"CAWA","can14","2020","forestry_harvest",735,6.45406946326482e-20,8.7434582589808e-19,8.09805131265432e-19,NA
"CAWA","can14","2020","forestry_harvest",736,5.66523875108801e-19,7.40487831690578e-18,6.83835444179697e-18,NA
"CAWA","can14","2020","forestry_harvest",737,7.17118829251647e-21,9.71495362108978e-20,8.99783479183813e-20,NA
"CAWA","can14","2020","forestry_harvest",738,7.17118829251647e-21,9.71495362108978e-20,8.99783479183813e-20,NA
"CAWA","can14","2020","forestry_harvest",739,2.7807788032008,0.95988002156883,-1.82089878163197,-65.4816118252927
"CAWA","can14","2020","forestry_harvest",741,0.00386257840621246,0.00768373250081411,0.00382115409460165,98.9275476830664
"CAWA","can14","2020","forestry_harvest",742,7.17118829251647e-21,9.71495362108978e-20,8.99783479183813e-20,NA
"CAWA","can14","2020","forestry_harvest",743,7.67317147299262e-19,9.40523854746387e-18,8.63792140016461e-18,NA
"CAWA","can14","2020","forestry_harvest",746,1.43423765850329e-20,1.94299072421796e-19,1.79956695836763e-19,NA
"CAWA","can14","2020","forestry_harvest",747,2.36649213653043e-19,3.20593469495963e-18,2.96928548130658e-18,NA
"CAWA","can14","2020","forestry_harvest",748,0.197289662907032,0.0510115913436704,-0.146278071563362,-74.1438093653653
"CAWA","can14","2020","forestry_harvest",750,1.43423765850329e-20,1.94299072421796e-19,1.79956695836763e-19,NA
"CAWA","can14","2020","forestry_harvest",751,5.01983180476153e-20,6.80046753476284e-19,6.29848435428669e-19,NA
"CAWA","can14","2020","forestry_harvest",752,4.30271297550988e-20,4.02940521428624e-19,3.59913391673525e-19,NA
"CAWA","can14","2020","forestry_harvest",753,0.0208956351031375,4.54792308774855e-07,-0.0208951803108287,-99.9978235056914
"CAWA","can14","2020","forestry_harvest",755,0.227897323214021,4.21490494874658e-06,-0.227893108309073,-99.9981505245918
"CAWA","can14","2020","forestry_harvest",757,0.0264007115157969,4.61610904051421e-07,-0.0264002499048929,-99.9982515209722
"CAWA","can14","2020","forestry_harvest",758,1.43423765850329e-20,1.94299072421796e-19,1.79956695836763e-19,NA
"CAWA","can14","2020","forestry_harvest",761,7.17118829251647e-21,9.71495362108978e-20,8.99783479183813e-20,NA
"CAWA","can14","2020","forestry_harvest",763,30.852464297945,2.72723765454233,-28.1252266434028,-91.1603895617378
"CAWA","can14","2020","forestry_harvest",764,0.0685581325798421,1.30652266079363e-06,-0.0685568260571813,-99.9980942849351
"CAWA","can14","2020","forestry_harvest",765,0.0881007703306933,1.38474156369952e-06,-0.0880993855891296,-99.9984282299025
"CAWA","can14","2020","forestry_harvest",766,0.0935696921597691,1.93032651307931e-06,-0.093567761833256,-99.997937017352
"CAWA","can14","2020","forestry_harvest",767,0.201467697847233,3.04290586793181e-06,-0.201464654941365,-99.9984896308935
"CAWA","can14","2020","forestry_harvest",769,2.86847531700659e-20,3.88598144843591e-19,3.59913391673525e-19,NA
"CAWA","can14","2020","forestry_harvest",772,1.43423765850329e-20,1.94299072421796e-19,1.79956695836763e-19,NA
"CAWA","can14","2020","forestry_harvest",775,0.0285739929554429,4.32949111423099e-07,-0.0285735600063315,-99.9984848141032
"CAWA","can14","2020","forestry_harvest",777,0.0278906363155698,4.56423570743015e-07,-0.027890179891999,-99.9983635239957
"CAWA","can14","2020","forestry_harvest",778,0.0465316575655249,1.27791659792554e-06,-0.046530379648927,-99.997253661991
"CAWA","can14","2020","forestry_harvest",781,0.461509501697872,7.79553873240113e-06,-0.46150170615914,-99.9983108606207
"CAWA","can14","2020","forestry_harvest",783,0.0666659135368668,1.36833080596204e-06,-0.0666645452060608,-99.9979474806038
"CAWA","can14","2020","forestry_harvest",784,0.271256536396661,0.124350508038559,-0.146906028358102,-54.1575994110904
"CAWA","can14","2020","forestry_harvest",785,1.52480115697108,1.55912088481915,0.0343197278480705,2.25076743227586
"CAWA","can14","2020","forestry_harvest",786,5.01983180476153e-20,6.80046753476284e-19,6.29848435428669e-19,NA
"CAWA","can14","2020","forestry_harvest",787,0.0535922130377986,9.32073354766567e-07,-0.0535912809644438,-99.9982608045051
"CAWA","can14","2020","forestry_harvest",788,1.43423765850329e-20,1.94299072421796e-19,1.79956695836763e-19,NA
"CAWA","can14","2020","forestry_harvest",789,2.22306837068011e-19,3.01163562253783e-18,2.78932878546982e-18,NA
"CAWA","can14","2020","forestry_harvest",790,1.43423765850329e-19,1.31314228878929e-18,1.16971852293896e-18,NA
"CAWA","can14","2020","forestry_harvest",791,6.45406946326482e-20,8.7434582589808e-19,8.09805131265432e-19,NA
"CAWA","can14","2020","forestry_harvest",792,2.86847531700659e-19,3.88598144843591e-18,3.59913391673525e-18,NA
"CAWA","can14","2020","forestry_harvest",795,0.0316504948796004,5.88010918039342e-07,-0.0316499068686823,-99.9981421746476
"CAWA","can14","2020","forestry_harvest",796,0.0248221974183995,4.5860812095451e-07,-0.0248217388102786,-99.998152427389
"CAWA","can14","2020","forestry_harvest",797,0.0189443913052265,4.0212319333588e-07,-0.0189439891820332,-99.9978773496236
"CAWA","can14","2020","forestry_harvest",800,1.76398666144408,0.477140657196962,-1.28684600424712,-72.9510053774243
"CAWA","can14","2020","forestry_harvest",801,0.0537082204818253,9.23577846984205e-07,-0.0537072969039784,-99.9982803789835
"CAWA","can14","2020","forestry_harvest",802,7.17118829251647e-21,9.71495362108978e-20,8.99783479183813e-20,NA
"CAWA","can14","2020","forestry_harvest",805,2.36649213653043e-19,3.11595634704125e-18,2.8793071333882e-18,NA
"CAWA","can14","2020","forestry_harvest",807,7.17118829251647e-21,9.71495362108978e-20,8.99783479183813e-20,NA
"CAWA","can14","2020","forestry_harvest",808,2.15135648775494e-20,2.01470260714312e-19,1.79956695836763e-19,NA
"CAWA","can14","2020","forestry_harvest",809,6.00945578912892e-18,8.06914845613863e-17,7.46820287722569e-17,NA
"CAWA","can14","2020","forestry_harvest",815,2.86847531700659e-20,3.88598144843591e-19,3.59913391673525e-19,NA
"CAWA","can14","2020","forestry_harvest",816,0.293499912261925,3.99856863118705e-06,-0.293495913693294,-99.9986376252721
"CAWA","can14","2020","forestry_harvest",818,0.0400930310262493,9.09687191523501e-07,-0.0400921213390578,-99.9977310590688
"CAWA","can14","2020","forestry_harvest",822,0.484507429419578,0.133503793177105,-0.351003636242473,-72.4454600547535
"CAWA","can14","2020","forestry_harvest",824,1.29798508094548e-18,1.75840660541726e-17,1.62860809732271e-17,NA
"CAWA","can14","2020","forestry_harvest",825,1.43423765850329e-20,1.94299072421796e-19,1.79956695836763e-19,NA
"CAWA","can14","2020","forestry_harvest",826,0.0300753281445076,4.55854797791809e-07,-0.0300748722897098,-99.9984842898618
"CAWA","can14","2020","forestry_harvest",831,3.58559414625823e-20,4.85747681054489e-19,4.49891739591907e-19,NA
"CAWA","can14","2020","forestry_harvest",832,1.43423765850329e-20,1.94299072421796e-19,1.79956695836763e-19,NA
"CAWA","can14","2020","forestry_harvest",833,7.17118829251647e-21,7.17118829251647e-21,0,NA
"CAWA","can14","2020","forestry_harvest",836,0.547487307485861,0.171565442509203,-0.375921864976658,-68.6631196443521
"CAWA","can14","2020","forestry_harvest",837,0.257298311096013,0.114892423662504,-0.142405887433508,-55.3466079224938
"CAWA","can14","2020","forestry_harvest",838,0.031174570295057,4.64399728443221e-07,-0.0311741058953285,-99.9985103251655
"CAWA","can14","2020","forestry_harvest",839,2.15135648775494e-20,2.91448608632693e-19,2.69935043755144e-19,NA
"CAWA","can14","2020","forestry_harvest",842,0.262983392294247,0.0900613839051364,-0.172922008389111,-65.7539652525402
"CAWA","can14","2020","forestry_harvest",844,0.322948210569771,3.40800942207262e-06,-0.322944802560349,-99.9989447195214
"CAWA","can14","2020","forestry_harvest",847,4.30271297550988e-20,5.82897217265387e-19,5.39870087510288e-19,NA
"CAWA","can14","2020","forestry_harvest",850,2.15135648775494e-20,2.91448608632693e-19,2.69935043755144e-19,NA
"CAWA","can14","2020","forestry_harvest",851,5.01983180476153e-20,2.30155013884378e-19,1.79956695836763e-19,NA
"CAWA","can14","2020","forestry_harvest",852,2.22306837068011e-19,3.01163562253783e-18,2.78932878546982e-18,NA
"CAWA","can14","2020","forestry_harvest",853,0.837009744974266,0.0848897776659186,-0.752119967308348,-89.8579702117412
"CAWA","can14","2020","forestry_harvest",854,0.032596279256647,4.16587837849853e-07,-0.0325958626688091,-99.9987219773319
"CAWA","can14","2020","forestry_harvest",855,2.07964460482978e-19,2.81733655011604e-18,2.60937208963306e-18,NA
"CAWA","can14","2020","forestry_harvest",856,7.17118829251647e-21,9.71495362108978e-20,8.99783479183813e-20,NA
"CAWA","can14","2020","forestry_harvest",857,0.132023783212603,0.0209083751591698,-0.111115408053433,-84.1631752625205
"CAWA","can14","2020","forestry_harvest",858,0.031066026494746,5.64150262006088e-07,-0.031065462344484,-99.9981840282596
"CAWA","can14","2020","forestry_harvest",860,3.58559414625823e-20,4.85747681054489e-19,4.49891739591907e-19,NA
"CAWA","can14","2020","forestry_harvest",861,0.0258758502306566,3.97747139019885e-07,-0.0258754524835176,-99.9984628634983
"CAWA","can14","2020","forestry_harvest",862,0.155820779400049,1.71938348851287e-06,-0.15581906001656,-99.998896563414
"CAWA","can14","2020","forestry_harvest",865,0.0290844432715534,0.0277297577338509,-0.00135468553770246,-4.65776678292976
"CAWA","can14","2020","forestry_harvest",866,1.43423765850329e-20,1.94299072421796e-19,1.79956695836763e-19,NA
"CAWA","can14","2020","forestry_harvest",867,1.43423765850329e-20,1.94299072421796e-19,1.79956695836763e-19,NA
"CAWA","can14","2020","forestry_harvest",868,1.80713944971415e-18,2.44816831251464e-17,2.26745436754322e-17,NA
"CAWA","can14","2020","forestry_harvest",870,0.0256026609162039,0.0294980083845846,0.00389534746838072,15.2146196097741
"CAWA","can14","2020","forestry_harvest",873,7.17118829251647e-21,9.71495362108978e-20,8.99783479183813e-20,NA
"CAWA","can14","2020","forestry_harvest",874,0.571022352372936,0.214536960116676,-0.356485392256261,-62.429323611388
"CAWA","can14","2020","forestry_harvest",876,0.0725916362136401,0.0899365865957336,0.0173449503820935,23.8938688901385
"CAWA","can14","2020","forestry_harvest",877,0.0429103376791548,0.0647065817353488,0.021796244056194,50.7948555874038
"CAWA","can14","2020","forestry_harvest",878,7.17118829251647e-21,9.71495362108978e-20,8.99783479183813e-20,NA
"CAWA","can14","2020","forestry_harvest",879,1.43423765850329e-20,1.94299072421796e-19,1.79956695836763e-19,NA
"CAWA","can14","2020","forestry_harvest",880,1.43423765850329e-20,1.94299072421796e-19,1.79956695836763e-19,NA
"CAWA","can14","2020","forestry_harvest",881,0.015673339378437,4.7035481843583e-07,-0.0156728690236185,-99.996999013375
"CAWA","can14","2020","forestry_harvest",882,0.0303290855571299,0.0280249014138787,-0.00230418414325118,-7.59727535771186
"CAWA","can14","2020","forestry_harvest",883,1.2191020097278e-19,1.65154211558526e-18,1.52963191461248e-18,NA
"CAWA","can14","2020","forestry_harvest",885,1.43423765850329e-20,1.94299072421796e-19,1.79956695836763e-19,NA
"CAWA","can14","2020","forestry_harvest",886,0.0366916855732624,4.29450767640369e-07,-0.0366912561224948,-99.9988295692582
"CAWA","can14","2020","forestry_harvest",887,7.17118829251647e-21,9.71495362108978e-20,8.99783479183813e-20,NA
"CAWA","can14","2020","forestry_harvest",891,0.128173667209847,0.132666637137505,0.00449296992765724,3.50537674817503
"CAWA","can14","2020","forestry_harvest",892,1.07567824387747e-19,9.17372955653179e-19,8.09805131265432e-19,NA
"CAWA","can14","2020","forestry_harvest",893,0.166055385498487,1.8305437196122e-06,-0.166053554954767,-99.9988976306224
"CAWA","can14","2020","forestry_harvest",894,0.0161358715321702,3.98124010976786e-07,-0.0161354734081592,-99.9975326773631
"CAWA","can14","2020","forestry_harvest",903,0.102558483696723,0.118170087111459,0.0156116034147363,15.222147258828
"CAWA","can14","2020","forestry_harvest",905,1.43423765850329e-20,1.94299072421796e-19,1.79956695836763e-19,NA
"CAWA","can14","2020","forestry_harvest",906,9.32254478027141e-20,1.26294397074167e-18,1.16971852293896e-18,NA
"CAWA","can14","2020","forestry_harvest",909,0.0953768309359093,9.46466114428726e-07,-0.0953758844697949,-99.9990076561518
"CAWA","can14","2020","forestry_harvest",910,1.43423765850329e-20,1.94299072421796e-19,1.79956695836763e-19,NA
"CAWA","can14","2020","forestry_harvest",912,2.72505155115626e-19,3.69168237601412e-18,3.41917722089849e-18,NA
"CAWA","can14","2020","forestry_harvest",914,0.0232398946994137,4.54447778061943e-07,-0.0232394402516356,-99.9980445359846
"CAWA","can14","2020","forestry_harvest",917,2.15135648775494e-20,2.91448608632693e-19,2.69935043755144e-19,NA
"CAWA","can14","2020","forestry_harvest",919,1.43423765850329e-20,1.94299072421796e-19,1.79956695836763e-19,NA
"CAWA","can14","2020","forestry_harvest",921,0.0305764720698369,0.0510123293741862,0.0204358573043493,66.8352361177368
"CAWA","can14","2020","forestry_harvest",924,1.3006207476918,0.137935470452343,-1.16268527723945,-89.3946432349987
"CAWA","can14","2020","forestry_harvest",927,0.428526827650371,0.396683619661681,-0.0318432079886901,-7.43085518432711
"CAWA","can14","2020","forestry_harvest",928,7.17118829251647e-21,9.71495362108978e-20,8.99783479183813e-20,NA
"CAWA","can14","2020","forestry_harvest",929,2.15135648775494e-20,2.91448608632693e-19,2.69935043755144e-19,NA
"CAWA","can14","2020","forestry_harvest",930,7.17118829251647e-21,9.71495362108978e-20,8.99783479183813e-20,NA
"CAWA","can14","2020","forestry_harvest",933,0.0641952933634524,0.0712409690432458,0.0070456756797934,10.9753773378729
"CAWA","can14","2020","forestry_harvest",935,5.73695063401318e-20,2.37326202176894e-19,1.79956695836763e-19,NA
"CAWA","can14","2020","forestry_harvest",936,2.86847531700659e-20,3.88598144843591e-19,3.59913391673525e-19,NA
"CAWA","can14","2020","forestry_harvest",939,5.73695063401318e-20,7.77196289687182e-19,7.1982678334705e-19,NA
"CAWA","can14","2020","forestry_harvest",940,2.86847531700659e-20,3.88598144843591e-19,3.59913391673525e-19,NA
"CAWA","can14","2020","forestry_harvest",941,31.3042601136385,5.27710336248602,-26.0271567511525,-83.1425392475993
"CAWA","can14","2020","forestry_harvest",943,1.43423765850329e-20,1.94299072421796e-19,1.79956695836763e-19,NA
"CAWA","can14","2020","forestry_harvest",944,2.15135648775494e-20,2.91448608632693e-19,2.69935043755144e-19,NA
"CAWA","can14","2020","forestry_harvest",945,3.58559414625823e-20,4.85747681054489e-19,4.49891739591907e-19,NA
"CAWA","can14","2020","forestry_harvest",946,4.51784862428538e-19,6.12042078128656e-18,5.66863591885801e-18,NA
"CAWA","can14","2020","forestry_harvest",951,7.17118829251647e-21,9.71495362108978e-20,8.99783479183813e-20,NA
"CAWA","can14","2020","forestry_harvest",955,1.43423765850329e-20,1.94299072421796e-19,1.79956695836763e-19,NA
"CAWA","can14","2020","forestry_harvest",956,2.15135648775494e-20,2.91448608632693e-19,2.69935043755144e-19,NA
"CAWA","can14","2020","forestry_harvest",958,1.64937330727879e-19,2.23443933285065e-18,2.06950200212277e-18,NA
"CAWA","can14","2020","forestry_harvest",959,0.0482963198290953,5.72247563483704e-07,-0.0482957475815318,-99.998815132156
"CAWA","can14","2020","forestry_harvest",960,2.86847531700659e-20,3.88598144843591e-19,3.59913391673525e-19,NA
"CAWA","can14","2020","forestry_harvest",961,1.43423765850329e-20,1.94299072421796e-19,1.79956695836763e-19,NA
"CAWA","can14","2020","forestry_harvest",964,0.0532880235852029,8.8454798458669e-07,-0.0532871390372183,-99.9983400623159
"CAWA","can14","2020","forestry_harvest",966,0.270941013858013,0.22188170796963,-0.0490593058883834,-18.1070060932499
"CAWA","can14","2020","forestry_harvest",968,3.58559414625823e-20,4.85747681054489e-19,4.49891739591907e-19,NA
"CAWA","can14","2020","forestry_harvest",971,1.77505623795174,1.95759537463668,0.182539136684939,10.2835692065494
"CAWA","can14","2020","forestry_harvest",972,0.37961715904338,0.365023280651206,-0.0145938783921742,-3.84436742241846
"CAWA","can14","2020","forestry_harvest",975,2.15135648775494e-20,2.91448608632693e-19,2.69935043755144e-19,NA
"CAWA","can14","2020","forestry_harvest",977,0.0856563084684412,0.0917902991617678,0.00613399069332665,7.16116629703536
"CAWA","can14","2020","forestry_harvest",979,7.17118829251647e-21,9.71495362108978e-20,8.99783479183813e-20,NA
"CAWA","can14","2020","forestry_harvest",980,1.43423765850329e-20,1.94299072421796e-19,1.79956695836763e-19,NA
"CAWA","can14","2020","forestry_harvest",981,0.0693605409528075,0.0308452643135629,-0.0385152766392446,-55.529089176871
"CAWA","can14","2020","forestry_harvest",984,7.17118829251647e-21,9.71495362108978e-20,8.99783479183813e-20,NA
"CAWA","can14","2020","forestry_harvest",985,4.30271297550988e-20,5.82897217265387e-19,5.39870087510288e-19,NA
"CAWA","can14","2020","forestry_harvest",986,1.43423765850329e-20,1.94299072421796e-19,1.79956695836763e-19,NA
"CAWA","can14","2020","forestry_harvest",987,0.260801291805799,1.92037910861995e-06,-0.26079937142669,-99.9992636619645
"CAWA","can14","2020","forestry_harvest",989,2.15135648775494e-19,2.91448608632693e-18,2.69935043755144e-18,NA
"CAWA","can14","2020","forestry_harvest",990,1.2191020097278e-19,1.65154211558526e-18,1.52963191461248e-18,NA
"CAWA","can14","2020","forestry_harvest",991,0.155142051397265,0.142522906631955,-0.0126191447653108,-8.13392929361073
"CAWA","can14","2020","forestry_harvest",992,1.43423765850329e-20,1.94299072421796e-19,1.79956695836763e-19,NA
"CAWA","can14","2020","forestry_harvest",995,2.15135648775494e-20,2.91448608632693e-19,2.69935043755144e-19,NA
"CAWA","can14","2020","forestry_harvest",996,1.43423765850329e-20,1.94299072421796e-19,1.79956695836763e-19,NA
"CAWA","can14","2020","forestry_harvest",997,5.73695063401318e-20,4.17282898013657e-19,3.59913391673525e-19,NA
"CAWA","can14","2020","forestry_harvest",998,2.86847531700659e-20,3.88598144843591e-19,3.59913391673525e-19,NA
"CAWA","can14","2020","forestry_harvest",1001,1.31387529297408,1.34285361105494,0.0289783180808597,2.20556077398065
"CAWA","can14","2020","forestry_harvest",1004,5.73695063401318e-20,7.77196289687182e-19,7.1982678334705e-19,NA
"CAWA","can14","2020","forestry_harvest",1007,7.17118829251647e-21,9.71495362108978e-20,8.99783479183813e-20,NA
"CAWA","can14","2020","forestry_harvest",1008,2.15135648775494e-20,2.91448608632693e-19,2.69935043755144e-19,NA
"CAWA","can14","2020","forestry_harvest",1009,7.17118829251647e-21,9.71495362108978e-20,8.99783479183813e-20,NA
"CAWA","can14","2020","forestry_harvest",1010,7.17118829251647e-21,9.71495362108978e-20,8.99783479183813e-20,NA
"CAWA","can14","2020","forestry_harvest",1011,0.0466215181189185,9.0267438276522e-07,-0.0466206154445357,-99.9980638245617
"CAWA","can14","2020","forestry_harvest",1012,3.6573060291834e-19,4.68469130300064e-18,4.3189607000823e-18,NA
"CAWA","can14","2020","forestry_harvest",1013,6.74091699496548e-19,9.13205640382439e-18,8.45796470432784e-18,NA
"CAWA","can14","2020","forestry_harvest",1015,1.43423765850329e-20,1.94299072421796e-19,1.79956695836763e-19,NA
"CAWA","can14","2020","forestry_harvest",1019,9.32254478027141e-20,1.26294397074167e-18,1.16971852293896e-18,NA
"CAWA","can14","2020","forestry_harvest",1020,0.0341294377456736,4.65587928193647e-07,-0.0341289721577454,-99.9986358171744
"CAWA","can14","2020","forestry_harvest",1022,7.17118829251647e-21,9.71495362108978e-20,8.99783479183813e-20,NA
"CAWA","can14","2020","forestry_harvest",1023,0.0705116224018587,8.1369929676506e-07,-0.0705108087025619,-99.9988460068439
"CAWA","can14","2020","forestry_harvest",1024,2.15135648775494e-20,2.01470260714312e-19,1.79956695836763e-19,NA
"CAWA","can14","2020","forestry_harvest",1025,8.83325181278579,0.000227478581087698,-8.83302433420471,-99.9974247470139
"CAWA","can14","2020","forestry_harvest",1027,7.17118829251647e-21,9.71495362108978e-20,8.99783479183813e-20,NA
"CAWA","can14","2020","forestry_harvest",1028,2.15135648775494e-20,2.91448608632693e-19,2.69935043755144e-19,NA
"CAWA","can14","2020","forestry_harvest",1030,0.0190505912778435,0.108496117661707,0.0894455263838631,469.515749297982
"CAWA","can14","2020","forestry_harvest",1031,2.86847531700659e-20,2.9861979692521e-19,2.69935043755144e-19,NA
"CAWA","can14","2020","forestry_harvest",1033,2.15135648775494e-20,2.91448608632693e-19,2.69935043755144e-19,NA
"CAWA","can14","2020","forestry_harvest",1035,2.86847531700659e-20,3.88598144843591e-19,3.59913391673525e-19,NA
"CAWA","can14","2020","forestry_harvest",1036,4.30271297550988e-20,5.82897217265387e-19,5.39870087510288e-19,NA
"CAWA","can14","2020","forestry_harvest",1037,7.02776452666614e-19,9.52065454866798e-18,8.81787809600137e-18,NA
"CAWA","can14","2020","forestry_harvest",1040,7.17118829251647e-21,9.71495362108978e-20,8.99783479183813e-20,NA
"CAWA","can14","2020","forestry_harvest",1042,0.207989403389303,0.230283291478411,0.0222938880891073,10.7187614973724
"CAWA","can14","2020","forestry_harvest",1044,2.15135648775494e-20,2.91448608632693e-19,2.69935043755144e-19,NA
"CAWA","can14","2020","forestry_harvest",1045,7.17118829251647e-21,9.71495362108978e-20,8.99783479183813e-20,NA
"CAWA","can14","2020","forestry_harvest",1046,7.17118829251647e-21,9.71495362108978e-20,8.99783479183813e-20,NA
"CAWA","can14","2020","forestry_harvest",1047,0.143332398705497,0.578277299449736,0.434944900744239,303.451909458318
"CAWA","can14","2020","forestry_harvest",1049,3.87244167795889e-19,4.88616156371496e-18,4.49891739591906e-18,NA
"CAWA","can14","2020","forestry_harvest",1050,1.43423765850329e-20,1.94299072421796e-19,1.79956695836763e-19,NA
"CAWA","can14","2020","forestry_harvest",1051,5.01983180476153e-20,6.80046753476284e-19,6.29848435428669e-19,NA
"CAWA","can14","2020","forestry_harvest",1053,7.17118829251647e-21,9.71495362108978e-20,8.99783479183813e-20,NA
"CAWA","can14","2020","forestry_harvest",1054,2.86847531700659e-20,3.88598144843591e-19,3.59913391673525e-19,NA
"CAWA","can14","2020","forestry_harvest",1058,0.0421870488672349,4.35062351288214e-07,-0.0421866138048836,-99.9989687300653
"CAWA","can14","2020","forestry_harvest",1061,0.0325151796675138,4.06113980680237e-07,-0.0325147735535331,-99.9987510018864
"CAWA","can14","2020","forestry_harvest",1062,0.282444957641231,0.415663431780239,0.133218474139008,47.1661718628467
"CAWA","can14","2020","forestry_harvest",1068,1.43423765850329e-20,1.94299072421796e-19,1.79956695836763e-19,NA
"CAWA","can14","2020","forestry_harvest",1069,7.17118829251647e-21,9.71495362108978e-20,8.99783479183813e-20,NA
"CAWA","can14","2020","forestry_harvest",1070,0.205964450470066,5.86172021632084e-06,-0.20595858874985,-99.997154013616
"CAWA","can14","2020","forestry_harvest",1072,2.15135648775494e-20,2.91448608632693e-19,2.69935043755144e-19,NA
"CAWA","can14","2020","forestry_harvest",1073,2.65333966823109e-19,3.59453283980322e-18,3.32919887298011e-18,NA
"CAWA","can14","2020","forestry_harvest",1074,0.0295356806005653,4.29917168003321e-07,-0.0295352506833973,-99.9985444142161
"CAWA","can14","2020","forestry_harvest",1075,0.179406373661033,0.202775981152383,0.0233696074913499,13.0260742773297
"CAWA","can14","2020","forestry_harvest",1077,0.26445157597714,0.445851382992109,0.181399807014969,68.5947158169517
"CAWA","can14","2020","forestry_harvest",1079,1.43423765850329e-20,1.94299072421796e-19,1.79956695836763e-19,NA
"CAWA","can14","2020","forestry_harvest",1080,1.36252577557813e-19,1.75586284008868e-18,1.61961026253086e-18,NA
"CAWA","can14","2020","forestry_harvest",1081,2.4382040194556e-19,3.30308423117052e-18,3.05926382922496e-18,NA
"CAWA","can14","2020","forestry_harvest",1083,0.0340665846327726,4.28806759972842e-07,-0.0340661558260126,-99.9987412687107
"CAWA","can14","2020","forestry_harvest",1084,7.17118829251647e-21,9.71495362108978e-20,8.99783479183813e-20,NA
"CAWA","can14","2020","forestry_harvest",1085,1.43423765850329e-20,1.94299072421796e-19,1.79956695836763e-19,NA
"CAWA","can14","2020","forestry_harvest",1088,0.0312711037745705,4.45750252402582e-07,-0.0312706580243181,-99.9985745618203
"CAWA","can14","2020","forestry_harvest",1092,1.43423765850329e-20,1.94299072421796e-19,1.79956695836763e-19,NA
"CAWA","can14","2020","forestry_harvest",1093,1.43423765850329e-20,1.94299072421796e-19,1.79956695836763e-19,NA
"CAWA","can14","2020","forestry_harvest",1094,2.15135648775494e-20,2.91448608632693e-19,2.69935043755144e-19,NA
"CAWA","can14","2020","forestry_harvest",1095,1.43423765850329e-20,1.94299072421796e-19,1.79956695836763e-19,NA
"CAWA","can14","2020","forestry_harvest",1096,0.0431162966942899,0.0424546760531047,-0.00066162064118519,-1.5345024779756
"CAWA","can14","2020","forestry_harvest",1097,7.17118829251647e-21,9.71495362108978e-20,8.99783479183813e-20,NA
"CAWA","can14","2020","forestry_harvest",1098,2.15135648775494e-20,2.91448608632693e-19,2.69935043755144e-19,NA
"CAWA","can14","2020","forestry_harvest",1101,0.0414716961018291,8.70913405201163e-07,-0.0414708251884239,-99.9978999812232
"CAWA","can14","2020","forestry_harvest",1105,5.01983180476153e-20,6.80046753476284e-19,6.29848435428669e-19,NA
"CAWA","can14","2020","forestry_harvest",1106,7.17118829251647e-21,9.71495362108978e-20,8.99783479183813e-20,NA
"CAWA","can14","2020","forestry_harvest",1109,1.43423765850329e-20,1.94299072421796e-19,1.79956695836763e-19,NA
"CAWA","can14","2020","forestry_harvest",1110,2.15135648775494e-20,2.91448608632693e-19,2.69935043755144e-19,NA
"CAWA","can14","2020","forestry_harvest",1111,2.86847531700659e-20,3.88598144843591e-19,3.59913391673525e-19,NA
"CAWA","can14","2020","forestry_harvest",1112,0.0243740903583967,4.53694434721224e-07,-0.0243736366639619,-99.9981386200344
"CAWA","can14","2020","forestry_harvest",1117,4.30271297550988e-20,5.82897217265387e-19,5.39870087510288e-19,NA
"CAWA","can14","2020","forestry_harvest",1121,1.43423765850329e-20,1.94299072421796e-19,1.79956695836763e-19,NA
"CAWA","can14","2020","forestry_harvest",1122,7.17118829251647e-21,9.71495362108978e-20,8.99783479183813e-20,NA
"CAWA","can14","2020","forestry_harvest",1126,1.29081389265296e-18,1.74869165179617e-17,1.61961026253087e-17,NA
"CAWA","can14","2020","forestry_harvest",1128,5.01983180476153e-20,6.80046753476284e-19,6.29848435428669e-19,NA
"CAWA","can14","2020","forestry_harvest",1131,2.86847531700659e-20,3.88598144843591e-19,3.59913391673525e-19,NA
"CAWA","can14","2020","forestry_harvest",1136,7.17118829251647e-21,9.71495362108978e-20,8.99783479183813e-20,NA
"CAWA","can14","2020","forestry_harvest",1138,7.17118829251647e-21,9.71495362108978e-20,8.99783479183813e-20,NA
"CAWA","can14","2020","forestry_harvest",1143,4.30271297550988e-20,5.82897217265387e-19,5.39870087510288e-19,NA
"CAWA","can14","2020","forestry_harvest",1146,4.30271297550988e-20,5.82897217265387e-19,5.39870087510288e-19,NA
"CAWA","can14","2020","forestry_harvest",1147,0.179291693399346,0.18851611787464,0.0092244244752937,5.14492573548717
"CAWA","can14","2020","forestry_harvest",1150,3.58559414625823e-20,4.85747681054489e-19,4.49891739591907e-19,NA
"CAWA","can14","2020","forestry_harvest",1152,0.306335665678523,4.08689388914759e-06,-0.306331578784634,-99.9986658772232
"CAWA","can14","2020","forestry_harvest",1158,7.17118829251647e-21,9.71495362108978e-20,8.99783479183813e-20,NA
"CAWA","can14","2020","forestry_harvest",1159,7.17118829251647e-21,9.71495362108978e-20,8.99783479183813e-20,NA
"CAWA","can14","2020","forestry_harvest",1160,2.15135648775494e-20,2.91448608632693e-19,2.69935043755144e-19,NA
"CAWA","can14","2020","forestry_harvest",1163,2.15135648775494e-20,2.91448608632693e-19,2.69935043755144e-19,NA
"CAWA","can14","2020","forestry_harvest",1165,6.45406946326482e-20,8.7434582589808e-19,8.09805131265432e-19,NA
"CAWA","can14","2020","forestry_harvest",1166,2.15135648775494e-20,2.91448608632693e-19,2.69935043755144e-19,NA
"CAWA","can14","2020","forestry_harvest",1169,7.17118829251647e-21,9.71495362108978e-20,8.99783479183813e-20,NA
"CAWA","can14","2020","forestry_harvest",1170,1.43423765850329e-20,1.94299072421796e-19,1.79956695836763e-19,NA
"CAWA","can14","2020","forestry_harvest",1171,7.17118829251647e-21,9.71495362108978e-20,8.99783479183813e-20,NA
"CAWA","can14","2020","forestry_harvest",1179,1.43423765850329e-20,1.94299072421796e-19,1.79956695836763e-19,NA
"CAWA","can14","2020","forestry_harvest",1182,0.0293984462404617,0.0311808567246838,0.00178241048422212,6.06294111478908
"CAWA","can14","2020","forestry_harvest",1184,7.88830712176812e-20,1.06864489831988e-18,9.89761827102194e-19,NA
"CAWA","can14","2020","forestry_harvest",1187,0.05604462357929,1.39185353520221e-06,-0.0560432317257548,-99.9975165262137
"CAWA","can14","2020","forestry_harvest",1190,3.58559414625823e-20,4.85747681054489e-19,4.49891739591907e-19,NA
"CAWA","can14","2020","forestry_harvest",1191,0.0355501488328467,0.0327611161212102,-0.00278903271163644,-7.84534749699699
"CAWA","can14","2020","forestry_harvest",1192,7.17118829251647e-21,9.71495362108978e-20,8.99783479183813e-20,NA
"CAWA","can14","2020","forestry_harvest",1193,0.317834286359658,6.5285665233879e-06,-0.317827757793135,-99.9979459212541
"CAWA","can14","2020","forestry_harvest",1194,0.201356656427767,2.91497481306849e-06,-0.201353741452954,-99.9985523325303
"CAWA","can14","2020","forestry_harvest",1195,0.0964569083349431,0.0907549925458362,-0.00570191578910695,-5.91136071799777
"CAWA","can14","2020","forestry_harvest",1196,0.0822659987864385,0.0858751283735386,0.00360912958710013,4.38714613612045
"CAWA","can14","2020","forestry_harvest",1197,0.019298988777035,0.0194504982503025,0.000151509473267586,0.785064310975072
"CAWA","can14","2020","forestry_harvest",1198,7.17118829251647e-21,9.71495362108978e-20,8.99783479183813e-20,NA
"CAWA","can14","2020","forestry_harvest",1199,2.15135648775494e-20,2.91448608632693e-19,2.69935043755144e-19,NA
"CAWA","can14","2020","forestry_harvest",1201,7.17118829251647e-21,9.71495362108978e-20,8.99783479183813e-20,NA
"CAWA","can14","2020","forestry_harvest",1202,0.0341785408088047,4.45762644270849e-07,-0.0341780950461604,-99.9986957821085
"CAWA","can14","2020","forestry_harvest",1204,0.0832188948579544,0.0817900890553211,-0.00142880580263327,-1.71692475016892
"CAWA","can14","2020","forestry_harvest",1205,0.524720351670443,0.567985514277927,0.043265162607484,8.24537536418203
"CAWA","can14","2020","forestry_harvest",1206,0.603467268619079,0.58341329920164,-0.0200539694174393,-3.32312462668092
"CAWA","can14","2020","forestry_harvest",1208,1.43423765850329e-20,1.94299072421796e-19,1.79956695836763e-19,NA
"CAWA","can14","2020","forestry_harvest",1209,1.43423765850329e-20,1.94299072421796e-19,1.79956695836763e-19,NA
"CAWA","can14","2020","forestry_harvest",1210,0.0234956443448398,4.40689510036539e-07,-0.0234952036553297,-99.9981243778482
"CAWA","can14","2020","forestry_harvest",1212,0.0352363451670406,0.0372553228456889,0.00201897767864834,5.72981581681421
"CAWA","can14","2020","forestry_harvest",1213,0.0452775632837583,0.0450410109904986,-0.000236552293259695,-0.522449257653735
"CAWA","can14","2020","forestry_harvest",1215,1.43423765850329e-20,1.94299072421796e-19,1.79956695836763e-19,NA
"CAWA","can14","2020","forestry_harvest",1216,0.120472519510386,0.114806917859767,-0.00566560165061958,-4.70281660385723
"CAWA","can14","2020","forestry_harvest",1217,0.0993531322427055,0.0971392959986384,-0.00221383624406712,-2.2282500753565
"CAWA","can14","2020","forestry_harvest",1218,0.0546274827578532,0.0545002882630594,-0.000127194494793814,-0.232839750932014
"CAWA","can14","2020","forestry_harvest",1220,0.0942223669224607,1.82523261034809e-06,-0.0942205416898503,-99.9980628457234
"CAWA","can14","2020","forestry_harvest",1222,0.0505067491249411,0.0478092359743654,-0.00269751315057576,-5.34089640951308
"CAWA","can14","2020","forestry_harvest",1224,1.43423765850329e-20,1.94299072421796e-19,1.79956695836763e-19,NA
"CAWA","can14","2020","forestry_harvest",1225,4.30271297550988e-20,5.82897217265387e-19,5.39870087510288e-19,NA
"CAWA","can14","2020","forestry_harvest",1226,7.17118829251647e-21,9.71495362108978e-20,8.99783479183813e-20,NA
"CAWA","can14","2020","forestry_harvest",1227,0.227081639815947,0.225310051515102,-0.00177158830084512,-0.780154794672531
"CAWA","can14","2020","forestry_harvest",1230,0.029094203792619,4.61125264001741e-07,-0.029093742667355,-99.9984150614078
"CAWA","can14","2020","forestry_harvest",1231,0.388556101550804,0.348954232408085,-0.0396018691427189,-10.1920595210473
"CAWA","can14","2020","forestry_harvest",1232,2.88586377182164,3.02336695880862,0.137503186986973,4.7647151029647
"CAWA","can14","2020","forestry_harvest",1234,7.88830712176812e-20,7.98709854564732e-19,7.1982678334705e-19,NA
"CAWA","can14","2020","forestry_harvest",1235,3.58559414625823e-20,4.85747681054489e-19,4.49891739591907e-19,NA
"CAWA","can14","2020","forestry_harvest",1236,7.17118829251647e-21,9.71495362108978e-20,8.99783479183813e-20,NA
"CAWA","can14","2020","forestry_harvest",1238,0.173230722869797,0.261641929839103,0.0884112069693055,51.0366784278541
"CAWA","can14","2020","forestry_harvest",1239,0.0344139456841797,0.0354933450802175,0.00107939939603785,3.13651740472775
"CAWA","can14","2020","forestry_harvest",1240,0.0799649399435332,0.0846574545579992,0.00469251461446607,5.86821501745598
"CAWA","can14","2020","forestry_harvest",1249,0.0363181385187816,1.19419627303753e-06,-0.0363169443225086,-99.9967118461415
"CAWA","can14","2020","forestry_harvest",1253,1.43423765850329e-20,1.94299072421796e-19,1.79956695836763e-19,NA
"CAWA","can14","2020","forestry_harvest",1255,0.209682867413566,0.182585550577218,-0.0270973168363478,-12.9229999430057
"CAWA","can14","2020","forestry_harvest",1256,0.114136494536324,0.114598162477537,0.000461667941213051,0.404487576991535
"CAWA","can14","2020","forestry_harvest",1259,2.15135648775494e-20,2.91448608632693e-19,2.69935043755144e-19,NA
"CAWA","can14","2020","forestry_harvest",1260,0.101089511885223,2.69280183115522e-06,-0.101086819083392,-99.9973362203646
"CAWA","can14","2020","forestry_harvest",1261,0.0412533654284539,0.0519663206814416,0.0107129552529877,25.9686819286713
"CAWA","can14","2020","forestry_harvest",1267,7.17118829251647e-21,9.71495362108978e-20,8.99783479183813e-20,NA
"CAWA","can14","2020","forestry_harvest",1270,0.0409988646801174,0.0602981477551912,0.0192992830750738,47.0727256124072
"CAWA","can14","2020","forestry_harvest",1271,7.17118829251647e-21,7.17118829251647e-21,0,NA
"CAWA","can14","2020","forestry_harvest",1272,7.17118829251647e-21,9.71495362108978e-20,8.99783479183813e-20,NA
"CAWA","can14","2020","forestry_harvest",1274,0.0478778036839467,0.0309127098407073,-0.0169650938432394,-35.4341522331104
"CAWA","can14","2020","forestry_harvest",1275,0.17694412292697,0.165956778903422,-0.0109873440235475,-6.20949927118084
"CAWA","can14","2020","forestry_harvest",1276,0.039575120556381,0.0433243802665162,0.00374925971013518,9.47377963080053
"CAWA","can14","2020","forestry_harvest",1280,0.0557356564351212,0.0521046407596906,-0.00363101567543067,-6.51470872987265
"CAWA","can14","2020","forestry_harvest",1282,2.86847531700659e-20,3.88598144843591e-19,3.59913391673525e-19,NA
"CAWA","can14","2020","forestry_harvest",1283,0.273891062637913,0.26340663167472,-0.0104844309631922,-3.82795658325395
"CAWA","can14","2020","forestry_harvest",1289,7.17118829251647e-21,9.71495362108978e-20,8.99783479183813e-20,NA
"CAWA","can14","2020","forestry_harvest",1290,0.0175701756942681,4.52300548493301e-07,-0.0175697233937196,-99.9974257482887
"CAWA","can14","2020","forestry_harvest",1293,0.0559518723613688,0.0552808914592999,-0.000670980902068852,-1.19921081056104
"CAWA","can14","2020","forestry_harvest",1296,0.100287964263663,1.81071607668695e-06,-0.100286153547587,-99.9981944831666
"CAWA","can14","2020","forestry_harvest",1300,0.155795762152924,0.15991128366991,0.00411552151698591,2.64161326348931
"CAWA","can14","2020","forestry_harvest",1305,0.0322469215680039,0.0351151018256268,0.00286818025762292,8.89443121438541
"CAWA","can14","2020","forestry_harvest",1307,7.17118829251647e-21,7.17118829251647e-21,0,NA
"CAWA","can14","2020","forestry_harvest",1308,0.0355081195850637,4.58524421173385e-07,-0.0355076610606425,-99.9987086772644
"CAWA","can14","2020","forestry_harvest",1309,0.0235133003624188,4.53962167287891e-07,-0.0235128464002515,-99.9980693387985
"CAWA","can14","2020","forestry_harvest",1310,0.98396453065319,1.75598574203015e-05,-0.983946970795769,-99.9982153973163
"CAWA","can14","2020","forestry_harvest",1313,0.0456886921974853,0.042613330212431,-0.00307536198505431,-6.73112281647577
"CAWA","can14","2020","forestry_harvest",1318,0.318189640023306,7.02309116928588e-06,-0.318182616932137,-99.9977927970349
"CAWA","can14","2020","forestry_harvest",1319,0.0447714414375158,0.044688766040355,-8.26753971607808e-05,-0.184661012704192
"CAWA","can14","2020","forestry_harvest",1320,0.568436290621437,5.75025172328754e-06,-0.568430540369714,-99.9989884087596
"CAWA","can14","2020","forestry_harvest",1321,7.37196911163575,1.74996931665837,-5.62199979497738,-76.2618468667177
"CAWA","can14","2020","forestry_harvest",1322,0.0348166943649497,5.23633911841403e-07,-0.0348161707310379,-99.998496026342
"CAWA","can14","2020","forestry_harvest",1323,0.0401588997623659,0.0393827390689205,-0.000776160693445327,-1.93272399900928
"CAWA","can14","2020","forestry_harvest",1324,0.0147238501993052,4.54406427133918e-07,-0.0147233957928781,-99.9969138070479
"CAWA","can14","2020","forestry_harvest",1327,0.0397133698376084,0.0420840706429626,0.00237070080535418,5.96952818420644
"CAWA","can14","2020","forestry_harvest",1328,0.07982147711729,2.05250945037088e-06,-0.0798194246078397,-99.9974286250712
"CAWA","can14","2020","forestry_harvest",1329,0.150763739455033,2.50358505131739e-06,-0.150761235869982,-99.9983393984121
"CAWA","can14","2020","forestry_harvest",1331,0.115225676676858,0.119826434192559,0.00460075751570077,3.99282316961631
"CAWA","can14","2020","forestry_harvest",1332,0.415600543460391,0.48504776904199,0.0694472255815985,16.7100901753795
"CAWA","can14","2020","forestry_harvest",1333,0.0188909501341379,0.0193218117762106,0.000430861642072733,2.28078333283047
"CAWA","can14","2020","forestry_harvest",1335,0.141654918215843,3.51767307928337e-06,-0.141651400542764,-99.9975167307118
"CAWA","can14","2020","forestry_harvest",1338,0.025512589636465,4.40199008058245e-07,-0.0255121494374569,-99.9982745812388
"CAWA","can14","2020","forestry_harvest",1339,0.119963200824198,0.145641282132112,0.0256780813079138,21.4049651322193
"CAWA","can14","2020","forestry_harvest",1353,0.094486896212171,0.0921432742690711,-0.00234362194309989,-2.48036715888865
"CAWA","can14","2020","forestry_harvest",1355,0.140653373683687,0.140466531681948,-0.00018684200173924,-0.132838620820732
"CAWA","can14","2020","forestry_harvest",1358,0.750666747108035,0.855742943105449,0.105076195997414,13.9977155511714
"CAWA","can14","2020","forestry_harvest",1359,0.13493631390438,0.165178561050952,0.0302422471465718,22.4122375004272
"CAWA","can14","2020","forestry_harvest",1360,0.0242108602979845,0.0309301967520186,0.00671933645403411,27.7533981499761
"CAWA","can14","2020","forestry_harvest",1363,0.14008147629057,0.14008147629057,0,0
"CAWA","can14","2020","forestry_harvest",1366,0.0448645215742012,0.0563084461003873,0.0114439245261861,25.5077377951286
"CAWA","can14","2020","forestry_harvest",1368,2.29478025360527e-19,2.38895837540168e-18,2.15948035004115e-18,NA
"CAWA","can14","2020","forestry_harvest",1369,0.0385919007281998,4.36455185912638e-07,-0.0385914642730139,-99.9988690497807
"CAWA","can14","2020","forestry_harvest",1370,0.225527862648171,0.249109988713825,0.0235821260656539,10.4564135840025
"CAWA","can14","2020","forestry_harvest",1371,0.0283412719777449,0.138121093026354,0.109779821048609,387.349661422446
"CAWA","can14","2020","forestry_harvest",1372,0.0471949336331785,0.0441573829915645,-0.00303755064161404,-6.43617949592499
"CAWA","can14","2020","forestry_harvest",1373,0.024767534351656,0.0319600554859796,0.00719252113432356,29.0401177291298
"CAWA","can14","2020","forestry_harvest",1375,0.822261626365526,0.679289043645444,-0.142972582720082,-17.3877240692885
"CAWA","can14","2020","forestry_harvest",1380,0.393632865655205,0.385187715210048,-0.00844515044515637,-2.14543834674459
"CAWA","can14","2020","forestry_harvest",1382,14.702368064093,10.8896041817255,-3.81276388236747,-25.9329916496869
"CAWA","can14","2020","forestry_harvest",1383,0.0269512281748585,0.0269303460551118,-2.08821197467124e-05,-0.077481143386973
"CAWA","can14","2020","forestry_harvest",1384,1.91130887371949,0.675848207300599,-1.2354606664189,-64.6395087369962
"CAWA","can14","2020","forestry_harvest",1389,0.0634865615319748,0.0832193344423668,0.019732772910392,31.081810755263
"CAWA","can14","2020","forestry_harvest",1390,0.0304157563295646,0.0330408892479697,0.00262513291840505,8.63083228955703
"CAWA","can14","2020","forestry_harvest",1392,1.36252577557813e-19,1.21599275257839e-18,1.07974017502058e-18,NA
"CAWA","can14","2020","forestry_harvest",1396,0.22296169314364,0.209852272385889,-0.0131094207577509,-5.87967402512743
"CAWA","can14","2020","forestry_harvest",1398,0.0357470528472805,0.0379471877326396,0.00220013488535908,6.15473083825555
"CAWA","can14","2020","forestry_harvest",1399,0.0567343698684035,0.0587058184137812,0.00197144854537767,3.47487519461393
"CAWA","can14","2020","forestry_harvest",1400,0.0587423840137826,0.0663293278500929,0.00758694383631031,12.9156212565874
"CAWA","can14","2020","forestry_harvest",1401,0.0347068355278557,0.048496242999132,0.0137894074712763,39.7310998296256
"CAWA","can14","2020","forestry_harvest",1403,0.10993233156763,0.155740391280771,0.0458080597131407,41.6693242651363
"CAWA","can14","2020","forestry_harvest",1405,0.260869098989012,0.289106470548403,0.0282373715593915,10.8243451097981
"CAWA","can14","2020","forestry_harvest",1406,0.0651602288908502,0.0660508846524457,0.000890655761595527,1.36687021632085
"CAWA","can14","2020","forestry_harvest",1408,0.124416567176529,0.143847435002583,0.0194308678260544,15.6175887721487
"CAWA","can14","2020","forestry_harvest",1409,1.79279707312912e-19,1.34899823025187e-18,1.16971852293896e-18,NA
"CAWA","can14","2020","forestry_harvest",1411,0.109306562675604,0.0659176195205458,-0.0433889431550582,-39.6947283795085
"CAWA","can14","2020","forestry_harvest",1412,0.0361819316284473,0.0356223034852254,-0.000559628143221857,-1.54670609896864
"CAWA","can14","2020","forestry_harvest",1414,0.0960134275901532,0.0950614777427115,-0.000951949847441735,-0.991475745981351
"CAWA","can14","2020","forestry_harvest",1417,0.0447045016722032,0.0382368366075121,-0.0064676650646911,-14.4675923514715
"CAWA","can14","2020","forestry_harvest",1418,0.836344408948103,1.04337974885263,0.207035339904523,24.7547945187937
"CAWA","can14","2020","forestry_harvest",1420,0.0692645670823606,0.0814958804234927,0.012231313341132,17.6588317177932
"CAWA","can14","2020","forestry_harvest",1430,0.147502018264968,0.0601419329645688,-0.0873600853003988,-59.2263660714582
"CAWA","can14","2020","forestry_harvest",1432,0.0444044853107224,0.0450574730542148,0.000652987743492428,1.47054456080983
"CAWA","can14","2020","forestry_harvest",1435,0.041152633542759,0.0453462539361373,0.00419362039337834,10.190405892301
"CAWA","can14","2020","forestry_harvest",1438,35.8772175303418,28.1102711390467,-7.76694639129517,-21.6486866204899
"CAWA","can14","2020","forestry_harvest",1440,7.17118829251647e-21,9.71495362108978e-20,8.99783479183813e-20,NA
"CAWA","can14","2020","forestry_harvest",1449,0.887579719741227,0.572391261063921,-0.315188458677306,-35.5110027490487
"CAWA","can14","2020","forestry_harvest",1450,257.910763107606,38.643737323952,-219.267025783655,-85.0166247975357
"CAWA","can14","2020","forestry_harvest",1453,2.15135648775494e-20,2.01470260714312e-19,1.79956695836763e-19,NA
"CAWA","can14","2020","forestry_harvest",1454,5.01983180476153e-20,4.10111709721141e-19,3.59913391673525e-19,NA
"CAWA","can14","2020","forestry_harvest",1456,0.148847040866728,0.152671294869628,0.00382425400289987,2.56925094421189
"CAWA","can14","2020","forestry_harvest",1461,0.420041519711356,0.262295932966601,-0.157745586744755,-37.5547605039507
"CAWA","can14","2020","forestry_harvest",1468,5.73695063401318e-20,7.77196289687182e-19,7.1982678334705e-19,NA
"CAWA","can14","2020","forestry_harvest",1475,0.0876765341125098,0.101696107584323,0.0140195734718133,15.9901091138284
"CAWA","can14","2020","forestry_harvest",1476,7.17118829251647e-21,9.71495362108978e-20,8.99783479183813e-20,NA
"CAWA","can14","2020","forestry_harvest",1477,7.17118829251647e-21,9.71495362108978e-20,8.99783479183813e-20,NA
"CAWA","can14","2020","forestry_harvest",1480,0.160655125688339,0.188208261758039,0.0275531360697006,17.1504867657643
"CAWA","can14","2020","forestry_harvest",1484,0.0291676197204385,0.0420642831853395,0.012896663464901,44.2156870821517
"CAWA","can14","2020","forestry_harvest",1487,7.17118829251647e-21,9.71495362108978e-20,8.99783479183813e-20,NA
"CAWA","can14","2020","forestry_harvest",1489,6.45406946326482e-20,4.24454086306173e-19,3.59913391673525e-19,NA
"CAWA","can14","2020","forestry_harvest",1490,0.309135609435567,0.176718083444865,-0.132417525990702,-42.8347695797569
"CAWA","can14","2020","forestry_harvest",1492,0.248591362926224,0.266697768505576,0.0181064055793521,7.28360203919299
"CAWA","can14","2020","forestry_harvest",1493,1.43423765850329e-20,1.94299072421796e-19,1.79956695836763e-19,NA
"CAWA","can14","2020","forestry_harvest",1494,0.690020699654945,0.510094192633807,-0.179926507021138,-26.0755231127288
"CAWA","can14","2020","forestry_harvest",1496,0.345210284516869,0.437083160355569,0.0918728758387004,26.6135975546844
"CAWA","can14","2020","forestry_harvest",1503,1.92998623855073,0.960999090030462,-0.968987148520268,-50.2069459960451
"CAWA","can14","2020","forestry_harvest",1504,1.05042873077513,1.25859878892243,0.208170058147305,19.8176279883066
"CAWA","can14","2020","forestry_harvest",1506,0.125155510417934,1.74100411540501e-06,-0.125153769413818,-99.998608927318
"CAWA","can14","2020","forestry_harvest",1509,7.17118829251647e-21,9.71495362108978e-20,8.99783479183813e-20,NA
"CAWA","can14","2020","forestry_harvest",1510,0.0460026875743882,0.0380219431597935,-0.00798074441459473,-17.3484307882872
"CAWA","can14","2020","forestry_harvest",1511,0.0345002610684331,0.0345002610684331,0,0
"CAWA","can14","2020","forestry_harvest",1513,2.65333966823109e-19,2.96468440437455e-18,2.69935043755144e-18,NA
"CAWA","can14","2020","forestry_harvest",1514,6.45406946326482e-20,5.14432434224555e-19,4.49891739591907e-19,NA
"CAWA","can14","2020","forestry_harvest",1515,2.15135648775494e-20,2.91448608632693e-19,2.69935043755144e-19,NA
"CAWA","can14","2020","forestry_harvest",1516,0.0287467791128524,0.0298501322627502,0.00110335314989785,3.8381800812062
"CAWA","can14","2020","forestry_harvest",1519,1.79426553410652,0.846057082798567,-0.948208451307951,-52.8466067749624
"CAWA","can14","2020","forestry_harvest",1521,0.0438162058828557,0.0362764726673817,-0.00753973321547408,-17.2076359957588
"CAWA","can14","2020","forestry_harvest",1525,0.0292042058095439,0.0330836742223486,0.00387946841280473,13.2839373825291
"CAWA","can14","2020","forestry_harvest",1526,0.0396766096687062,0.048178976868019,0.00850236719931274,21.4291676388337
"CAWA","can14","2020","forestry_harvest",1528,7.17118829251647e-21,9.71495362108978e-20,8.99783479183813e-20,NA
"CAWA","can14","2020","forestry_harvest",1532,1.00447173336959,0.321482280127503,-0.682989453242085,-67.9948903042734
"CAWA","can14","2020","forestry_harvest",1533,0.072036991307014,4.47509556635775e-07,-0.0720365437974574,-99.9993787781131
"CAWA","can14","2020","forestry_harvest",1534,0.0232350518202937,0.0250934601164285,0.00185840829613482,7.99829632620687
"CAWA","can14","2020","forestry_harvest",1539,2.86847531700659e-20,2.9861979692521e-19,2.69935043755144e-19,NA
"CAWA","can14","2020","forestry_harvest",1540,2.15135648775494e-20,2.15135648775494e-20,0,NA
"CAWA","can14","2020","forestry_harvest",1541,2.15135648775494e-20,1.11491912795931e-19,8.99783479183813e-20,NA
"CAWA","can14","2020","forestry_harvest",1545,5.73695063401318e-20,7.77196289687182e-19,7.1982678334705e-19,NA
"CAWA","can14","2020","forestry_harvest",1546,0.0447681541188105,5.68111453437244e-07,-0.0447675860073571,-99.9987309920085
"CAWA","can14","2020","forestry_harvest",1553,2.86847531700659e-20,3.88598144843591e-19,3.59913391673525e-19,NA
"CAWA","can14","2020","forestry_harvest",1554,0.185867127040094,0.152840892496409,-0.0330262345436851,-17.768733540795
"CAWA","can14","2020","forestry_harvest",1556,0.0944652737011882,0.0248772747047114,-0.0695879989964768,-73.6651642132504
"CAWA","can14","2020","forestry_harvest",1564,3.58559414625823e-20,4.85747681054489e-19,4.49891739591907e-19,NA
"CAWA","can14","2020","forestry_harvest",1565,7.17118829251647e-21,9.71495362108978e-20,8.99783479183813e-20,NA
"CAWA","can14","2020","forestry_harvest",1567,0.658794697980771,0.0258981102305155,-0.632896587750256,-96.0688648056983
"CAWA","can14","2020","forestry_harvest",1572,7.17118829251647e-21,9.71495362108978e-20,8.99783479183813e-20,NA
"CAWA","can14","2020","forestry_harvest",1573,4.30271297550988e-20,5.82897217265387e-19,5.39870087510288e-19,NA
"CAWA","can14","2020","forestry_harvest",1578,7.17118829251647e-21,9.71495362108978e-20,8.99783479183813e-20,NA
"CAWA","can14","2020","forestry_harvest",1579,2.15135648775494e-20,2.91448608632693e-19,2.69935043755144e-19,NA
"CAWA","can14","2020","forestry_harvest",1580,0.0259332346160956,5.00927006955842e-07,-0.0259327336890887,-99.9980683975047
"CAWA","can14","2020","forestry_harvest",1583,0.111154424662966,0.0713254356653965,-0.0398289889975696,-35.8321219495634
"CAWA","can14","2020","forestry_harvest",1586,0.306949723389607,0.30733455532829,0.000384831938683439,0.125372955034391
"CAWA","can14","2020","forestry_harvest",1590,3.44217038040791e-19,4.66317773812309e-18,4.3189607000823e-18,NA
"CAWA","can14","2020","forestry_harvest",1593,1.43423765850329e-20,1.94299072421796e-19,1.79956695836763e-19,NA
"CAWA","can14","2020","forestry_harvest",1595,0.0698060317620075,1.69065072504403e-06,-0.0698043411112824,-99.9975780735814
"CAWA","can14","2020","forestry_harvest",1597,0.0742113594870566,0.0731788166804757,-0.00103254280658094,-1.39135411845006
"CAWA","can14","2020","forestry_harvest",1600,0.0477584369142139,0.0275894270703484,-0.0201690098438654,-42.2313022515666
"CAWA","can14","2020","forestry_harvest",1602,0.0463751292527004,0.0384375656396285,-0.00793756361307185,-17.1159924316753
"CAWA","can14","2020","forestry_harvest",1604,4.30271297550988e-20,5.82897217265387e-19,5.39870087510288e-19,NA
"CAWA","can14","2020","forestry_harvest",1607,2.15135648775494e-20,2.91448608632693e-19,2.69935043755144e-19,NA
"CAWA","can14","2020","forestry_harvest",1609,0.0228878161650321,0.0533090204134644,0.0304212042484323,132.91440314393
"CAWA","can14","2020","forestry_harvest",1610,7.17118829251647e-21,9.71495362108978e-20,8.99783479183813e-20,NA
"CAWA","can14","2020","forestry_harvest",1611,0.147390385840023,2.71927515345078e-06,-0.147387666564869,-99.9981550525579
"CAWA","can14","2020","forestry_harvest",1617,0.179680280362969,0.29513893028098,0.115458649918012,64.2578304557271
"CAWA","can14","2020","forestry_harvest",1622,0.0335134834695356,0.0327501451373577,-0.000763338332177899,-2.27770512985255
"CAWA","can14","2020","forestry_harvest",1624,0.0123466027351969,0.00941880663560746,-0.00292779609958949,-23.7133741352437
"CAWA","can14","2020","forestry_harvest",1627,7.17118829251647e-21,9.71495362108978e-20,8.99783479183813e-20,NA
"CAWA","can14","2020","forestry_harvest",1628,1.43423765850329e-20,1.94299072421796e-19,1.79956695836763e-19,NA
"CAWA","can14","2020","forestry_harvest",1629,7.17118829251647e-21,9.71495362108978e-20,8.99783479183813e-20,NA
"CAWA","can14","2020","forestry_harvest",1637,1.43423765850329e-20,1.94299072421796e-19,1.79956695836763e-19,NA
"CAWA","can14","2020","forestry_harvest",1639,0.0402977163664229,0.0403755041809641,7.77878145412636e-05,0.193032810678271
"CAWA","can14","2020","forestry_harvest",1641,1.43423765850329e-20,1.94299072421796e-19,1.79956695836763e-19,NA
"CAWA","can14","2020","forestry_harvest",1645,0.0181650017209602,0.0195239931651258,0.00135899144416566,7.48137250434471
"CAWA","can14","2020","forestry_harvest",1646,1.43423765850329e-20,1.94299072421796e-19,1.79956695836763e-19,NA
"CAWA","can14","2020","forestry_harvest",1649,0.0595180124385353,9.2192589516097e-07,-0.0595170905126401,-99.9984510136387
"CAWA","can14","2020","forestry_harvest",1650,0.0206299976271374,4.60827347572463e-07,-0.0206295367997898,-99.9977662268513
"CAWA","can14","2020","forestry_harvest",1651,0.0221620385288079,4.60168674299374e-07,-0.0221615783601336,-99.9979236175693
"CAWA","can14","2020","forestry_harvest",1653,0.219243032022712,0.418923659125927,0.199680627103216,91.0772968522579
"CAWA","can14","2020","forestry_harvest",1655,2.86847531700659e-20,3.88598144843591e-19,3.59913391673525e-19,NA
"CAWA","can14","2020","forestry_harvest",1656,1.43423765850329e-20,1.94299072421796e-19,1.79956695836763e-19,NA
"CAWA","can14","2020","forestry_harvest",1658,7.17118829251647e-21,9.71495362108978e-20,8.99783479183813e-20,NA
"CAWA","can14","2020","forestry_harvest",1659,0.0202613279101427,4.60506523239922e-07,-0.0202608674036194,-99.997727165143
"CAWA","can14","2020","forestry_harvest",1660,0.110402181989468,0.0913019006823013,-0.0191002813071672,-17.3006375082236
"CAWA","can14","2020","forestry_harvest",1663,0.0178897442107773,4.46301434744978e-07,-0.0178892979093425,-99.9975052665399
"CAWA","can14","2020","forestry_harvest",1664,0.0117541989396086,4.56065601660914e-07,-0.0117537428740069,-99.9961199771758
"CAWA","can14","2020","forestry_harvest",1671,0.0288152946765248,0.0285667841971304,-0.000248510479394337,-0.862425604818796
"CAWA","can14","2020","forestry_harvest",1674,0.0183183408244458,4.58802215027589e-07,-0.0183178820222308,-99.997495394264
"CAWA","can14","2020","forestry_harvest",1676,0.134843565076538,0.0694621217659907,-0.0653814433105472,-48.4868842450408
"CAWA","can14","2020","forestry_harvest",1683,0.0402736797091174,9.06317768645581e-07,-0.0402727733913488,-99.9977496027798
"CAWA","can14","2020","forestry_harvest",1684,0.02885098511898,8.95940033720079e-07,-0.0288500891789463,-99.9968945946559
"CAWA","can14","2020","forestry_harvest",1685,0.0180547655867669,0.0249187309004266,0.00686396531365974,38.0174712359081
"CAWA","can14","2020","forestry_harvest",1687,0.011574255898432,0.0492385555129485,0.0376642996145164,325.414436530808
"CAWA","can14","2020","forestry_harvest",1688,0.00921999864790422,0.0118047369485883,0.00258473830068405,28.0340420795136
"CAWA","can14","2020","forestry_harvest",1690,0.113378209085031,3.21400545888723e-06,-0.113374995079572,-99.997165235291
"CAWA","can14","2020","forestry_harvest",1691,0.0959144072179519,2.32689394918556e-06,-0.0959120803240027,-99.9975739891257
"CAWA","can14","2020","forestry_harvest",1694,0.0346112747590288,0.0381090106757869,0.00349773591675806,10.1057702760446
"CAWA","can14","2020","forestry_harvest",1696,7.17118829251647e-21,9.71495362108978e-20,8.99783479183813e-20,NA
"CAWA","can14","2020","forestry_harvest",1705,6.45406946326482e-20,8.7434582589808e-19,8.09805131265432e-19,NA
"CAWA","can14","2020","forestry_harvest",1706,2.15135648775494e-20,2.91448608632693e-19,2.69935043755144e-19,NA
"CAWA","can14","2020","forestry_harvest",1707,2.15135648775494e-20,2.91448608632693e-19,2.69935043755144e-19,NA
"CAWA","can14","2020","forestry_harvest",1708,0.171625760324471,4.16605547421221e-06,-0.171621594268997,-99.9975725931431
"CAWA","can14","2020","forestry_harvest",1709,0.0202710900356973,4.61794908057287e-07,-0.0202706282407892,-99.9977219039171
"CAWA","can14","2020","forestry_harvest",1711,0.302547635466024,0.124139046002982,-0.178408589463043,-58.9687601386254
"CAWA","can14","2020","forestry_harvest",1719,0.114482417057726,2.6819648012967e-06,-0.114479735092925,-99.997657312913
"CAWA","can14","2020","forestry_harvest",1725,0.0411728700066472,1.30114011411569e-06,-0.041171568866533,-99.9968398119589
"CAWA","can14","2020","forestry_harvest",1726,0.373540732661639,9.58489284823513e-06,-0.373531147768791,-99.997434043463
"CAWA","can14","2020","forestry_harvest",1728,0.0253029898531398,3.91289696676014e-07,-0.0253025985634432,-99.9984535831578
"CAWA","can14","2020","forestry_harvest",1734,1.43423765850329e-20,1.94299072421796e-19,1.79956695836763e-19,NA
"CAWA","can14","2020","forestry_harvest",1737,0.0187983930226299,4.5758295182404e-07,-0.018797935439678,-99.9975658400626
"CAWA","can14","2020","forestry_harvest",1738,0.0305548922466807,0.0331858701476544,0.00263097790097366,8.61066005316865
"CAWA","can14","2020","forestry_harvest",1740,2.15135648775494e-20,2.91448608632693e-19,2.69935043755144e-19,NA
"CAWA","can14","2020","forestry_harvest",1743,0.00947391743583884,0.00728553056172123,-0.0021883868741176,-23.0990705686242
"CAWA","can14","2020","forestry_harvest",1744,0.0435549802155119,0.0584836086097152,0.0149286283942033,34.2753648844191
"CAWA","can14","2020","forestry_harvest",1745,7.17118829251647e-21,9.71495362108978e-20,8.99783479183813e-20,NA
"CAWA","can14","2020","forestry_harvest",1746,6.45406946326482e-20,8.7434582589808e-19,8.09805131265432e-19,NA
"CAWA","can14","2020","forestry_harvest",1749,0.0855393539164861,1.9058693961707e-06,-0.08553744804709,-99.9977719385185
"CAWA","can14","2020","forestry_harvest",1752,0.041644046698579,0.0358771432047211,-0.00576690349385789,-13.8480862237019
"CAWA","can14","2020","forestry_harvest",1754,0.0696546125666813,0.073552027571917,0.00389741500523577,5.59534374195926
"CAWA","can14","2020","forestry_harvest",1757,0.0523038575330603,1.33203824287716e-06,-0.0523025254948175,-99.9974532695948
"CAWA","can14","2020","forestry_harvest",1759,0.0315999836981198,0.0358683483427771,0.0042683646446573,13.5074900209878
"CAWA","can14","2020","forestry_harvest",1760,0.0332472182502292,0.0373308233311689,0.00408360508093963,12.2825466185024
"CAWA","can14","2020","forestry_harvest",1762,0.110428727579644,0.197633695920289,0.0872049683406445,78.9694586290962
"CAWA","can14","2020","forestry_harvest",1763,0.0677131268583938,0.0906576281995669,0.0229445013411731,33.8848645834302
"CAWA","can14","2020","forestry_harvest",1765,7.17118829251647e-21,9.71495362108978e-20,8.99783479183813e-20,NA
"CAWA","can14","2020","forestry_harvest",1770,0.0358618849617978,0.037816742920898,0.00195485795910022,5.45107420087553
"CAWA","can14","2020","forestry_harvest",1773,7.17118829251647e-21,9.71495362108978e-20,8.99783479183813e-20,NA
"CAWA","can14","2020","forestry_harvest",1776,1.29081389265296e-19,1.74869165179616e-18,1.61961026253086e-18,NA
"CAWA","can14","2020","forestry_harvest",1780,0.0489831555723446,0.0462311597101008,-0.00275199586224373,-5.61824943715443
"CAWA","can14","2020","forestry_harvest",1781,1.44428440152436,1.87355248170802,0.429268080183662,29.7218525472265
"CAWA","can14","2020","forestry_harvest",1782,6.45406946326482e-20,8.7434582589808e-19,8.09805131265432e-19,NA
"CAWA","can14","2020","forestry_harvest",1783,2.15135648775494e-20,2.91448608632693e-19,2.69935043755144e-19,NA
"CAWA","can14","2020","forestry_harvest",1788,0.130510295281709,0.168477128907288,0.0379668336255792,29.0910640755406
"CAWA","can14","2020","forestry_harvest",1789,0.0250767484581731,0.0290815040164567,0.00400475555828361,15.9699953323828
"CAWA","can14","2020","forestry_harvest",1791,0.129953612823148,3.08615576865761e-06,-0.12995052666738,-99.9976251866327
"CAWA","can14","2020","forestry_harvest",1798,0.522276570743667,1.36680342750354e-05,-0.522262902709392,-99.9973829891975
"CAWA","can14","2020","forestry_harvest",1799,0.0448161172755803,0.0254809586151828,-0.0193351586603975,-43.1433150299545
"CAWA","can14","2020","forestry_harvest",1806,0.0268654695864177,0.0341054472108251,0.00723997762440742,26.9490082841051
"CAWA","can14","2020","forestry_harvest",1807,0.172845570717636,0.18537771439647,0.0125321436788342,7.25048586828234
"CAWA","can14","2020","forestry_harvest",1808,0.00565539200014412,0.00316385401137559,-0.00249153798876853,-44.0559732854069
"CAWA","can14","2020","forestry_harvest",1816,7.17118829251647e-21,9.71495362108978e-20,8.99783479183813e-20,NA
"CAWA","can14","2020","forestry_harvest",1817,1.43423765850329e-20,1.94299072421796e-19,1.79956695836763e-19,NA
"CAWA","can14","2020","forestry_harvest",1821,4.30271297550988e-20,5.82897217265387e-19,5.39870087510288e-19,NA
"CAWA","can14","2020","forestry_harvest",1824,7.17118829251647e-21,9.71495362108978e-20,8.99783479183813e-20,NA
"CAWA","can14","2020","forestry_harvest",1829,0.0330392948231517,0.0319159629342383,-0.00112333188891345,-3.39998748437661
"CAWA","can14","2020","forestry_harvest",1832,0.00398364994765356,7.24379677728919e-07,-0.00398292556797583,-99.9818161814605
"CAWA","can14","2020","forestry_harvest",1835,7.17118829251647e-21,9.71495362108978e-20,8.99783479183813e-20,NA
"CAWA","can14","2020","forestry_harvest",1836,0.0399687097854717,0.0552114557485948,0.015242745963123,38.1366975439963
"CAWA","can14","2020","forestry_harvest",1839,0.0225317838156613,0.0330186753339756,0.0104868915183143,46.5426599336759
"CAWA","can14","2020","forestry_harvest",1841,0.0288412450580244,0.0347007674398738,0.00585952238184939,20.3164682039935
"CAWA","can14","2020","forestry_harvest",1843,9.32254478027141e-20,1.26294397074167e-18,1.16971852293896e-18,NA
"CAWA","can14","2020","forestry_harvest",1844,2.15135648775494e-20,2.91448608632693e-19,2.69935043755144e-19,NA
"CAWA","can14","2020","forestry_harvest",1845,0.0472482518251516,0.0568546378563939,0.00960638603124231,20.331727969094
"CAWA","can14","2020","forestry_harvest",1846,0.109328838048744,0.11465558971067,0.00532675166192642,4.87222928277305
"CAWA","can14","2020","forestry_harvest",1847,0.105806025331374,0.123462641061877,0.0176566157305036,16.6877223439827
"CAWA","can14","2020","forestry_harvest",1848,9.58504232107711e-18,1.49331783645302e-19,-9.4357105374318e-18,NA
"CAWA","can14","2020","forestry_harvest",1849,3.58559414625823e-20,4.85747681054489e-19,4.49891739591907e-19,NA
"CAWA","can14","2020","forestry_harvest",1852,0.804649486197363,2.07754338611303e-05,-0.804628710763502,-99.9974180765392
"CAWA","can14","2020","forestry_harvest",1854,0.0295423579814484,0.036605285533168,0.00706292755171956,23.9077989514406
"CAWA","can14","2020","forestry_harvest",1855,0.0210402534151957,0.0275586606771889,0.00651840726199326,30.9806499634912
"CAWA","can14","2020","forestry_harvest",1856,4.30271297550988e-20,5.82897217265387e-19,5.39870087510288e-19,NA
"CAWA","can14","2020","forestry_harvest",1858,0.0504420892458146,0.0560863524285171,0.0056442631827025,11.189590413666
"CAWA","can14","2020","forestry_harvest",1859,0.294065471068716,0.266694162295842,-0.0273713087728744,-9.30789618835541
"CAWA","can14","2020","forestry_harvest",1864,1.43423765850329e-20,1.43423765850329e-20,0,NA
"CAWA","can14","2020","forestry_harvest",1867,1.43423765850329e-20,1.94299072421796e-19,1.79956695836763e-19,NA
"CAWA","can14","2020","forestry_harvest",1868,0.164212335885981,0.185484235385359,0.0212718994993777,12.9538986121892
"CAWA","can14","2020","forestry_harvest",1872,1.43423765850329e-20,1.94299072421796e-19,1.79956695836763e-19,NA
"CAWA","can14","2020","forestry_harvest",1873,1.00396636095231e-18,1.04516928923823e-17,9.44772653143004e-18,NA
"CAWA","can14","2020","forestry_harvest",1875,2.86847531700659e-20,3.88598144843591e-19,3.59913391673525e-19,NA
"CAWA","can14","2020","forestry_harvest",1877,0.0361154618378099,0.0361242833283915,8.82149058156756e-06,0.0244258002879315
"CAWA","can14","2020","forestry_harvest",1878,0.197253219546014,0.175672312693804,-0.0215809068522093,-10.9407120968056
"CAWA","can14","2020","forestry_harvest",1880,7.17118829251647e-21,9.71495362108978e-20,8.99783479183813e-20,NA
"CAWA","can14","2020","forestry_harvest",1882,0.31618767270448,0.27883496980424,-0.0373527029002391,-11.8134595763163
"CAWA","can14","2020","forestry_harvest",1885,1.43423765850329e-20,1.94299072421796e-19,1.79956695836763e-19,NA
"CAWA","can14","2020","forestry_harvest",1886,1.43423765850329e-20,1.94299072421796e-19,1.79956695836763e-19,NA
"CAWA","can14","2020","forestry_harvest",1887,7.17118829251647e-21,9.71495362108978e-20,8.99783479183813e-20,NA
"CAWA","can14","2020","forestry_harvest",1888,2.15135648775494e-20,2.91448608632693e-19,2.69935043755144e-19,NA
"CAWA","can14","2020","forestry_harvest",1889,7.17118829251647e-21,9.71495362108978e-20,8.99783479183813e-20,NA
"CAWA","can14","2020","forestry_harvest",1890,2.86847531700659e-20,3.88598144843591e-19,3.59913391673525e-19,NA
"CAWA","can14","2020","forestry_harvest",1894,3.58559414625823e-20,4.85747681054489e-19,4.49891739591907e-19,NA
"CAWA","can14","2020","forestry_harvest",1895,7.17118829251647e-21,9.71495362108978e-20,8.99783479183813e-20,NA
"CAWA","can14","2020","forestry_harvest",1896,2.15135648775494e-20,2.91448608632693e-19,2.69935043755144e-19,NA
"CAWA","can14","2020","forestry_harvest",1898,0.103278754688199,0.0994241437433052,-0.00385461094489337,-3.73223995247672
"CAWA","can14","2020","forestry_harvest",1901,0.02837618151349,0.0191384417462712,-0.00923773976721876,-32.5545555268849
"CAWA","can14","2020","forestry_harvest",1903,0.0305877064780101,0.0310348960733004,0.000447189595290357,1.46199125982802
"CAWA","can14","2020","forestry_harvest",1904,7.88830712176812e-20,1.06864489831988e-18,9.89761827102194e-19,NA
"CAWA","can14","2020","forestry_harvest",1906,8.60542595101976e-20,1.16579443453077e-18,1.07974017502058e-18,NA
"CAWA","can14","2020","forestry_harvest",1907,1.43423765850329e-20,1.94299072421796e-19,1.79956695836763e-19,NA
"CAWA","can14","2020","forestry_harvest",1908,8.60542595101976e-20,1.16579443453077e-18,1.07974017502058e-18,NA
"CAWA","can14","2020","forestry_harvest",1910,7.17118829251647e-21,9.71495362108978e-20,8.99783479183813e-20,NA
"CAWA","can14","2020","forestry_harvest",1914,2.86847531700659e-20,3.88598144843591e-19,3.59913391673525e-19,NA
"CAWA","can14","2020","forestry_harvest",1916,7.17118829251647e-21,9.71495362108978e-20,8.99783479183813e-20,NA
"CAWA","can14","2020","forestry_harvest",1918,0.182214336442091,0.232813195698182,0.0505988592560915,27.7688683799983
"CAWA","can14","2020","forestry_harvest",1919,0.0914460598633386,0.123882684457054,0.0324366245937155,35.4707733085388
"CAWA","can14","2020","forestry_harvest",1921,0.122672251802021,0.124162394353715,0.00149014255169444,1.21473481557945
"CAWA","can14","2020","forestry_harvest",1924,0.121659432274481,0.144896465949922,0.0232370336754413,19.100067492519
"CAWA","can14","2020","forestry_harvest",1925,1.43423765850329e-20,1.94299072421796e-19,1.79956695836763e-19,NA
"CAWA","can14","2020","forestry_harvest",1927,7.17118829251647e-21,9.71495362108978e-20,8.99783479183813e-20,NA
"CAWA","can14","2020","forestry_harvest",1928,0.0313834594880824,8.7915837454242e-07,-0.0313825803297079,-99.9971986569075
"CAWA","can14","2020","forestry_harvest",1931,0.0314144045702434,0.0258160456208121,-0.00559835894943128,-17.8209933500831
"CAWA","can14","2020","forestry_harvest",1934,2.15135648775494e-20,2.91448608632693e-19,2.69935043755144e-19,NA
"CAWA","can14","2020","forestry_harvest",1935,7.17118829251647e-21,9.71495362108978e-20,8.99783479183813e-20,NA
"CAWA","can14","2020","forestry_harvest",1937,5.73695063401318e-20,7.77196289687182e-19,7.1982678334705e-19,NA
"CAWA","can14","2020","forestry_harvest",1938,0.112178958689614,3.32191418880908e-06,-0.112175636775425,-99.9970387368294
"CAWA","can14","2020","forestry_harvest",1940,0.0118126259521085,0.0169508406046037,0.0051382146524952,43.4976496616998
"CAWA","can14","2020","forestry_harvest",1941,0.0373081176786796,0.0259512960587573,-0.0113568216199222,-30.4406180921111
"CAWA","can14","2020","forestry_harvest",1943,7.17118829251647e-21,9.71495362108978e-20,8.99783479183813e-20,NA
"CAWA","can14","2020","forestry_harvest",1944,8.60542595101976e-20,1.16579443453077e-18,1.07974017502058e-18,NA
"CAWA","can14","2020","forestry_harvest",1945,5.73695063401318e-20,7.77196289687182e-19,7.1982678334705e-19,NA
"CAWA","can14","2020","forestry_harvest",1946,8.60542595101976e-20,1.16579443453077e-18,1.07974017502058e-18,NA
"CAWA","can14","2020","forestry_harvest",1947,0.434114641634116,0.449487979588001,0.0153733379538856,3.54130832722355
"CAWA","can14","2020","forestry_harvest",1950,0.0663447431068609,0.0878454053146984,0.0215006622078375,32.4074843024211
"CAWA","can14","2020","forestry_harvest",1952,1.43423765850329e-20,1.94299072421796e-19,1.79956695836763e-19,NA
"CAWA","can14","2020","forestry_harvest",1953,1.43423765850329e-20,1.94299072421796e-19,1.79956695836763e-19,NA
"CAWA","can14","2020","forestry_harvest",1954,7.17118829251647e-21,9.71495362108978e-20,8.99783479183813e-20,NA
"CAWA","can14","2020","forestry_harvest",1956,1.43423765850329e-20,1.94299072421796e-19,1.79956695836763e-19,NA
"CAWA","can14","2020","forestry_harvest",1957,7.17118829251647e-21,9.71495362108978e-20,8.99783479183813e-20,NA
"CAWA","can14","2020","forestry_harvest",1958,0.204307476481463,0.212074048292269,0.00776657181080664,3.80141341108059
"CAWA","can14","2020","forestry_harvest",1961,0.0992089783749472,0.103927406114908,0.00471842773996034,4.75604911697373
"CAWA","can14","2020","forestry_harvest",1963,0.0741543848768562,0.0768484897071584,0.00269410483030219,3.63310252627155
"CAWA","can14","2020","forestry_harvest",1964,0.0324798454272153,0.0291309349111049,-0.00334891051611041,-10.3107341554782
"CAWA","can14","2020","forestry_harvest",1971,0.173775347629292,0.165973228154422,-0.00780211947486997,-4.48977348128455
"CAWA","can14","2020","forestry_harvest",1975,7.17118829251647e-21,9.71495362108978e-20,8.99783479183813e-20,NA
"CAWA","can14","2020","forestry_harvest",1976,2.07964460482978e-19,2.81733655011604e-18,2.60937208963306e-18,NA
"CAWA","can14","2020","forestry_harvest",1977,0.0171973839425754,4.46337928228588e-07,-0.0171969376046472,-99.9974046172969
"CAWA","can14","2020","forestry_harvest",1978,0.0368547043155898,8.8403534209147e-07,-0.0368538202802477,-99.9976012957952
"CAWA","can14","2020","forestry_harvest",1979,0.167211607293444,0.172865730133296,0.00565412283985167,3.38141767271521
"CAWA","can14","2020","forestry_harvest",1981,0.0315887276890803,8.67774738237028e-07,-0.031587859914342,-99.9972528974678
"CAWA","can14","2020","forestry_harvest",1986,2.15135648775494e-20,2.91448608632693e-19,2.69935043755144e-19,NA
"CAWA","can14","2020","forestry_harvest",1987,7.17118829251647e-21,9.71495362108978e-20,8.99783479183813e-20,NA
"CAWA","can14","2020","forestry_harvest",1989,7.17118829251647e-21,9.71495362108978e-20,8.99783479183813e-20,NA
"CAWA","can14","2020","forestry_harvest",1990,0.0154882147582081,4.42980613001675e-07,-0.015487771777595,-99.9971398859073
"CAWA","can14","2020","forestry_harvest",1994,0.0123109310887715,0.0307839214387538,0.0184729903499823,150.053559854876
"CAWA","can14","2020","forestry_harvest",1995,2.86847531700659e-20,3.88598144843591e-19,3.59913391673525e-19,NA
"CAWA","can14","2020","forestry_harvest",1996,1.43423765850329e-20,1.94299072421796e-19,1.79956695836763e-19,NA
"CAWA","can14","2020","forestry_harvest",1997,0.397493954057273,1.06503565104293e-05,-0.397483303700762,-99.9973206242758
"CAWA","can14","2020","forestry_harvest",1999,0.013211396878694,3.99020971918552e-07,-0.0132109978577221,-99.9969797215572
"CAWA","can14","2020","forestry_harvest",2006,0.23774053888541,6.45722068290639e-06,-0.237734081664727,-99.9972839210707
"CAWA","can14","2020","forestry_harvest",2007,0.0633470446028184,1.67018384929958e-06,-0.0633453744189691,-99.9973634384054
"CAWA","can14","2020","forestry_harvest",2008,0.132083975449417,0.148708562463585,0.0166245870141677,12.5863769299814
"CAWA","can14","2020","forestry_harvest",2010,0.0587597219669123,0.0617090200982107,0.00294929813129841,5.01925133845794
"CAWA","can14","2020","forestry_harvest",2011,0.304428027880896,0.31441738874729,0.00998936086639368,3.28135386742442
"CAWA","can14","2020","forestry_harvest",2022,7.17118829251647e-21,9.71495362108978e-20,8.99783479183813e-20,NA
"CAWA","can14","2020","forestry_harvest",2023,0.0178021346752955,4.32606373947363e-07,-0.0178017020689215,-99.9975699185416
"CAWA","can14","2020","forestry_harvest",2024,0.0223209434852369,0.0273558669766869,0.00503492349144996,22.556947446151
"CAWA","can14","2020","forestry_harvest",2026,3.58559414625823e-20,4.85747681054489e-19,4.49891739591907e-19,NA
"CAWA","can14","2020","forestry_harvest",2035,5.01983180476153e-20,6.80046753476284e-19,6.29848435428669e-19,NA
"CAWA","can14","2020","forestry_harvest",2036,0.0166064372763475,4.48157315969841e-07,-0.0166059891190315,-99.9973013036541
"CAWA","can14","2020","forestry_harvest",2038,0.0485450629401329,0.0492121620087982,0.000667099068665244,1.37418519672727
"CAWA","can14","2020","forestry_harvest",2039,0.0868239349005018,0.0836876159757605,-0.00313631892474131,-3.61227457421212
"CAWA","can14","2020","forestry_harvest",2040,0.0291195560078188,0.0258198733579627,-0.00329968264985614,-11.3315005523098
"CAWA","can14","2020","forestry_harvest",2043,1.43423765850329e-20,1.94299072421796e-19,1.79956695836763e-19,NA
"CAWA","can14","2020","forestry_harvest",2049,7.17118829251647e-21,9.71495362108978e-20,8.99783479183813e-20,NA
"CAWA","can14","2020","forestry_harvest",2051,1.43423765850329e-20,1.94299072421796e-19,1.79956695836763e-19,NA
"CAWA","can14","2020","forestry_harvest",2052,0.0159608648028042,4.50603430975168e-07,-0.0159604141993733,-99.9971768232076
"CAWA","can14","2020","forestry_harvest",2054,0.056087388059467,0.0611511838200496,0.00506379576058258,9.0284035962125
"CAWA","can14","2020","forestry_harvest",2055,0.0962719513528176,0.10798158463396,0.0117096332811428,12.1630787748649
"CAWA","can14","2020","forestry_harvest",2058,0.0417163483976126,0.0407874432041986,-0.000928905193414042,-2.22671741198518
"CAWA","can14","2020","forestry_harvest",2061,0.055256350635021,0.0679941532292827,0.0127378025942617,23.0521966215202
"CAWA","can14","2020","forestry_harvest",2062,7.17118829251647e-21,9.71495362108978e-20,8.99783479183813e-20,NA
"CAWA","can14","2020","forestry_harvest",2064,7.17118829251647e-21,9.71495362108978e-20,8.99783479183813e-20,NA
"CAWA","can14","2020","forestry_harvest",2065,7.17118829251647e-21,9.71495362108978e-20,8.99783479183813e-20,NA
"CAWA","can14","2020","forestry_harvest",2066,0.386553836947082,1.05848743826397e-05,-0.3865432520727,-99.9972617334583
"CAWA","can14","2020","forestry_harvest",2067,0.0334088267317578,8.3076633839515e-07,-0.0334079959654194,-99.9975133327936
"CAWA","can14","2020","forestry_harvest",2070,1.93622083897945e-19,2.62303747769424e-18,2.42941539379629e-18,NA
"CAWA","can14","2020","forestry_harvest",2072,0.109844200424951,0.111813836381152,0.00196963595620048,1.79311784198037
"CAWA","can14","2020","forestry_harvest",2077,0.158922540048355,0.19283368536095,0.0339111453125953,21.3381596482647
"CAWA","can14","2020","forestry_harvest",2078,2.15135648775494e-20,2.91448608632693e-19,2.69935043755144e-19,NA
"CAWA","can14","2020","forestry_harvest",2079,1.43423765850329e-20,1.94299072421796e-19,1.79956695836763e-19,NA
"CAWA","can14","2020","forestry_harvest",2081,2.15135648775494e-20,2.91448608632693e-19,2.69935043755144e-19,NA
"CAWA","can14","2020","forestry_harvest",2084,0.0167685228332326,4.46573117930198e-07,-0.0167680762601147,-99.9973368368677
"CAWA","can14","2020","forestry_harvest",2085,0.0441651874775308,0.0305606552728335,-0.0136045322046974,-30.803746076293
"CAWA","can14","2020","forestry_harvest",2086,0.0278018030113434,0.026762293909413,-0.0010395091019304,-3.73899887538327
"CAWA","can14","2020","forestry_harvest",2087,0.0348416803210978,0.0403138692309337,0.00547218890983592,15.7058696922901
"CAWA","can14","2020","forestry_harvest",2091,7.17118829251647e-21,9.71495362108978e-20,8.99783479183813e-20,NA
"CAWA","can14","2020","forestry_harvest",2092,0.0138313738078166,3.97232336474234e-07,-0.0138309765754802,-99.9971280341202
"CAWA","can14","2020","forestry_harvest",2094,0.245049996393886,0.312894262514407,0.0678442661205203,27.6858874184472
"CAWA","can14","2020","forestry_harvest",2095,0.027406892296153,0.0327621666534501,0.0053552743572971,19.5398817911537
"CAWA","can14","2020","forestry_harvest",2100,2.15135648775494e-20,2.91448608632693e-19,2.69935043755144e-19,NA
"CAWA","can14","2020","forestry_harvest",2102,2.15135648775494e-20,2.91448608632693e-19,2.69935043755144e-19,NA
"CAWA","can14","2020","forestry_harvest",2103,0.0152705944229581,3.96978075801049e-07,-0.0152701974448823,-99.9974003757496
"CAWA","can14","2020","forestry_harvest",2106,0.0482954647053369,0.0512238155242928,0.00292835081895593,6.06340747898908
"CAWA","can14","2020","forestry_harvest",2108,0.026664801164791,0.0313113108496546,0.00464650968486358,17.4256303512174
"CAWA","can14","2020","forestry_harvest",2110,0.323494038371792,0.366284122475156,0.0427900841033635,13.2274722337185
"CAWA","can14","2020","forestry_harvest",2111,0.0533079937754779,0.0594009969476375,0.00609300317215955,11.4298114422051
"CAWA","can14","2020","forestry_harvest",2113,7.17118829251647e-21,9.71495362108978e-20,8.99783479183813e-20,NA
"CAWA","can14","2020","forestry_harvest",2114,0.0841865758893623,2.24767105847908e-06,-0.0841843282183038,-99.9973301312772
"CAWA","can14","2020","forestry_harvest",2121,0.0176593871049602,4.51338160760827e-07,-0.0176589357667994,-99.9974442025758
"CAWA","can14","2020","forestry_harvest",2134,7.17118829251647e-21,9.71495362108978e-20,8.99783479183813e-20,NA
"CAWA","can14","2020","forestry_harvest",2135,0.0572610382538496,1.64114768401024e-06,-0.0572593971061656,-99.9971339190939
"CAWA","can14","2020","forestry_harvest",2138,0.0512920354456963,0.0490843382183268,-0.00220769722736947,-4.30417160907329
"CAWA","can14","2020","forestry_harvest",2145,5.01983180476153e-20,6.80046753476284e-19,6.29848435428669e-19,NA
"CAWA","can14","2020","forestry_harvest",2146,7.17118829251647e-21,9.71495362108978e-20,8.99783479183813e-20,NA
"CAWA","can14","2020","forestry_harvest",2152,2.86847531700659e-20,3.88598144843591e-19,3.59913391673525e-19,NA
"CAWA","can14","2020","forestry_harvest",2155,2.86847531700659e-20,3.88598144843591e-19,3.59913391673525e-19,NA
"CAWA","can14","2020","forestry_harvest",2156,1.43423765850329e-20,1.04320724503414e-19,8.99783479183813e-20,NA
"CAWA","can14","2020","forestry_harvest",2157,7.17118829251647e-21,9.71495362108978e-20,8.99783479183813e-20,NA
"CAWA","can14","2020","forestry_harvest",2158,0.089228861279665,0.0998913704960351,0.0106625092163701,11.9496192862433
"CAWA","can14","2020","forestry_harvest",2159,2.15135648775494e-20,2.91448608632693e-19,2.69935043755144e-19,NA
"CAWA","can14","2020","forestry_harvest",2160,0.117502903640956,0.0318818897001339,-0.0856210139408219,-72.8671473536068
"CAWA","can14","2020","forestry_harvest",2161,1.43423765850329e-20,1.94299072421796e-19,1.79956695836763e-19,NA
"CAWA","can14","2020","forestry_harvest",2162,1.43423765850329e-20,1.94299072421796e-19,1.79956695836763e-19,NA
"CAWA","can14","2020","forestry_harvest",2163,1.43423765850329e-20,1.94299072421796e-19,1.79956695836763e-19,NA
"CAWA","can14","2020","forestry_harvest",2169,7.17118829251647e-21,9.71495362108978e-20,8.99783479183813e-20,NA
"CAWA","can14","2020","forestry_harvest",2170,2.15135648775494e-20,2.91448608632693e-19,2.69935043755144e-19,NA
"CAWA","can14","2020","forestry_harvest",2171,7.17118829251647e-21,9.71495362108978e-20,8.99783479183813e-20,NA
"CAWA","can14","2020","forestry_harvest",2172,0.0236472618334904,4.51473874455714e-07,-0.023646810359616,-99.9980907985134
"CAWA","can14","2020","forestry_harvest",2173,0.111866623757266,2.62585138066335e-06,-0.111863997905886,-99.9976526945281
"CAWA","can14","2020","forestry_harvest",2176,7.17118829251647e-21,9.71495362108978e-20,8.99783479183813e-20,NA
"CAWA","can14","2020","forestry_harvest",2177,7.17118829251647e-21,9.71495362108978e-20,8.99783479183813e-20,NA
"CAWA","can14","2020","forestry_harvest",2178,7.17118829251647e-21,9.71495362108978e-20,8.99783479183813e-20,NA
"CAWA","can14","2020","forestry_harvest",2179,1.43423765850329e-20,1.94299072421796e-19,1.79956695836763e-19,NA
"CAWA","can14","2020","forestry_harvest",2180,7.17118829251647e-21,9.71495362108978e-20,8.99783479183813e-20,NA
"CAWA","can14","2020","forestry_harvest",2181,1.43423765850329e-20,1.94299072421796e-19,1.79956695836763e-19,NA
"CAWA","can14","2020","forestry_harvest",2185,2.15135648775494e-20,2.91448608632693e-19,2.69935043755144e-19,NA
"CAWA","can14","2020","forestry_harvest",2188,0.0254676272344878,4.58480907525873e-07,-0.0254671687535803,-99.9981997502032
"CAWA","can14","2020","forestry_harvest",2190,2.86847531700659e-20,3.88598144843591e-19,3.59913391673525e-19,NA
"CAWA","can14","2020","forestry_harvest",2196,2.86847531700659e-20,3.88598144843591e-19,3.59913391673525e-19,NA
"CAWA","can14","2020","forestry_harvest",2197,1.64937330727879e-19,2.23443933285065e-18,2.06950200212277e-18,NA
"CAWA","can14","2020","forestry_harvest",2199,1.43423765850329e-20,1.94299072421796e-19,1.79956695836763e-19,NA
"CAWA","can14","2020","forestry_harvest",2200,7.17118829251647e-21,9.71495362108978e-20,8.99783479183813e-20,NA
"CAWA","can14","2020","forestry_harvest",2201,0.0154823902654377,4.03896376273211e-07,-0.0154819863690615,-99.9973912530989
"CAWA","can14","2020","forestry_harvest",2202,0.0149326732594179,3.97515445189369e-07,-0.0149322757439727,-99.9973379485489
"CAWA","can14","2020","forestry_harvest",2203,0.460760956587993,0.0496495368287641,-0.411111419759229,-89.2244479227523
"CAWA","can14","2020","forestry_harvest",2206,0.0165543912331789,4.51171240021545e-07,-0.0165539400619389,-99.9972746129189
"CAWA","can14","2020","forestry_harvest",2209,1.43423765850329e-20,1.94299072421796e-19,1.79956695836763e-19,NA
"CAWA","can14","2020","forestry_harvest",2213,1.43423765850329e-20,1.94299072421796e-19,1.79956695836763e-19,NA
"CAWA","can14","2020","forestry_harvest",2214,0.33846382577598,0.461196297841355,0.122732472065376,36.261621691474
"CAWA","can14","2020","forestry_harvest",2216,0.198984770979815,3.67700939833062e-06,-0.198981093970417,-99.9981521151693
"CAWA","can14","2020","forestry_harvest",2219,2.15135648775494e-20,2.91448608632693e-19,2.69935043755144e-19,NA
"CAWA","can14","2020","forestry_harvest",2220,7.17118829251647e-21,9.71495362108978e-20,8.99783479183813e-20,NA
"CAWA","can14","2020","forestry_harvest",2222,0.0508159576066602,9.20630149119108e-07,-0.0508150369765111,-99.9981883050276
"CAWA","can14","2020","forestry_harvest",2224,0.312219222533146,0.192645340246823,-0.119573882286323,-38.2980526683071
"CAWA","can14","2020","forestry_harvest",2225,0.0470931810175768,0.0498684525019293,0.00277527148435253,5.89314933581722
"CAWA","can14","2020","forestry_harvest",2229,4.30271297550988e-20,2.22983825591861e-19,1.79956695836763e-19,NA
"CAWA","can14","2020","forestry_harvest",2230,0.0467719733469396,9.13017449276585e-07,-0.0467710603294903,-99.9980479390029
"CAWA","can14","2020","forestry_harvest",2234,2.86847531700659e-20,3.88598144843591e-19,3.59913391673525e-19,NA
"CAWA","can14","2020","forestry_harvest",2236,1.43423765850329e-19,1.94299072421796e-18,1.79956695836763e-18,NA
"CAWA","can14","2020","forestry_harvest",2237,9.32254478027141e-20,5.43117187394621e-19,4.49891739591907e-19,NA
"CAWA","can14","2020","forestry_harvest",2238,2.15135648775494e-20,2.91448608632693e-19,2.69935043755144e-19,NA
"CAWA","can14","2020","forestry_harvest",2240,0.0673778739280362,1.34803284788963e-06,-0.0673765258951883,-99.9979992944726
"CAWA","can14","2020","forestry_harvest",2244,1.57766142435362e-19,1.4174630132927e-18,1.25969687085734e-18,NA
"CAWA","can14","2020","forestry_harvest",2252,7.17118829251647e-21,9.71495362108978e-20,8.99783479183813e-20,NA
"CAWA","can14","2020","forestry_harvest",2253,0.0691612014154828,0.0593371193720453,-0.00982408204343743,-14.2046144982643
"CAWA","can14","2020","forestry_harvest",2255,0.0972101887023999,0.0900573372673291,-0.00715285143507083,-7.35812935922656
"CAWA","can14","2020","forestry_harvest",2257,0.0247575681078582,4.5331040049184e-07,-0.0247571147974577,-99.9981690027126
"CAWA","can14","2020","forestry_harvest",2259,2.15135648775494e-20,2.91448608632693e-19,2.69935043755144e-19,NA
"CAWA","can14","2020","forestry_harvest",2263,0.0922784651023503,0.108696186672264,0.0164177215699133,17.7914983216329
"CAWA","can14","2020","forestry_harvest",2264,5.73695063401318e-20,7.77196289687182e-19,7.1982678334705e-19,NA
"CAWA","can14","2020","forestry_harvest",2265,2.15135648775494e-20,1.11491912795931e-19,8.99783479183813e-20,NA
"CAWA","can14","2020","forestry_harvest",2267,1.43423765850329e-20,1.94299072421796e-19,1.79956695836763e-19,NA
"CAWA","can14","2020","forestry_harvest",2268,7.17118829251647e-21,9.71495362108978e-20,8.99783479183813e-20,NA
"CAWA","can14","2020","forestry_harvest",2272,2.86847531700659e-20,3.88598144843591e-19,3.59913391673525e-19,NA
"CAWA","can14","2020","forestry_harvest",2273,2.15135648775494e-20,2.91448608632693e-19,2.69935043755144e-19,NA
"CAWA","can14","2020","forestry_harvest",2275,1.43423765850329e-20,1.04320724503414e-19,8.99783479183813e-20,NA
"CAWA","can14","2020","forestry_harvest",2277,1.43423765850329e-20,1.94299072421796e-19,1.79956695836763e-19,NA
"CAWA","can14","2020","forestry_harvest",2278,7.17118829251647e-21,9.71495362108978e-20,8.99783479183813e-20,NA
"CAWA","can14","2020","forestry_harvest",2283,2.15135648775494e-20,2.91448608632693e-19,2.69935043755144e-19,NA
"CAWA","can14","2020","forestry_harvest",2287,6.45406946326482e-20,8.7434582589808e-19,8.09805131265432e-19,NA
"CAWA","can14","2020","forestry_harvest",2301,7.17118829251647e-21,9.71495362108978e-20,8.99783479183813e-20,NA
"CAWA","can14","2020","forestry_harvest",2312,7.17118829251647e-21,9.71495362108978e-20,8.99783479183813e-20,NA
"CAWA","can14","2020","forestry_harvest",2313,0.0482241870072495,0.0477118252975255,-0.000512361709724019,-1.06245795216205
"CAWA","can14","2020","forestry_harvest",2314,1.43423765850329e-20,1.94299072421796e-19,1.79956695836763e-19,NA
"CAWA","can14","2020","forestry_harvest",2315,2.15135648775494e-20,2.91448608632693e-19,2.69935043755144e-19,NA
"CAWA","can14","2020","forestry_harvest",2317,0.539228885494003,0.580843447748389,0.0416145622543862,7.71742081588636
"CAWA","can14","2020","forestry_harvest",2319,3.58559414625823e-20,4.85747681054489e-19,4.49891739591907e-19,NA
"CAWA","can14","2020","forestry_harvest",2320,7.17118829251647e-21,9.71495362108978e-20,8.99783479183813e-20,NA
"CAWA","can14","2020","forestry_harvest",2321,7.17118829251647e-21,9.71495362108978e-20,8.99783479183813e-20,NA
"CAWA","can14","2020","forestry_harvest",2324,1.50594954142846e-19,2.04014026042885e-18,1.88954530628601e-18,NA
"CAWA","can14","2020","forestry_harvest",2325,2.15135648775494e-20,2.91448608632693e-19,2.69935043755144e-19,NA
"CAWA","can14","2020","forestry_harvest",2329,1.43423765850329e-20,1.94299072421796e-19,1.79956695836763e-19,NA
"CAWA","can14","2020","forestry_harvest",2333,7.17118829251647e-21,9.71495362108978e-20,8.99783479183813e-20,NA
"CAWA","can14","2020","forestry_harvest",2336,7.17118829251647e-21,9.71495362108978e-20,8.99783479183813e-20,NA
"CAWA","can14","2020","forestry_harvest",2341,1.57766142435362e-19,2.13728979663975e-18,1.97952365420439e-18,NA
"CAWA","can14","2020","forestry_harvest",2342,8.60542595101976e-20,1.16579443453077e-18,1.07974017502058e-18,NA
"CAWA","can14","2020","forestry_harvest",2345,7.17118829251647e-21,9.71495362108978e-20,8.99783479183813e-20,NA
"CAWA","can14","2020","forestry_harvest",2347,1.43423765850329e-20,1.94299072421796e-19,1.79956695836763e-19,NA
"CAWA","can14","2020","forestry_harvest",2349,4.30271297550988e-20,5.82897217265387e-19,5.39870087510288e-19,NA
"CAWA","can14","2020","forestry_harvest",2350,9.32254478027141e-20,1.26294397074167e-18,1.16971852293896e-18,NA
"CAWA","can14","2020","forestry_harvest",2351,4.30271297550988e-20,5.82897217265387e-19,5.39870087510288e-19,NA
"CAWA","can14","2020","forestry_harvest",2353,0.599765405376152,0.0766797127987473,-0.523085692577404,-87.2150490656165
"CAWA","can14","2020","forestry_harvest",2358,0.032791343137502,0.0355282515686413,0.00273690843113927,8.3464358860287
"CAWA","can14","2020","forestry_harvest",2359,2.15135648775494e-20,2.91448608632693e-19,2.69935043755144e-19,NA
"CAWA","can14","2020","forestry_harvest",2360,7.17118829251647e-21,9.71495362108978e-20,8.99783479183813e-20,NA
"CAWA","can14","2020","forestry_harvest",2361,7.17118829251647e-21,9.71495362108978e-20,8.99783479183813e-20,NA
"CAWA","can14","2020","forestry_harvest",2363,7.17118829251647e-21,9.71495362108978e-20,8.99783479183813e-20,NA
"CAWA","can14","2020","forestry_harvest",2364,7.88830712176812e-20,1.06864489831988e-18,9.89761827102194e-19,NA
"CAWA","can14","2020","forestry_harvest",2368,7.17118829251647e-21,9.71495362108978e-20,8.99783479183813e-20,NA
"CAWA","can14","2020","forestry_harvest",2371,1.43423765850329e-20,1.94299072421796e-19,1.79956695836763e-19,NA
"CAWA","can14","2020","forestry_harvest",2372,1.43423765850329e-20,1.94299072421796e-19,1.79956695836763e-19,NA
"CAWA","can14","2020","forestry_harvest",2373,5.01983180476153e-20,6.80046753476284e-19,6.29848435428669e-19,NA
"CAWA","can14","2020","forestry_harvest",2374,1.00396636095231e-19,1.36009350695257e-18,1.25969687085734e-18,NA
"CAWA","can14","2020","forestry_harvest",2375,5.73695063401318e-20,7.77196289687182e-19,7.1982678334705e-19,NA
"CAWA","can14","2020","forestry_harvest",2376,3.58559414625823e-20,4.85747681054489e-19,4.49891739591907e-19,NA
"CAWA","can14","2020","forestry_harvest",2377,7.17118829251647e-21,9.71495362108978e-20,8.99783479183813e-20,NA
"CAWA","can14","2020","forestry_harvest",2380,0.035468487897353,0.191502354607804,0.156033866710451,439.922522668623
"CAWA","can14","2020","forestry_harvest",2383,7.17118829251647e-21,9.71495362108978e-20,8.99783479183813e-20,NA
"CAWA","can14","2020","forestry_harvest",2384,5.01983180476153e-20,6.80046753476284e-19,6.29848435428669e-19,NA
"CAWA","can14","2020","forestry_harvest",2393,1.43423765850329e-20,1.94299072421796e-19,1.79956695836763e-19,NA
"CAWA","can14","2020","forestry_harvest",2394,1.43423765850329e-20,1.94299072421796e-19,1.79956695836763e-19,NA
"CAWA","can14","2020","forestry_harvest",2397,7.17118829251647e-21,9.71495362108978e-20,8.99783479183813e-20,NA
"CAWA","can14","2020","forestry_harvest",2400,0.0292197812538519,0.0272266645497041,-0.00199311670414781,-6.82112123575554
"CAWA","can14","2020","forestry_harvest",2402,7.17118829251647e-21,9.71495362108978e-20,8.99783479183813e-20,NA
"CAWA","can14","2020","forestry_harvest",2403,7.17118829251647e-21,9.71495362108978e-20,8.99783479183813e-20,NA
"CAWA","can14","2020","forestry_harvest",2405,1.43423765850329e-20,1.94299072421796e-19,1.79956695836763e-19,NA
"CAWA","can14","2020","forestry_harvest",2410,0.20929848571025,0.63970966801936,0.43041118230911,205.64467098198
"CAWA","can14","2020","forestry_harvest",2411,2.65333966823109e-19,2.51479266478264e-18,2.24945869795953e-18,NA
"CAWA","can14","2020","forestry_harvest",2412,2.86847531700659e-20,2.9861979692521e-19,2.69935043755144e-19,NA
"CAWA","can14","2020","forestry_harvest",2413,7.17118829251647e-21,9.71495362108978e-20,8.99783479183813e-20,NA
"CAWA","can14","2020","forestry_harvest",2420,0.142314917080951,0.146629456715371,0.00431453963442019,3.03168474740144
"CAWA","can14","2020","forestry_harvest",2421,7.17118829251647e-21,9.71495362108978e-20,8.99783479183813e-20,NA
"CAWA","can14","2020","forestry_harvest",2422,7.17118829251647e-21,9.71495362108978e-20,8.99783479183813e-20,NA
"CAWA","can14","2020","forestry_harvest",2426,1.43423765850329e-20,1.94299072421796e-19,1.79956695836763e-19,NA
"CAWA","can14","2020","forestry_harvest",2427,1.43423765850329e-20,1.94299072421796e-19,1.79956695836763e-19,NA
"CAWA","can14","2020","forestry_harvest",2429,7.17118829251647e-21,9.71495362108978e-20,8.99783479183813e-20,NA
"CAWA","can14","2020","forestry_harvest",2430,7.17118829251647e-21,9.71495362108978e-20,8.99783479183813e-20,NA
"CAWA","can14","2020","forestry_harvest",2431,0.214538023021161,0.583575329139919,0.369037306118757,172.014872199301
"CAWA","can14","2020","forestry_harvest",2434,7.17118829251647e-21,9.71495362108978e-20,8.99783479183813e-20,NA
"CAWA","can14","2020","forestry_harvest",2435,1.43423765850329e-19,1.94299072421796e-18,1.79956695836763e-18,NA
"CAWA","can14","2020","forestry_harvest",2439,2.15135648775494e-20,2.91448608632693e-19,2.69935043755144e-19,NA
"CAWA","can14","2020","forestry_harvest",2441,0.496714127263292,0.235743524636136,-0.260970602627156,-52.5393960636887
"CAWA","can14","2020","forestry_harvest",2445,1.64937330727879e-19,2.23443933285065e-18,2.06950200212277e-18,NA
"CAWA","can14","2020","forestry_harvest",2446,1.43423765850329e-20,1.94299072421796e-19,1.79956695836763e-19,NA
"CAWA","can14","2020","forestry_harvest",2447,0.25088141879591,0.236181933863611,-0.014699484932299,-5.85913656055052
"CAWA","can14","2020","forestry_harvest",2450,5.73695063401318e-20,7.77196289687182e-19,7.1982678334705e-19,NA
"CAWA","can14","2020","forestry_harvest",2451,7.17118829251647e-21,9.71495362108978e-20,8.99783479183813e-20,NA
"CAWA","can14","2020","forestry_harvest",2456,7.17118829251647e-21,9.71495362108978e-20,8.99783479183813e-20,NA
"CAWA","can14","2020","forestry_harvest",2457,5.01983180476153e-20,6.80046753476284e-19,6.29848435428669e-19,NA
"CAWA","can14","2020","forestry_harvest",2458,7.17118829251647e-21,9.71495362108978e-20,8.99783479183813e-20,NA
"CAWA","can14","2020","forestry_harvest",2460,3.58559414625823e-20,4.85747681054489e-19,4.49891739591907e-19,NA
"CAWA","can14","2020","forestry_harvest",2462,0.0232280557226112,0.0323885981340122,0.00916054241140096,39.4374050105437
"CAWA","can14","2020","forestry_harvest",2464,0.0127872358172171,0.0311695784042718,0.0183823425870547,143.755404606711
"CAWA","can14","2020","forestry_harvest",2466,0.0260521043129307,0.0262678396765579,0.000215735363627179,0.828091892446863
"CAWA","can14","2020","forestry_harvest",2468,2.15135648775494e-20,2.91448608632693e-19,2.69935043755144e-19,NA
"CAWA","can14","2020","forestry_harvest",2471,0.0061672915408752,0.00520179420475686,-0.000965497336118337,-15.6551272097204
"CAWA","can14","2020","forestry_harvest",2472,0.00707179514278505,0.0243949642103751,0.0173231690675901,244.961409625446
"CAWA","can14","2020","forestry_harvest",2473,7.17118829251647e-21,9.71495362108978e-20,8.99783479183813e-20,NA
"CAWA","can14","2020","forestry_harvest",2474,7.17118829251647e-21,9.71495362108978e-20,8.99783479183813e-20,NA
"CAWA","can14","2020","forestry_harvest",2479,7.17118829251647e-21,9.71495362108978e-20,8.99783479183813e-20,NA
"CAWA","can14","2020","forestry_harvest",2480,1.43423765850329e-20,1.94299072421796e-19,1.79956695836763e-19,NA
"CAWA","can14","2020","forestry_harvest",2481,7.17118829251647e-21,9.71495362108978e-20,8.99783479183813e-20,NA
"CAWA","can14","2020","forestry_harvest",2482,0.067417751773205,0.0525579002866015,-0.0148598514866035,-22.0414521335454
"CAWA","can14","2020","forestry_harvest",2486,0.51081005182801,0.530614070442663,0.0198040186146531,3.87698294968579
"CAWA","can14","2020","forestry_harvest",2487,2.86847531700659e-20,3.88598144843591e-19,3.59913391673525e-19,NA
"CAWA","can14","2020","forestry_harvest",2492,0.12806062882325,0.135205000563247,0.00714437173999638,5.57889790612934
"CAWA","can14","2020","forestry_harvest",2493,2.07964460482978e-19,2.81733655011604e-18,2.60937208963306e-18,NA
"CAWA","can14","2020","forestry_harvest",2495,9.32254478027141e-20,1.26294397074167e-18,1.16971852293896e-18,NA
"CAWA","can14","2020","forestry_harvest",2496,2.86847531700659e-20,3.88598144843591e-19,3.59913391673525e-19,NA
"CAWA","can14","2020","forestry_harvest",2499,0.0396644987456147,0.0429283943814203,0.00326389563580554,8.22875805575733
"CAWA","can14","2020","forestry_harvest",2500,5.01983180476153e-20,6.80046753476284e-19,6.29848435428669e-19,NA
"CAWA","can14","2020","forestry_harvest",2504,0.130598294688135,0.140864219602049,0.0102659249139146,7.86068833320482
"CAWA","can14","2020","forestry_harvest",2505,1.14739012680264e-19,1.55439257937436e-18,1.4396535666941e-18,NA
"CAWA","can14","2020","forestry_harvest",2508,2.15135648775494e-20,2.91448608632693e-19,2.69935043755144e-19,NA
"CAWA","can14","2020","forestry_harvest",2514,5.01983180476153e-20,6.80046753476284e-19,6.29848435428669e-19,NA
"CAWA","can14","2020","forestry_harvest",2517,0.0975886652935614,0.095657112758903,-0.00193155253465838,-1.97927959035814
"CAWA","can14","2020","forestry_harvest",2518,7.17118829251647e-21,9.71495362108978e-20,8.99783479183813e-20,NA
"CAWA","can14","2020","forestry_harvest",2519,0.0329617044490669,0.0464316809827081,0.0134699765336412,40.8655339849167
"CAWA","can14","2020","forestry_harvest",2521,0.181033331916458,0.236401098573571,0.0553677666571129,30.5842941026262
"CAWA","can14","2020","forestry_harvest",2522,7.17118829251647e-21,9.71495362108978e-20,8.99783479183813e-20,NA
"CAWA","can14","2020","forestry_harvest",2523,3.58559414625823e-20,4.85747681054489e-19,4.49891739591907e-19,NA
"CAWA","can14","2020","forestry_harvest",2524,1.43423765850329e-20,1.94299072421796e-19,1.79956695836763e-19,NA
"CAWA","can14","2020","forestry_harvest",2526,0.214281812574888,0.235271491430905,0.0209896788560169,9.79536181993108
"CAWA","can14","2020","forestry_harvest",2527,7.17118829251647e-21,9.71495362108978e-20,8.99783479183813e-20,NA
"CAWA","can14","2020","forestry_harvest",2530,7.17118829251647e-21,9.71495362108978e-20,8.99783479183813e-20,NA
"CAWA","can14","2020","forestry_harvest",2531,7.17118829251647e-21,9.71495362108978e-20,8.99783479183813e-20,NA
"CAWA","can14","2020","forestry_harvest",2532,7.17118829251647e-21,7.17118829251647e-21,0,NA
"CAWA","can14","2020","forestry_harvest",2533,9.32254478027141e-20,1.26294397074167e-18,1.16971852293896e-18,NA
"CAWA","can14","2020","forestry_harvest",2539,7.17118829251647e-21,9.71495362108978e-20,8.99783479183813e-20,NA
"CAWA","can14","2020","forestry_harvest",2541,7.17118829251647e-21,9.71495362108978e-20,8.99783479183813e-20,NA
"CAWA","can14","2020","forestry_harvest",2544,7.17118829251647e-21,9.71495362108978e-20,8.99783479183813e-20,NA
"CAWA","can14","2020","forestry_harvest",2548,0.170851906395618,0.166763998602845,-0.00408790779277313,-2.39266150376298
"CAWA","can14","2020","forestry_harvest",2549,7.60145959006746e-19,8.2283488362324e-18,7.46820287722564e-18,NA
"CAWA","can14","2020","forestry_harvest",2558,0.226813298135067,0.598094172414459,0.371280874279392,163.694491166163
"CAWA","can14","2020","forestry_harvest",2560,0.155442339544964,0.269069878685099,0.113627539140135,73.0994782198746
"CAWA","can14","2020","forestry_harvest",2561,7.17118829251647e-21,9.71495362108978e-20,8.99783479183813e-20,NA
"CAWA","can14","2020","forestry_harvest",2562,7.17118829251647e-21,7.17118829251647e-21,0,NA
"CAWA","can14","2020","forestry_harvest",2565,0.695356025376002,1.08199964416001,0.386643618784003,55.603691443521
"CAWA","can14","2020","forestry_harvest",2571,0.353558495854683,0.408557774117929,0.0549992782632465,15.5559204228123
"CAWA","can14","2020","forestry_harvest",2576,0.0378750511855022,0.0432955814762948,0.00542053029079259,14.3116117896296
"CAWA","can14","2020","forestry_harvest",2579,3.58559414625823e-20,4.85747681054489e-19,4.49891739591907e-19,NA
"CAWA","can14","2020","forestry_harvest",2580,0.176496791973081,0.272011795729122,0.095515003756041,54.1171330584915
"CAWA","can14","2020","forestry_harvest",2588,0.00146582879859773,1.2156722646266e-07,-0.00146570723137127,-99.9917065876602
"CAWA","can14","2020","forestry_harvest",2589,0.482180961088671,0.69468413311626,0.212503172027589,44.0712490073846
"CAWA","can14","2020","forestry_harvest",2591,0.0532468303047915,0.117839145629494,0.0645923153247021,121.307343469964
"CAWA","can14","2020","forestry_harvest",2593,0.337084624744439,0.341690148770781,0.0046055240263423,1.36628125054175
"CAWA","can14","2020","forestry_harvest",2604,7.88830712176812e-20,7.0873150664635e-19,6.29848435428669e-19,NA
"CAWA","can14","2020","forestry_harvest",2609,1.40350298066153,1.27029291567607,-0.13321006498546,-9.49125629378232
"CAWA","can14","2020","forestry_harvest",2610,0.00505003560261147,0.00504939159282081,-6.4400979066237e-07,-0.0127525792160622
"CAWA","can14","2020","forestry_harvest",2611,1.38621348740295,2.4891740979564,1.10296061055345,79.566431907962
"CAWA","can14","2020","forestry_harvest",2615,0.0889920539054651,0.137288747559245,0.0482966936537802,54.2707933284528
"CAWA","can14","2020","forestry_harvest",2619,5.01983180476153e-20,3.20133361802759e-19,2.69935043755144e-19,NA
"CAWA","can14","2020","forestry_harvest",2620,0.108859501234163,0.160817968351198,0.0519584671170352,47.7298412430436
"CAWA","can14","2020","forestry_harvest",2627,0.0442511560324932,0.0362066439384094,-0.00804451209408374,-18.1792134157506
"CAWA","can14","2020","forestry_harvest",2630,0.0411060698422325,0.216771800996333,0.175665731154101,427.347425400473
"CAWA","can14","2020","forestry_harvest",2636,0.11481021632171,0.121169677497018,0.00635946117530783,5.53910738874316
"CAWA","can14","2020","forestry_harvest",2637,0.0361810297644795,0.031781207028757,-0.00439982273572248,-12.1605790779399
"CAWA","can14","2020","forestry_harvest",2641,4.30271297550988e-20,4.02940521428624e-19,3.59913391673525e-19,NA
"CAWA","can14","2020","forestry_harvest",2644,0.0732860521343303,0.265198418303187,0.191912366168857,261.867518551947
"CAWA","can14","2020","forestry_harvest",2647,0.24246499324825,0.300999931603607,0.0585349383553567,24.1416039367898
"CAWA","can14","2020","forestry_harvest",2648,0.148965038082147,0.174808941899435,0.0258439038172881,17.3489727187103
"CAWA","can14","2020","forestry_harvest",2649,0.077546620534632,0.0651666289418718,-0.0123799915927603,-15.9645791233822
"CAWA","can14","2020","forestry_harvest",2650,0.369672682093698,0.379572258103355,0.00989957600965707,2.67793009577806
"CAWA","can14","2020","forestry_harvest",2651,0.140146484018761,0.372671689283037,0.232525205264276,165.915832203931
"CAWA","can14","2020","forestry_harvest",2653,0.00427493186814082,0.00427396096400956,-9.70904131258887e-07,-0.0227115697093235
"CAWA","can14","2020","forestry_harvest",2655,0.0318223091026417,0.0268140326222264,-0.00500827648041535,-15.7382560274345
"CAWA","can14","2020","forestry_harvest",2656,0.084983534769775,0.117240325566632,0.0322567907968566,37.9565181470058
"CAWA","can14","2020","forestry_harvest",2657,0.0307152436996339,0.0239882685351109,-0.00672697516452292,-21.9010965053913
"CAWA","can14","2020","forestry_harvest",2658,0.033958462104243,0.0315356367357822,-0.00242282536846083,-7.13467341666839
"CAWA","can14","2020","forestry_harvest",2660,0.0294039540841378,0.030184207102965,0.000780253018827226,2.65356494774334
"CAWA","can14","2020","forestry_harvest",2661,0.0293081656604368,0.0249138395925155,-0.00439432606792134,-14.9935213238311
"CAWA","can14","2020","forestry_harvest",2663,0.994699506056005,1.04439077530607,0.0496912692500656,4.99560610491223
"CAWA","can14","2020","forestry_harvest",2664,0.0429839347543428,0.0568870230062017,0.0139030882518589,32.3448477467602
"CAWA","can14","2020","forestry_harvest",2665,0.577705258353371,0.536434154948817,-0.0412711034045536,-7.14397226055867
"CAWA","can14","2020","forestry_harvest",2666,0.0481575713423088,0.0519945695678774,0.0038369982255686,7.96759080372811
"CAWA","can14","2020","forestry_harvest",2667,0.0849032649796848,0.126021668680295,0.04111840370061,48.4297084575589
"CAWA","can14","2020","forestry_harvest",2670,0.0938550318035477,0.163916182651922,0.0700611508483741,74.6482628603464
"CAWA","can14","2020","forestry_harvest",2671,0.0390829509197248,0.0601467742550681,0.0210638233353433,53.8951712694565
"CAWA","can14","2020","forestry_harvest",2672,0.0862666138293842,0.230690999940859,0.144424386111475,167.416315188995
"CAWA","can14","2020","forestry_harvest",2673,0.111541149257242,0.22921907825402,0.117677928996778,105.501807880231
"CAWA","can14","2020","forestry_harvest",2675,0.0281638175387886,0.0722898130857184,0.0441259955469298,156.676187403065
"CAWA","can14","2020","forestry_harvest",2677,1.40838197322421,1.48070217351376,0.0723202002895502,5.13498480273696
"CAWA","can14","2020","forestry_harvest",2680,12.3805874721323,14.7351865439949,2.3545990718626,19.0184761196721
"CAWA","can14","2020","forestry_harvest",2681,2.10950259664361,3.37574990949758,1.26624731285397,60.0258712584034
"CAWA","can14","2020","forestry_harvest",2684,0.0671331396131929,0.0763395643243051,0.00920642471111224,13.7136811478768
"CAWA","can14","2020","forestry_harvest",2685,0.336136227544644,0.333927055101789,-0.00220917244285523,-0.657225333607286
"CAWA","can14","2020","forestry_harvest",2686,0.0946363847147289,0.106435329533324,0.0117989448185947,12.4676622571343
"CAWA","can14","2020","forestry_harvest",2688,0.0239432651495659,0.0239269632733898,-1.63018761760725e-05,-0.0680854347735778
"CAWA","can14","2020","forestry_harvest",2689,0.0279663770823599,0.0257865767013672,-0.00217980038099275,-7.79436097344077
"CAWA","can14","2020","forestry_harvest",2691,0.0170488306756584,0.0197504922600336,0.00270166158437513,15.8466092823154
"CAWA","can14","2020","forestry_harvest",2693,0.0212418755114798,0.0194083912790004,-0.00183348423247942,-8.63146115082232
"CAWA","can14","2020","forestry_harvest",2697,0.0996633100050477,0.116057001581297,0.0163936915762493,16.4490739625434
"CAWA","can14","2020","forestry_harvest",2701,0.336938970614708,0.446026805927262,0.109087835312554,32.3761407335981
"CAWA","can14","2020","forestry_harvest",2703,0.0286872582658224,0.0313744955210034,0.00268723725518094,9.36735476872838
"CAWA","can14","2020","forestry_harvest",2706,0.3195019044808,0.430712516786109,0.111210612305309,34.8074959008555
"CAWA","can14","2020","forestry_harvest",2711,0.282281777724776,0.384071372899557,0.101789595174781,36.0595699783445
"CAWA","can14","2020","forestry_harvest",2712,0.743607635017027,0.956096540913597,0.21248890589657,28.5754066916895
"CAWA","can14","2020","forestry_harvest",2713,0.545145911330743,0.932555432649454,0.387409521318711,71.0652897263808
"CAWA","can14","2020","forestry_harvest",2714,0.116451912849846,0.229819069461588,0.113367156611742,97.3510471725082
"CAWA","can14","2020","forestry_harvest",2715,4.08116882180699,4.45048589941498,0.369317077607987,9.04929675132789
"CAWA","can14","2020","forestry_harvest",2718,0.0126148404964218,0.0198474168976819,0.00723257640126007,57.3338711917252
"CAWA","can14","2020","forestry_harvest",2722,0.0246654390092242,0.0290187570668745,0.00435331805765027,17.6494651322534
"CAWA","can14","2020","forestry_harvest",2723,0.0463915982417458,0.154352211646017,0.107960613404271,232.71587420138
"CAWA","can14","2020","forestry_harvest",2724,1.25407056675521,1.89436135064474,0.640290783889529,51.0569979762956
"CAWA","can14","2020","forestry_harvest",2725,0.931815119967436,1.2315606947797,0.299745574812264,32.167923484944
"CAWA","can14","2020","forestry_harvest",2727,0.0427794213660918,0.0585477612748111,0.0157683399087194,36.8596381278262
"CAWA","can14","2020","forestry_harvest",2728,0.25946754462598,0.281549981902497,0.0220824372765169,8.51067416094314
"CAWA","can14","2020","forestry_harvest",2729,0.0131306075883578,1.08654257280322e-06,-0.013129521045785,-99.9917251157992
"CAWA","can14","2020","forestry_harvest",2730,0.184893491056489,0.254922305476009,0.0700288144195194,37.8752188729694
"CAWA","can14","2020","forestry_harvest",2731,0.0695027748020887,0.0892615818696918,0.0197588070676031,28.4288032008318
"CAWA","can14","2020","forestry_harvest",2732,0.0111153599298852,0.0111153599298852,0,0
"CAWA","can14","2020","forestry_harvest",2734,0.261083542607766,0.566548878843609,0.305465336235843,116.999077454205
"CAWA","can14","2020","forestry_harvest",2735,0.460798360823195,0.561873350533926,0.101074989710732,21.934754613746
"CAWA","can14","2020","forestry_harvest",2736,0.165523624395987,0.19936613835182,0.0338425139558329,20.4457303779614
"CAWA","can14","2020","forestry_harvest",2737,1.75447891666228,2.28502504803825,0.53054613137597,30.2395273227496
"CAWA","can14","2020","forestry_harvest",2738,1.20855968668238,1.26890329163444,0.0603436049520589,4.99301818660759
"CAWA","can14","2020","forestry_harvest",2739,0.236743424003424,0.299100148086005,0.0623567240825804,26.3393690215777
"CAWA","can14","2020","forestry_harvest",2740,1.04144912925183,1.7509982914249,0.709549162173072,68.1309477576508
"CAWA","can14","2020","forestry_harvest",2741,0.435585793582663,0.706075315135752,0.270489521553089,62.0978749853918
"CAWA","can14","2020","forestry_harvest",2742,0.470189966776299,0.402374154433254,-0.0678158123430448,-14.4230666613329
"CAWA","can14","2020","forestry_harvest",2743,0.0404573153104666,0.111729318652342,0.0712720033418755,176.165923999008
"CAWA","can14","2020","forestry_harvest",2744,0.214017408702936,0.260285407894336,0.0462679991914006,21.618801700203
"CAWA","can14","2020","forestry_harvest",2745,0.833861279781085,1.00556864839365,0.171707368612564,20.5918385678782
"CAWA","can14","2020","forestry_harvest",2746,0.158552005504541,0.197062347378829,0.0385103418742882,24.288776260976
"CAWA","can14","2020","forestry_harvest",2747,0.0721373485408089,0.167963301295307,0.0958259527544982,132.838196430644
"CAWA","can14","2020","forestry_harvest",2748,0.207671128442217,0.344616380829963,0.136945252387745,65.9433275174065
"CAWA","can14","2020","forestry_harvest",2749,0.0109170826078935,0.0344341408672793,0.0235170582593858,215.415226796782
"CAWA","can14","2020","forestry_harvest",2750,0.168357766326124,0.283202708233032,0.114844941906909,68.2148168231479
"CAWA","can14","2020","forestry_harvest",2751,0.242481873941614,0.393683769902693,0.151201895961079,62.355958201431
"CAWA","can14","2020","forestry_harvest",2752,0.181862174146855,0.438136639068284,0.256274464921429,140.916859772327
"CAWA","can14","2020","mines",1,1.72108539537324e-18,2.16063026558372e-17,1.98852172604641e-17,NA
"CAWA","can14","2020","mines",2,0.0833913676231607,0.140696225829731,0.0573048582065704,68.7179738621468
"CAWA","can14","2020","mines",3,2.67309940580754e-20,3.02147368933246e-18,2.99474269527438e-18,NA
"CAWA","can14","2020","mines",4,0.000779549229747427,0.00163870980428936,0.000859160574541934,110.212484568845
"CAWA","can14","2020","mines",5,4.31918043080784e-19,5.26240654881976e-19,9.43226118011918e-20,NA
"CAWA","can14","2020","mines",6,0.0632897394739569,0.0632889571627144,-7.82311242453204e-07,-0.00123607910058647
"CAWA","can14","2020","mines",7,15.3105604026961,15.2654684613811,-0.0450919413150281,-0.294515289636869
"CAWA","can14","2020","mines",8,12.4174312644563,12.0320029671187,-0.385428297337529,-3.10392938063432
"CAWA","can14","2020","mines",11,0.0625077392933548,0.0637071584011801,0.00119941910782528,1.9188329659409
"CAWA","can14","2020","mines",12,1.05416467899992e-18,1.22114798208792e-17,1.11573151418793e-17,NA
"CAWA","can14","2020","mines",13,8.92670095122629,12.3277760242784,3.40107507305208,38.1000225238291
"CAWA","can14","2020","mines",14,6.60709314304205,8.05742077449619,1.45032763145415,21.9510698586336
"CAWA","can14","2020","mines",15,0.156547088806108,0.165658575287481,0.00911148648137304,5.82028484263805
"CAWA","can14","2020","mines",17,1.33476235025748,1.0476588795901,-0.287103470667387,-21.5097069985532
"CAWA","can14","2020","mines",18,2.85818129719601,4.68632284238586,1.82814154518985,63.9617069422201
"CAWA","can14","2020","mines",19,4.35595298809658,8.80058346931772,4.44463048122114,102.035777093253
"CAWA","can14","2020","mines",22,5.82894248543255,9.12379333938973,3.29485085395719,56.5257053434914
"CAWA","can14","2020","mines",23,4.09773405806301,6.53355611302857,2.43582205496556,59.4431463938625
"CAWA","can14","2020","mines",25,5.95698944840363,16.1125479417073,10.1555584933036,170.481391334765
"CAWA","can14","2020","mines",26,7.65292781509251,12.6050691347055,4.95214131961302,64.7091079292136
"CAWA","can14","2020","mines",27,7.18292978740457,13.1659626557751,5.98303286837054,83.2951601289758
"CAWA","can14","2020","mines",28,8.79458518649915,19.0657889598611,10.271203773362,116.790087941039
"CAWA","can14","2020","mines",29,9.99312530813709,13.1767658878828,3.18364057974574,31.8583074021238
"CAWA","can14","2020","mines",30,3.01992096367209,0.511639550328954,-2.50828141334314,-83.0578496429648
"CAWA","can14","2020","mines",31,0.130270485571253,8.68338399133924e-06,-0.130261802187261,-99.9933343428073
"CAWA","can14","2020","mines",32,0.266470922196947,0.0210635750335664,-0.24540734716338,-92.0953570243591
"CAWA","can14","2020","mines",33,9.01306584717753,18.8607483278259,9.84768248064842,109.260074736193
"CAWA","can14","2020","mines",34,10.8361528823841,1.70031540830729,-9.13583747407684,-84.3088647164492
"CAWA","can14","2020","mines",35,4.30271297550988e-20,5.82897217265387e-19,5.39870087510288e-19,NA
"CAWA","can14","2020","mines",36,2.16516860985088,2.56760364487716,0.402435035026281,18.5867757917476
"CAWA","can14","2020","mines",37,2.78383095471188,5.57034682483637,2.78651587012449,100.096446783454
"CAWA","can14","2020","mines",38,2.78225163976676,0.255817546744101,-2.52643409302266,-90.8053770878343
"CAWA","can14","2020","mines",39,2.83426116958834,0.284848026627369,-2.54941314296097,-89.9498313816739
"CAWA","can14","2020","mines",40,11.8848719851732,17.7542900271687,5.86941804199555,49.385622742238
"CAWA","can14","2020","mines",41,1.20980386781116,0.162826287642803,-1.04697758016836,-86.5411004233772
"CAWA","can14","2020","mines",42,1.1042240843723,0.13010708438509,-0.97411699998721,-88.2173295958266
"CAWA","can14","2020","mines",43,2.3069756915499,0.160534660325283,-2.14644103122462,-93.0413371535168
"CAWA","can14","2020","nav_water",1,1.00396636095231e-19,8.20223419442281e-19,7.1982678334705e-19,NA
"CAWA","can14","2020","nav_water",2,7.17118829251647e-21,9.71495362108978e-20,8.99783479183813e-20,NA
"CAWA","can14","2020","nav_water",3,1.36969696387065e-18,1.65760377620771e-17,1.52063407982065e-17,NA
"CAWA","can14","2020","nav_water",4,3.03728237773718,1.46362854385844,-1.57365383387874,-51.8112456521456
"CAWA","can14","2020","nav_water",8,7.17118914738853e-21,9.71495477920222e-20,8.99783586446337e-20,NA
"CAWA","can14","2020","nav_water",9,1.21910215505604e-18,1.23764186269906e-17,1.11573164719346e-17,NA
"CAWA","can14","2020","nav_water",11,7.17118914738853e-21,9.71495477920222e-20,8.99783586446337e-20,NA
"CAWA","can14","2020","nav_water",12,2.86847565895541e-20,2.98619832523455e-19,2.69935075933901e-19,NA
"CAWA","can14","2020","nav_water",13,0.336591581116543,0.0444350852512107,-0.292156495865332,-86.798515546999
"CAWA","can14","2020","nav_water",15,0.0494781667362985,0.0197127568793518,-0.0297654098569467,-60.1586756752448
"CAWA","can14","2020","nav_water",16,8.60542697686623e-20,9.85837856214999e-19,8.99783586446337e-19,NA
"CAWA","can14","2020","nav_water",17,2.86847565895541e-20,3.88598191168089e-19,3.59913434578535e-19,NA
"CAWA","can14","2020","nav_water",18,1.29081389265296e-19,1.5687349559594e-18,1.4396535666941e-18,NA
"CAWA","can14","2020","nav_water",20,1.21910215505605e-19,1.38160723653048e-18,1.25969702102487e-18,NA
"CAWA","can14","2020","nav_water",22,1.43423782947771e-20,1.94299095584044e-19,1.79956717289267e-19,NA
"CAWA","can14","2020","nav_water",24,1.62785974240124e-18,2.18729880240372e-17,2.02451282816359e-17,NA
"CAWA","can14","2020","nav_water",25,7.17118914738853e-21,9.71495477920222e-20,8.99783586446337e-20,NA
"CAWA","can14","2020","nav_water",26,6.45406946326482e-20,4.24454086306173e-19,3.59913391673525e-19,NA
"CAWA","can14","2020","nav_water",27,0.522205406453802,0.0907336473082436,-0.431471759145559,-82.6249123071324
"CAWA","can14","2020","nav_water",30,9.82452796074756e-19,1.1419941154607e-17,1.04374883585322e-17,NA
"CAWA","can14","2020","nav_water",32,1.02739098995738,0.0956708059529888,-0.931720184004387,-90.6879847216727
"CAWA","can14","2020","nav_water",35,5.01983180476153e-20,2.30155013884378e-19,1.79956695836763e-19,NA
"CAWA","can14","2020","nav_water",37,1.43423765850329e-20,1.94299072421796e-19,1.79956695836763e-19,NA
"CAWA","can14","2020","nav_water",38,2.36649241863821e-19,2.5760865666243e-18,2.33943732476048e-18,NA
"CAWA","can14","2020","nav_water",39,0.187099783538181,0.0335116682415793,-0.153588115296601,-82.0888792023959
"CAWA","can14","2020","nav_water",40,2.07113800879262,0.346124628390816,-1.7250133804018,-83.288190988654
"CAWA","can14","2020","nav_water",42,2.15135648775494e-20,2.01470260714312e-19,1.79956695836763e-19,NA
"CAWA","can14","2020","nav_water",44,2.15135648775494e-20,2.91448608632693e-19,2.69935043755144e-19,NA
"CAWA","can14","2020","nav_water",47,2.15135648775494e-20,2.91448608632693e-19,2.69935043755144e-19,NA
"CAWA","can14","2020","nav_water",48,5.01983180476153e-20,4.10111709721141e-19,3.59913391673525e-19,NA
"CAWA","can14","2020","nav_water",49,4.66127294580254e-19,5.68487209596901e-18,5.21874480138876e-18,NA
"CAWA","can14","2020","nav_water",50,2.86847531700659e-20,2.9861979692521e-19,2.69935043755144e-19,NA
"CAWA","can14","2020","nav_water",52,7.17118829251647e-21,9.71495362108978e-20,8.99783479183813e-20,NA
"CAWA","can14","2020","nav_water",53,8.60542697686623e-20,1.16579457350427e-18,1.0797403037356e-18,NA
"CAWA","can14","2020","nav_water",55,8.60542697686623e-20,1.16579457350427e-18,1.0797403037356e-18,NA
"CAWA","can14","2020","nav_water",57,7.17118914738853e-21,9.71495477920222e-20,8.99783586446337e-20,NA
"CAWA","can14","2020","nav_water",58,4.30271348843312e-20,5.82897286752133e-19,5.39870151867802e-19,NA
"CAWA","can14","2020","nav_water",59,4.66127239013571e-19,6.04478480995321e-18,5.57865757093963e-18,NA
"CAWA","can14","2020","nav_water",60,3.58559414625823e-20,4.85747681054489e-19,4.49891739591907e-19,NA
"CAWA","can14","2020","nav_water",61,2.86847531700659e-20,2.9861979692521e-19,2.69935043755144e-19,NA
"CAWA","can14","2020","nav_water",62,1.43423765850329e-20,1.04320724503414e-19,8.99783479183813e-20,NA
"CAWA","can14","2020","nav_water",63,1.57766161242548e-19,2.13729005142449e-18,1.97952389018194e-18,NA
"CAWA","can14","2020","nav_water",64,2.36649213653043e-19,2.75604295536772e-18,2.51939374171468e-18,NA
"CAWA","can14","2020","nav_water",65,4.30271297550988e-20,4.02940521428624e-19,3.59913391673525e-19,NA
"CAWA","can14","2020","nav_water",66,5.01983240317197e-20,6.80046834544155e-19,6.29848510512436e-19,NA
"CAWA","can14","2020","nav_water",67,2.86847531700659e-19,3.88598144843591e-18,3.59913391673525e-18,NA
"CAWA","can14","2020","nav_water",68,6.45406946326482e-20,5.14432434224555e-19,4.49891739591907e-19,NA
"CAWA","can14","2020","nav_water",69,1.10436299704754e-18,1.46011151848047e-17,1.34967521877572e-17,NA
"CAWA","can14","2020","nav_water",70,5.01983240317197e-20,4.10111758610254e-19,3.59913434578535e-19,NA
"CAWA","can14","2020","nav_water",71,1.14739026358216e-19,1.55439276467236e-18,1.43965373831414e-18,NA
"CAWA","can14","2020","nav_water",73,4.30271348843312e-20,5.82897286752133e-19,5.39870151867802e-19,NA
"CAWA","can14","2020","nav_water",74,7.17118914738853e-21,9.71495477920222e-20,8.99783586446337e-20,NA
"CAWA","can14","2020","nav_water",75,4.30271348843312e-20,5.82897286752133e-19,5.39870151867802e-19,NA
"CAWA","can14","2020","nav_water",76,7.17118914738853e-21,9.71495477920222e-20,8.99783586446337e-20,NA
"CAWA","can14","2020","nav_water",78,1.43423782947771e-20,1.94299095584044e-19,1.79956717289267e-19,NA
"CAWA","can14","2020","nav_water",79,7.17118914738853e-21,9.71495477920222e-20,8.99783586446337e-20,NA
"CAWA","can14","2020","nav_water",80,6.45407023264967e-20,8.743459301282e-19,8.09805227801703e-19,NA
"CAWA","can14","2020","nav_water",81,9.96795172659789e-19,1.28739370978861e-17,1.18771419252264e-17,NA
"CAWA","can14","2020","nav_water",84,2.07964460482978e-19,2.81733655011604e-18,2.60937208963306e-18,NA
"CAWA","can14","2020","nav_water",85,8.60542697686623e-20,1.16579457350427e-18,1.0797403037356e-18,NA
"CAWA","can14","2020","nav_water",86,7.17118914738853e-21,9.71495477920222e-20,8.99783586446337e-20,NA
"CAWA","can14","2020","nav_water",87,1.29081404652993e-19,1.7486918602564e-18,1.61961045560341e-18,NA
"CAWA","can14","2020","nav_water",88,2.15135674421656e-20,2.91448643376067e-19,2.69935075933901e-19,NA
"CAWA","can14","2020","nav_water",89,7.17118914738853e-21,9.71495477920222e-20,8.99783586446337e-20,NA
"CAWA","can14","2020","nav_water",90,5.30667996906751e-19,5.56945608100624e-18,5.03878808409949e-18,NA
"CAWA","can14","2020","nav_water",91,1.43423782947771e-19,1.94299095584044e-18,1.79956717289267e-18,NA
"CAWA","can14","2020","nav_water",93,7.17118829251647e-21,9.71495362108978e-20,8.99783479183813e-20,NA
"CAWA","can14","2020","nav_water",95,5.55049973840785e-18,6.86253216291939e-17,6.30748218907856e-17,NA
"CAWA","can14","2020","nav_water",96,4.30271348843312e-20,5.82897286752133e-19,5.39870151867802e-19,NA
"CAWA","can14","2020","nav_water",97,7.17118829251647e-21,9.71495362108978e-20,8.99783479183813e-20,NA
"CAWA","can14","2020","nav_water",99,1.43423765850329e-20,1.94299072421796e-19,1.79956695836763e-19,NA
"CAWA","can14","2020","nav_water",100,2.86847531700659e-20,1.18663101088447e-19,8.99783479183813e-20,NA
"CAWA","can14","2020","nav_water",101,1.10436312869783e-18,1.25316146765663e-17,1.14272515478685e-17,NA
"CAWA","can14","2020","nav_water",102,7.17118914738853e-21,9.71495477920222e-20,8.99783586446337e-20,NA
"CAWA","can14","2020","nav_water",103,2.00793296126879e-19,1.91038211037492e-18,1.70958881424804e-18,NA
"CAWA","can14","2020","nav_water",104,1.43423765850329e-20,1.04320724503414e-19,8.99783479183813e-20,NA
"CAWA","can14","2020","nav_water",105,7.88830712176812e-20,1.06864489831988e-18,9.89761827102194e-19,NA
"CAWA","can14","2020","nav_water",106,7.17118829251647e-20,7.91538666272215e-19,7.1982678334705e-19,NA
"CAWA","can14","2020","nav_water",107,1.18296457432046,1.56681454335951,0.383849969039052,32.4481372791362
"CAWA","can14","2020","nav_water",108,4.02488017713287,4.94417695963129,0.919296782498418,22.8403515642863
"CAWA","can14","2020","nav_water",109,1.00396636095231e-19,1.09015846319742e-18,9.89761827102194e-19,NA
"CAWA","can14","2020","nav_water",110,7.17118829251647e-20,7.01560318353834e-19,6.29848435428669e-19,NA
"CAWA","can14","2020","nav_water",111,5.73695063401318e-20,6.87217941768801e-19,6.29848435428669e-19,NA
"CAWA","can14","2020","nav_water",112,7.17118829251647e-21,9.71495362108978e-20,8.99783479183813e-20,NA
"CAWA","can14","2020","nav_water",114,5.01983180476153e-20,4.10111709721141e-19,3.59913391673525e-19,NA
"CAWA","can14","2020","nav_water",115,7.17118829251647e-20,7.91538666272215e-19,7.1982678334705e-19,NA
"CAWA","can14","2020","nav_water",116,3.22703473163241e-19,3.47194565030659e-18,3.14924217714334e-18,NA
"CAWA","can14","2020","nav_water",118,1.43423765850329e-20,1.94299072421796e-19,1.79956695836763e-19,NA
"CAWA","can14","2020","nav_water",119,2.15135648775494e-20,2.01470260714312e-19,1.79956695836763e-19,NA
"CAWA","can14","2020","nav_water",120,1.18324606826522e-18,1.41401281685121e-17,1.29568821002469e-17,NA
"CAWA","can14","2020","nav_water",121,2.15135648775494e-20,1.11491912795931e-19,8.99783479183813e-20,NA
"CAWA","can14","2020","nav_water",122,5.01983180476153e-20,5.01983180476153e-20,0,NA
"CAWA","can14","2020","nav_water",124,0.665757282777415,0.891181579058621,0.225424296281206,33.8598318205065
"CAWA","can14","2020","nav_water",125,0.146604987428333,0.217293673430794,0.070688686002461,48.2171086007677
"CAWA","can14","2020","nav_water",127,3.58559414625823e-20,3.95769333136108e-19,3.59913391673525e-19,NA
"CAWA","can14","2020","nav_water",128,1.2191020097278e-19,1.56156376766688e-18,1.4396535666941e-18,NA
"CAWA","can14","2020","nav_water",129,7.17118829251647e-21,7.17118829251647e-21,0,NA
"CAWA","can14","2020","nav_water",130,7.17118829251647e-21,9.71495362108978e-20,8.99783479183813e-20,NA
"CAWA","can14","2020","nav_water",131,2.86847531700659e-20,1.18663101088447e-19,8.99783479183813e-20,NA
"CAWA","can14","2020","nav_water",132,5.98097781152234,0.713858466513839,-5.26711934500851,-88.064519063445
"CAWA","can14","2020","nav_water",133,3.76895185596721,1.25537514058528,-2.51357671538193,-66.6916641931177
"CAWA","can14","2020","nav_water",134,6.54271138199863,9.6775885645096,3.13487718251097,47.9140374606184
"CAWA","can14","2020","nav_water",135,4.30271297550988e-20,5.82897217265387e-19,5.39870087510288e-19,NA
"CAWA","can14","2020","nav_water",136,1.43423765850329e-20,1.94299072421796e-19,1.79956695836763e-19,NA
"CAWA","can14","2020","nav_water",137,0.164535272979196,3.59238353937335e-06,-0.164531680595657,-99.9978166483853
"CAWA","can14","2020","nav_water",138,2.15135648775494e-20,1.11491912795931e-19,8.99783479183813e-20,NA
"CAWA","can14","2020","nav_water",139,0.0704782605566368,0.050558033623259,-0.0199202269333777,-28.2643566626758
"CAWA","can14","2020","nav_water",140,2.15135648775494e-20,2.15135648775494e-20,0,NA
"CAWA","can14","2020","nav_water",144,9.32254478027141e-20,9.93008926986527e-19,8.99783479183813e-19,NA
"CAWA","can14","2020","nav_water",145,0.0777715006000357,0.0351642922140739,-0.0426072083859618,-54.7851180152518
"CAWA","can14","2020","nav_water",147,0.0169081728239462,5.13758616015099e-07,-0.0169076590653302,-99.9969614776158
"CAWA","can14","2020","nav_water",148,0.835151126646274,0.414179071662177,-0.420972054984097,-50.4066918612203
"CAWA","can14","2020","nav_water",151,0.0332578306747623,7.5632517896252e-07,-0.0332570743495833,-99.997725873385
"CAWA","can14","2020","nav_water",153,0.026789683184805,0.0149065495693246,-0.0118831336154804,-44.3571263366806
"CAWA","can14","2020","nav_water",154,0.119282436125256,0.0409557576068867,-0.0783266785183697,-65.6648883630447
"CAWA","can14","2020","nav_water",155,0.018387793290684,0.0183749037831782,-1.28895075057756e-05,-0.0700981749251332
"CAWA","can14","2020","nav_water",156,5.01983180476153e-20,6.80046753476284e-19,6.29848435428669e-19,NA
"CAWA","can14","2020","nav_water",157,5.30667933646219e-19,6.379260548341e-18,5.84859261469478e-18,NA
"CAWA","can14","2020","nav_water",159,0.074883847655971,9.22657072246305e-07,-0.0748829249988988,-99.9987678823924
"CAWA","can14","2020","nav_water",161,0.0819799475091854,0.147529039207036,0.065549091697851,79.9574697099026
"CAWA","can14","2020","nav_water",164,2.15135648775494e-20,1.11491912795931e-19,8.99783479183813e-20,NA
"CAWA","can14","2020","nav_water",165,2.67309940580754e-20,3.02147368933246e-18,2.99474269527438e-18,NA
"CAWA","can14","2020","nav_water",170,0.000779549229747427,0.00163870188804465,0.000859152658297218,110.211469078814
"CAWA","can14","2020","nav_water",171,2.15135648775494e-20,2.91448608632693e-19,2.69935043755144e-19,NA
"CAWA","can14","2020","nav_water",172,0.00186539356718853,1.40377516298636e-07,-0.00186525318967223,-99.9924746434872
"CAWA","can14","2020","nav_water",173,7.17118829251647e-21,9.71495362108978e-20,8.99783479183813e-20,NA
"CAWA","can14","2020","nav_water",174,6.97756620861866e-18,8.14796382850394e-17,7.45020720764201e-17,NA
"CAWA","can14","2020","nav_water",176,17.3674327220789,4.11411755317661,-13.2533151689024,-76.3113085335498
"CAWA","can14","2020","nav_water",177,4.31918043080784e-19,5.26240654881976e-19,9.43226118011918e-20,NA
"CAWA","can14","2020","nav_water",178,1.43423765850329e-20,1.43423765850329e-20,0,NA
"CAWA","can14","2020","nav_water",181,2.3554855245718e-20,1.28734836855024e-18,1.26379351330452e-18,NA
"CAWA","can14","2020","nav_water",182,1.43423765850329e-20,1.94299072421796e-19,1.79956695836763e-19,NA
"CAWA","can14","2020","nav_water",183,7.17118829251647e-21,7.17118829251647e-21,0,NA
"CAWA","can14","2020","nav_water",186,7.95036227924204e-19,1.52753416826564e-18,7.32497940341432e-19,NA
"CAWA","can14","2020","nav_water",187,1.47157404957966e-05,0.00810562736593168,0.00809091162543588,54981.3421060731
"CAWA","can14","2020","nav_water",188,0.0118408031048526,0.0208057836763729,0.00896498057152034,75.7126057424798
"CAWA","can14","2020","nav_water",189,1.10901275297351e-20,6.56910991664986e-19,6.45820864135251e-19,NA
"CAWA","can14","2020","nav_water",190,0.0572457978455128,0.0924352063984671,0.0351894085529543,61.470727769257
"CAWA","can14","2020","nav_water",192,5.01983180476153e-20,5.01983180476153e-20,0,NA
"CAWA","can14","2020","nav_water",193,0.213464871399786,0.25785117038974,0.0443862989899541,20.7932568477863
"CAWA","can14","2020","nav_water",194,0.827504601587801,0.799827151662301,-0.0276774499254996,-3.3446883403902
"CAWA","can14","2020","nav_water",196,0.411636314418435,0.490234807366597,0.0785984929481619,19.0941591388036
"CAWA","can14","2020","nav_water",199,0.389945329530463,0.465201380230125,0.0752560506996623,19.2991286215119
"CAWA","can14","2020","nav_water",200,0.0112685485064248,0.0137333052918197,0.00246475678539487,21.8728861484651
"CAWA","can14","2020","nav_water",201,4.02547686003649,10.6341772402149,6.60870038017837,164.1718636067
"CAWA","can14","2020","nav_water",202,6.40105328511315e-06,0.00155172203281992,0.00154532097953481,24141.6671710692
"CAWA","can14","2020","nav_water",203,7.17118829251647e-21,7.17118829251647e-21,0,NA
"CAWA","can14","2020","nav_water",204,4.16011347244657e-06,0.00172331397119195,0.0017191538577195,41324.6866727524
"CAWA","can14","2020","nav_water",205,1.57162716426385,1.73559752067729,0.163970356413439,10.4331587123109
"CAWA","can14","2020","nav_water",206,3.58559414625823e-20,3.05790985217726e-19,2.69935043755144e-19,NA
"CAWA","can14","2020","nav_water",207,0.483877382179581,0.523540630042115,0.0396632478625343,8.19696256185295
"CAWA","can14","2020","nav_water",208,0.327347198966991,0.275856243903991,-0.0514909550630001,-15.7297680339071
"CAWA","can14","2020","nav_water",210,9.64232587206525e-21,6.55894748220239e-19,6.46252422348174e-19,NA
"CAWA","can14","2020","nav_water",213,7.17118829251647e-21,9.71495362108978e-20,8.99783479183813e-20,NA
"CAWA","can14","2020","nav_water",214,2.15135648775494e-20,1.11491912795931e-19,8.99783479183813e-20,NA
"CAWA","can14","2020","nav_water",215,1.07567824387747e-19,1.36726469524509e-18,1.25969687085734e-18,NA
"CAWA","can14","2020","nav_water",216,0.024107523453004,0.0373634689930519,0.0132559455400479,54.9867578305561
"CAWA","can14","2020","nav_water",221,0.929785189712022,1.05873980809251,0.128954618380491,13.8692915102715
"CAWA","can14","2020","nav_water",222,2.38083451311548e-18,2.72148585385889e-17,2.48340240254733e-17,NA
"CAWA","can14","2020","nav_water",223,7.01049579233052,10.8412618819094,3.83076608957888,54.6432977503494
"CAWA","can14","2020","nav_water",224,0.0296918903725984,0.0196689365994206,-0.0100229537731778,-33.7565363720581
"CAWA","can14","2020","nav_water",225,7.17118829251647e-21,7.17118829251647e-21,0,NA
"CAWA","can14","2020","nav_water",226,0.686627844429457,0.626502039448076,-0.0601258049813806,-8.75668026998544
"CAWA","can14","2020","nav_water",227,0.119063947579282,0.158308290797623,0.039244343218341,32.9607274210433
"CAWA","can14","2020","nav_water",228,2.14146526420709,2.33385655813922,0.192391293932129,8.98409594345505
"CAWA","can14","2020","nav_water",229,0.422530747689772,0.842240150943494,0.419709403253722,99.3322747630852
"CAWA","can14","2020","nav_water",232,0.038286032168503,0.0432349868545669,0.00494895468606384,12.9262668544045
"CAWA","can14","2020","nav_water",234,0.00194806576292681,2.37932105843518e-07,-0.00194782783082097,-99.9877862385156
"CAWA","can14","2020","nav_water",235,0.120337391001677,0.186941272379293,0.0666038813776162,55.3476195746077
"CAWA","can14","2020","nav_water",236,1.93620995095303,3.91477896508264,1.97856901412961,102.18773088919
"CAWA","can14","2020","nav_water",237,0.280163074018277,0.526373593197099,0.246210519178822,87.8811456654563
"CAWA","can14","2020","nav_water",239,0.527424877887667,0.816086225446312,0.288661347558645,54.7303245752707
"CAWA","can14","2020","nav_water",240,2.01203012497004,2.79159862815692,0.779568503186883,38.7453693417484
"CAWA","can14","2020","nav_water",241,0.149890085968908,0.161867657083853,0.0119775711149449,7.9909028255741
"CAWA","can14","2020","nav_water",242,18.2644360270732,21.0068539396199,2.74241791254664,15.0150703174277
"CAWA","can14","2020","nav_water",243,0.0403126443922841,0.0618067531124922,0.0214941087202081,53.3185283283527
"CAWA","can14","2020","nav_water",247,0.310909926322632,0.512475552570918,0.201565626248286,64.8308751773722
"CAWA","can14","2020","nav_water",249,1.19775717984615e-19,1.03262854144777e-19,-1.6512863839838e-20,NA
"CAWA","can14","2020","nav_water",250,0.0939423719606844,0.22089196038198,0.126949588421295,135.135600444946
"CAWA","can14","2020","nav_water",252,0.0103857908287479,0.0103905564080665,4.76557931861077e-06,0.045885569979126
"CAWA","can14","2020","nav_water",253,9.84907586270329e-21,9.84907586270329e-21,0,NA
"CAWA","can14","2020","nav_water",254,0.411034930811596,0.469466750591684,0.0584318197800878,14.2157795846482
"CAWA","can14","2020","nav_water",255,0.552764511366852,0.884989724341717,0.332225212974866,60.1024859850994
"CAWA","can14","2020","nav_water",256,1.47022045677477,1.47388441760027,0.00366396082549955,0.249211661327118
"CAWA","can14","2020","nav_water",261,7.17118829251647e-21,9.71495362108978e-20,8.99783479183813e-20,NA
"CAWA","can14","2020","nav_water",262,0.906104518048475,0.97973869482011,0.073634176771635,8.12645509485206
"CAWA","can14","2020","nav_water",263,0.0563960782308935,0.0613766768192376,0.00498059858834413,8.83146265588337
"CAWA","can14","2020","nav_water",264,0.121612180035152,0.0914975993971959,-0.0301145806379561,-24.7627997699338
"CAWA","can14","2020","nav_water",266,2.19438361751005e-18,2.39691438137585e-17,2.17747601962484e-17,NA
"CAWA","can14","2020","nav_water",269,16.1476701717475,18.9378216755667,2.79015150381926,17.2789725956937
"CAWA","can14","2020","nav_water",272,0.498281309697735,0.48107788221337,-0.017203427484365,-3.45255323640392
"CAWA","can14","2020","nav_water",274,7.88830712176812e-20,4.38796462891206e-19,3.59913391673525e-19,NA
"CAWA","can14","2020","nav_water",275,6.08226254201017,5.7421528651579,-0.340109676852275,-5.5918282794131
"CAWA","can14","2020","nav_water",276,3.01907027114947e-18,3.21720549967053e-17,2.91529847255557e-17,NA
"CAWA","can14","2020","nav_water",277,5.01983180476153e-20,5.00090057639522e-19,4.49891739591907e-19,NA
"CAWA","can14","2020","nav_water",279,0.495551284364978,0.695677687544503,0.200126403179525,40.3845998373259
"CAWA","can14","2020","nav_water",282,0.117188172415053,1.13110671374013e-06,-0.117187041308339,-99.9990347944759
"CAWA","can14","2020","nav_water",284,0.609531860835961,0.190451863901463,-0.419079996934499,-68.7544038074956
"CAWA","can14","2020","nav_water",285,1.1024058976591,0.294798291882819,-0.807607605776284,-73.2586434353438
"CAWA","can14","2020","nav_water",286,2.15135648775494e-20,2.91448608632693e-19,2.69935043755144e-19,NA
"CAWA","can14","2020","nav_water",289,0.115148209480508,1.64493794724013e-06,-0.115146564542561,-99.998571460247
"CAWA","can14","2020","nav_water",291,0.232613937509389,0.115716036352843,-0.116897901156546,-50.2540399806559
"CAWA","can14","2020","nav_water",292,0.392203551162114,0.391948979663583,-0.000254571498530254,-0.0649080044726645
"CAWA","can14","2020","nav_water",293,3.70489325991346,3.50685095259227,-0.198042307321196,-5.34542545298111
"CAWA","can14","2020","nav_water",295,5.01983180476153e-20,4.10111709721141e-19,3.59913391673525e-19,NA
"CAWA","can14","2020","nav_water",296,0.439811923160986,2.1027682248386e-06,-0.439809820392762,-99.9995218937655
"CAWA","can14","2020","nav_water",297,0.454332864199938,0.209896863812534,-0.244436000387404,-53.8010827849414
"CAWA","can14","2020","nav_water",298,0.0934602640809695,0.0562055594156815,-0.037254704665288,-39.8615444024557
"CAWA","can14","2020","nav_water",299,0.0788638891551185,8.80505393360318e-07,-0.0788630086497252,-99.9988835125901
"CAWA","can14","2020","nav_water",300,0.277333795090611,2.14050976285003e-06,-0.277331654580848,-99.999228182861
"CAWA","can14","2020","nav_water",301,6.02987654114549e-06,1.36319832657247e-07,-5.89355670848824e-06,-97.7392599711279
"CAWA","can14","2020","nav_water",304,0.313156344152992,0.108943421742891,-0.2042129224101,-65.2111720624547
"CAWA","can14","2020","nav_water",305,0.0619281119234794,1.005864062273e-06,-0.0619271060594171,-99.9983757553217
"CAWA","can14","2020","nav_water",306,6.40786618283098,2.17101959962177,-4.2368465832092,-66.1194610237222
"CAWA","can14","2020","nav_water",307,2.33010893205918,1.83196422756439,-0.498144704494791,-21.3786015598235
"CAWA","can14","2020","nav_water",309,0.0420462179592151,0.0420202117014412,-2.60062577739362e-05,-0.0618515981607722
"CAWA","can14","2020","nav_water",310,0.115536511831302,0.400002571778031,0.284466059946729,246.213128159941
"CAWA","can14","2020","nav_water",311,0.0014159483078159,1.18963839580345e-07,-0.00141582934397632,-99.9915982921888
"CAWA","can14","2020","nav_water",312,1.70840387194223e-20,1.09641326908649e-20,-6.11990602855741e-21,NA
"CAWA","can14","2020","nav_water",313,0.442507465829252,0.359474089963363,-0.0830333758658892,-18.7642881256898
"CAWA","can14","2020","nav_water",316,0.257725004075436,0.34218380171669,0.0844587976412537,32.7708977808504
"CAWA","can14","2020","nav_water",317,0.00157785215964076,0.0015651746429753,-1.2677516665463e-05,-0.803466699208965
"CAWA","can14","2020","nav_water",318,7.17118829251647e-21,7.17118829251647e-21,0,NA
"CAWA","can14","2020","nav_water",319,9.32254478027141e-20,1.08298727490491e-18,9.89761827102194e-19,NA
"CAWA","can14","2020","nav_water",320,0.307063279692694,0.241612959698884,-0.0654503199938097,-21.3149289811897
"CAWA","can14","2020","nav_water",321,2.15135648775494e-20,2.91448608632693e-19,2.69935043755144e-19,NA
"CAWA","can14","2020","nav_water",322,1.04844695557492,0.887585705121419,-0.1608612504535,-15.342812490241
"CAWA","can14","2020","nav_water",323,3.58559414625823e-20,3.05790985217726e-19,2.69935043755144e-19,NA
"CAWA","can14","2020","nav_water",325,0.00169130999079235,1.36041342437796e-07,-0.00169117394944992,-99.9919564513201
"CAWA","can14","2020","nav_water",326,1.3906969328543e-20,1.09641326908649e-20,-2.94283663767806e-21,NA
"CAWA","can14","2020","nav_water",327,0.556453686839099,0.903168950990544,0.346715264151444,62.3080181427028
"CAWA","can14","2020","nav_water",328,2.86847531700659e-20,2.08641449006828e-19,1.79956695836763e-19,NA
"CAWA","can14","2020","nav_water",329,7.88830712176812e-20,9.78666550401494e-19,8.99783479183813e-19,NA
"CAWA","can14","2020","nav_water",330,0.0564598073548006,0.0911060923611476,0.034646285006347,61.3645115517758
"CAWA","can14","2020","nav_water",331,18.1656105538879,21.5530009245029,3.38739037061497,18.647269578781
"CAWA","can14","2020","nav_water",334,0.00609556943243167,0.00831906981256014,0.00222350038012847,36.477320204053
"CAWA","can14","2020","nav_water",335,0.0760995264604759,0.0864604139475032,0.0103608874870272,13.6149171603694
"CAWA","can14","2020","nav_water",338,0.0098829947366087,0.0098829947366087,0,0
"CAWA","can14","2020","nav_water",339,0.0097434369302154,0.0097434369302154,0,0
"CAWA","can14","2020","nav_water",340,0.143970195634542,0.15818294009197,0.0142127444574285,9.87200468457134
"CAWA","can14","2020","nav_water",343,0.992524221485169,0.926401250169568,-0.0661229713155999,-6.66210152701931
"CAWA","can14","2020","nav_water",344,0.306772067946115,0.236589098387895,-0.0701829695582195,-22.8778878168749
"CAWA","can14","2020","nav_water",345,0.00134364365689361,0.00137656720224919,3.29235453555733e-05,2.45031822140177
"CAWA","can14","2020","nav_water",348,0.447405793543161,0.660883517373944,0.213477723830783,47.714564029263
"CAWA","can14","2020","nav_water",349,2.27796578739351e-18,2.29582668902843e-18,1.7860901634921e-20,NA
"CAWA","can14","2020","nav_water",350,1.0775396503212e-20,5.37171281899288e-19,5.26395885396076e-19,NA
"CAWA","can14","2020","nav_water",351,0.153076409809793,0.332416688113438,0.179340278303645,117.157358554781
"CAWA","can14","2020","nav_water",352,0.409255814474706,0.660632987408442,0.251377172933735,61.422993649189
"CAWA","can14","2020","nav_water",353,0.162877922752325,0.132297119721192,-0.030580803031133,-18.7752904226528
"CAWA","can14","2020","nav_water",354,4.23610923711999e-18,7.07186240774685e-18,2.83575317062686e-18,NA
"CAWA","can14","2020","nav_water",355,0.02003729175247,0.0215913874945509,0.00155409574208087,7.75601693721559
"CAWA","can14","2020","nav_water",357,0.0240773811599315,0.0475527859977543,0.0234754048378227,97.4998264216934
"CAWA","can14","2020","nav_water",359,0.111893955121993,0.122457189739791,0.0105632346177971,9.44039792523236
"CAWA","can14","2020","nav_water",360,1.5073569317758e-18,2.15764364223776e-20,-1.48578049535342e-18,NA
"CAWA","can14","2020","nav_water",369,0.00131602605050671,0.000968311038229211,-0.000347715012277497,-26.4215903738088
"CAWA","can14","2020","nav_water",373,0.0318998994767266,2.21554875787561e-06,-0.0318976839279687,-99.9930546842021
"CAWA","can14","2020","nav_water",374,5.42792079569316e-19,1.07646132630305e-20,-5.32027466306285e-19,NA
"CAWA","can14","2020","nav_water",378,0.0502410897148304,0.10063518422553,0.0503940945106999,100.304541156925
"CAWA","can14","2020","nav_water",380,8.8825283806441e-20,2.67682899003993e-20,-6.20569939060416e-20,NA
"CAWA","can14","2020","nav_water",382,0.00921999864790422,0.0118047369485883,0.00258473830068405,28.0340420795136
"CAWA","can14","2020","nav_water",383,4.10764790264902,4.35007167543408,0.242423772785057,5.90176613308842
"CAWA","can14","2020","nav_water",386,3.28515961065828,2.44073279587782,-0.844426814780462,-25.7042857838878
"CAWA","can14","2020","nav_water",388,0.546562757013038,1.10140010960683,0.554837352593789,101.513933299439
"CAWA","can14","2020","nav_water",390,2.34985317643763e-18,1.31934983470288e-17,1.08436451705912e-17,NA
"CAWA","can14","2020","nav_water",391,0.000792063066411865,0.00176732887388584,0.000975265807473973,123.129817413661
"CAWA","can14","2020","nav_water",398,30.111555472346,58.3176381285468,28.2060826562009,93.6719548815901
"CAWA","can14","2020","nav_water",400,0.952828343053822,1.53810363659317,0.58527529353935,61.4250507770937
"CAWA","can14","2020","nav_water",402,1.86854657500785,2.36697134110262,0.498424766094778,26.674463069923
"CAWA","can14","2020","nav_water",407,1.30501854210341,1.82889252916861,0.523873987065199,40.1430301688147
"CAWA","can14","2020","nav_water",410,0.0100089896874974,0.0100089896874974,0,0
"CAWA","can14","2020","nav_water",411,8.73412139096704e-21,2.07183990347355e-19,1.98449868956388e-19,NA
"CAWA","can14","2020","nav_water",413,5.72684381344555e-19,1.09641326908649e-20,-5.6172024865369e-19,NA
"CAWA","can14","2020","nav_water",415,5.9851645539844,2.43442349699189,-3.55074105699251,-59.32570483177
"CAWA","can14","2020","nav_water",420,0.00398364994765356,7.24379677728919e-07,-0.00398292556797583,-99.9818161814605
"CAWA","can14","2020","nav_water",421,0.000997237286473607,0.000997237286473607,0,0
"CAWA","can14","2020","nav_water",422,6.50132244120846e-19,1.07882250774366e-20,-6.39344019043409e-19,NA
"CAWA","can14","2020","nav_water",423,0.0105805846983037,0.0499230149857988,0.0393424302874951,371.8360696437
"CAWA","can14","2020","nav_water",424,9.58504232107711e-18,1.49331783645302e-19,-9.4357105374318e-18,NA
"CAWA","can14","2020","nav_water",427,0.492883729822733,1.11252914944889,0.61964541962616,125.718375781854
"CAWA","can14","2020","nav_water",428,1.34969871279503e-19,3.08918222715827e-21,-1.31880689052345e-19,NA
"CAWA","can14","2020","nav_water",429,0.196295132164195,0.236973968681853,0.0406788365176579,20.7233037667135
"CAWA","can14","2020","nav_water",430,2.62999606790905,4.73101517951097,2.10101911160191,79.8867776738655
"CAWA","can14","2020","nav_water",433,0.343945625665014,0.795980175520552,0.452034549855538,131.42616626728
"CAWA","can14","2020","nav_water",435,0.152251290338992,0.400587993511683,0.24833670317269,163.109752711954
"CAWA","can14","2020","nav_water",436,0.0818112753035993,0.110787811379418,0.0289765360758188,35.4187561167916
"CAWA","can14","2020","nav_water",439,0.000154636793501684,8.88078481856965e-05,-6.58289453159877e-05,-42.5700403023882
"CAWA","can14","2020","nav_water",440,0.403408092594382,0.465124629035726,0.0617165364413444,15.2987849213523
"CAWA","can14","2020","nav_water",441,0.771385399822041,0.783013245721328,0.0116278458992869,1.50739771610526
"CAWA","can14","2020","nav_water",442,0.00252444777347855,2.55240037792583e-07,-0.00252419253344076,-99.9898892723995
"CAWA","can14","2020","nav_water",443,0.00956284212612553,4.8751319452361e-07,-0.009562354612931,-99.9949020051979
"CAWA","can14","2020","nav_water",444,0.510383376839707,0.739589715378684,0.229206338538977,44.9086606147367
"CAWA","can14","2020","nav_water",445,0.308093151829883,0.676084667552653,0.36799151572277,119.441640795041
"CAWA","can14","2020","nav_water",447,0.261174139356824,0.0222716830702261,-0.238902456286598,-91.4724776637254
"CAWA","can14","2020","nav_water",449,8.66337396162274e-06,1.42565747122819e-07,-8.52080821449992e-06,-98.3543853958705
"CAWA","can14","2020","nav_water",450,6.38235758033966e-19,7.02669846023904e-18,6.38846270220506e-18,NA
"CAWA","can14","2020","nav_water",451,0.240476535021287,0.343897654727709,0.103421119706422,43.0067406357411
"CAWA","can14","2020","nav_water",452,0.182358392538128,0.199017786814648,0.0166593942765194,9.13552375881807
"CAWA","can14","2020","nav_water",453,0.191980576373505,0.564910850418442,0.372930274044937,194.254169400652
"CAWA","can14","2020","nav_water",454,0.360307582289038,0.598146242846805,0.237838660557766,66.009896057911
"CAWA","can14","2020","nav_water",456,20.7609424577893,23.2157147576163,2.45477229982689,11.8239925996514
"CAWA","can14","2020","nav_water",457,0.812821322559316,1.24013337123153,0.427312048672213,52.5714615023561
"CAWA","can14","2020","nav_water",458,1.73898138082137,3.12492005989782,1.38593867907645,79.6983046720049
"CAWA","can14","2020","nav_water",459,1.65467459453271e-20,1.098817586719e-20,-5.55857007813711e-21,NA
"CAWA","can14","2020","nav_water",460,0.0829922867650415,0.153899130502013,0.070906843736971,85.4378720009422
"CAWA","can14","2020","nav_water",461,4.37442485843505e-19,5.02633822968095e-18,4.58889574383744e-18,NA
"CAWA","can14","2020","nav_water",462,0.449899649141732,0.856517357311722,0.406617708169989,90.3796455377747
"CAWA","can14","2020","nav_water",465,0.299849103185282,0.663392920308247,0.363543817122966,121.242255941758
"CAWA","can14","2020","nav_water",467,28.0348581254495,16.6630844314252,-11.3717736940245,-40.5629792850688
"CAWA","can14","2020","nav_water",469,1.06950659278948e-19,1.06950659278948e-19,0,NA
"CAWA","can14","2020","nav_water",471,0.00792089481057834,0.00792089481057834,0,0
"CAWA","can14","2020","nav_water",480,2.18637889237184,3.57433710030276,1.38795820793091,63.4820530317697
"CAWA","can14","2020","nav_water",483,0.0304091794274264,0.0304094029448976,2.2351747119842e-07,0.000735032892721949
"CAWA","can14","2020","nav_water",484,0.0285167030992678,8.68108579715591e-07,-0.0285158349906881,-99.9969557891153
"CAWA","can14","2020","nav_water",485,0.103133577483967,0.10890972131986,0.00577614383589331,5.60064333731784
"CAWA","can14","2020","nav_water",486,9.40198635887262e-19,1.07882186150857e-20,-9.29410417272176e-19,NA
"CAWA","can14","2020","nav_water",487,0.00171081294021749,2.37275208849384e-07,-0.00171057566500864,-99.9861308502367
"CAWA","can14","2020","nav_water",488,2.82948370207656,4.12168992318378,1.29220622110722,45.6693290072272
"CAWA","can14","2020","nav_water",489,0.00785772582444696,0.00781406481630458,-4.36610081423798e-05,-0.555644331678533
"CAWA","can14","2020","nav_water",491,0.0192217406464468,3.03532540505528e-06,-0.0192187053210417,-99.9842088941845
"CAWA","can14","2020","nav_water",494,0.271314904615177,0.39246304350579,0.121148138890613,44.6522239765799
"CAWA","can14","2020","nav_water",495,2.10619631556987e-18,2.49036983795026e-20,-2.08129261719036e-18,NA
"CAWA","can14","2020","nav_water",496,0.00579826020109864,4.49567544684589e-07,-0.00579781063355395,-99.9922465096582
"CAWA","can14","2020","nav_water",497,5.74599563717321,12.1570105309594,6.41101489378621,111.573612278971
"CAWA","can14","2020","nav_water",499,0.44968757597405,0.215949919655764,-0.233737656318286,-51.9777883149198
"CAWA","can14","2020","nav_water",500,0.010025473839157,4.54841307813596e-07,-0.0100250189978492,-99.9954631440358
"CAWA","can14","2020","nav_water",501,0.0972101887023999,0.0900573372673291,-0.00715285143507083,-7.35812935922656
"CAWA","can14","2020","nav_water",503,0.00598789521763177,0.00598789521763177,0,0
"CAWA","can14","2020","nav_water",504,0.00131693960233091,1.21588343800308e-07,-0.00131681801398711,-99.9907673561046
"CAWA","can14","2020","nav_water",505,1.42380529059194,1.6303504165768,0.206545125984866,14.5065569955142
"CAWA","can14","2020","nav_water",508,0.258371725179913,0.319280564415914,0.0609088392360005,23.5741117545225
"CAWA","can14","2020","nav_water",509,1.05455229729222,1.54069611395439,0.486143816662169,46.0995455522162
"CAWA","can14","2020","nav_water",513,0.00675377258420712,0.00942604580856887,0.00267227322436175,39.5671188368193
"CAWA","can14","2020","nav_water",520,0.587016153534988,0.727306575780385,0.140290422245397,23.8989031904103
"CAWA","can14","2020","nav_water",521,0.00014176626533587,3.63994533455718e-05,-0.000105366811990299,-74.3243194991878
"CAWA","can14","2020","nav_water",522,2.61067830777403,3.4256537682417,0.814975460467674,31.2170005029289
"CAWA","can14","2020","nav_water",524,0.0219682892186754,0.0240971564811699,0.0021288672624945,9.69063745157152
"CAWA","can14","2020","nav_water",525,0.281698521387012,0.280163276551906,-0.00153524483510647,-0.544995702337134
"CAWA","can14","2020","nav_water",527,0.963074296545608,1.10150703506409,0.138432738518484,14.3740455970033
"CAWA","can14","2020","nav_water",530,1.0520367653376,2.21198495872967,1.15994819339207,110.257381833975
"CAWA","can14","2020","nav_water",532,1.85469958670846,2.19225220412439,0.337552617415934,18.1998540267639
"CAWA","can14","2020","nav_water",534,0.00113533862025465,1.17676470685869e-07,-0.00113522094378397,-99.9896351213121
"CAWA","can14","2020","nav_water",535,0.0015883546880707,1.25872932240084e-07,-0.00158822881513846,-99.9920752629633
"CAWA","can14","2020","nav_water",538,0.297182124217874,0.322745297974115,0.0255631737562411,8.60185444313597
"CAWA","can14","2020","nav_water",539,0.0331459834501642,0.0724813917957661,0.0393354083456019,118.673227496006
"CAWA","can14","2020","nav_water",541,0.000936973476594022,1.21151828819912e-07,-0.000936852324765202,-99.987069876379
"CAWA","can14","2020","nav_water",542,0.0184120080156331,0.0184526416340953,4.06336184621825e-05,0.220690857986166
"CAWA","can14","2020","nav_water",544,0.0449345626447963,0.493321553278164,0.448386990633367,997.866595871481
"CAWA","can14","2020","nav_water",546,0.249841053447621,0.277963881602597,0.0281228281549757,11.2562878545786
"CAWA","can14","2020","nav_water",547,0.386737344327464,0.415856869601627,0.0291195252741628,7.52953540724175
"CAWA","can14","2020","nav_water",549,0.00143323366098248,2.36679809351021e-07,-0.00143299698117313,-99.9834863068183
"CAWA","can14","2020","nav_water",556,7.17118829251647e-21,7.17118829251647e-21,0,NA
"CAWA","can14","2020","nav_water",557,0.0365654774263187,0.00596441288033446,-0.0306010645459842,-83.6884041994172
"CAWA","can14","2020","nav_water",558,0.0693268744475304,0.116922854816877,0.0475959803693461,68.6544442521621
"CAWA","can14","2020","nav_water",559,0.044853582720989,0.0999875398308053,0.0551339571098163,122.919851136031
"CAWA","can14","2020","nav_water",560,11.5124347941327,14.1793415275674,2.66690673343461,23.1654448526718
"CAWA","can14","2020","nav_water",562,0.0100922248097257,0.0100922248097257,0,0
"CAWA","can14","2020","nav_water",565,0.524465938932121,0.755801230880962,0.23133529194884,44.1087351487245
"CAWA","can14","2020","nav_water",566,0.102246724313803,0.112068409132076,0.00982168481827306,9.60586745853055
"CAWA","can14","2020","nav_water",567,0.423827284248191,0.539447906564849,0.115620622316658,27.2801272154416
"CAWA","can14","2020","nav_water",568,1.17433995975725,2.73522791995401,1.56088796019676,132.916192387715
"CAWA","can14","2020","nav_water",570,0.429123173265941,0.594901331180734,0.165778157914793,38.6318353896155
"CAWA","can14","2020","nav_water",572,3.10558977645919,4.63560337806918,1.53001360160998,49.2664425033757
"CAWA","can14","2020","nav_water",573,4.18521579837873,6.00247309456538,1.81725729618665,43.4208744239813
"CAWA","can14","2020","nav_water",574,0.397827730295988,0.601056153239198,0.203228422943211,51.0845291734708
"CAWA","can14","2020","nav_water",579,4.45364341611205,7.8943670836031,3.44072366749105,77.2563796877736
"CAWA","can14","2020","nav_water",581,3.58559414625823e-20,4.85747681054489e-19,4.49891739591907e-19,NA
"CAWA","can14","2020","nav_water",584,2.16828560253297,3.95455162720502,1.78626602467205,82.3814917456148
"CAWA","can14","2020","nav_water",585,0.92566251843635,1.11950310309328,0.193840584656929,20.9407403666262
"CAWA","can14","2020","nav_water",587,6.55479968693496e-19,6.55479968693496e-19,0,NA
"CAWA","can14","2020","nav_water",588,0.17883642966343,0.0722601288319069,-0.106576300831523,-59.5942901746023
"CAWA","can14","2020","nav_water",589,0.00742104460921149,5.06079597583743e-07,-0.0074205385296139,-99.99318048032
"CAWA","can14","2020","nav_water",590,0.0109319260323961,0.0193511782501357,0.00841925221773954,77.0152687896861
"CAWA","can14","2020","nav_water",591,0.00712121579288122,0.00712121579288122,0,0
"CAWA","can14","2020","nav_water",592,0.45950670256327,0.666130922019186,0.206624219455916,44.9665300426094
"CAWA","can14","2020","nav_water",593,0.00146582879859773,1.21567226463465e-07,-0.00146570723137127,-99.9917065876602
"CAWA","can14","2020","nav_water",594,0.540847366673699,0.516367106032463,-0.0244802606412365,-4.52627897437944
"CAWA","can14","2020","nav_water",595,0.00289239255774612,1.38604782593221e-07,-0.00289225395296353,-99.9952079539749
"CAWA","can14","2020","nav_water",596,12.4079298277407,19.5031939494105,7.0952641216698,57.1833030986905
"CAWA","can14","2020","nav_water",597,0.436890794212003,0.784866644140504,0.347975849928501,79.648244947831
"CAWA","can14","2020","nav_water",598,0.0552723893427554,1.11647032570175e-06,-0.0552712728724297,-99.9979800577848
"CAWA","can14","2020","nav_water",599,0.424082853689564,0.862064163230844,0.43798130954128,103.277297285377
"CAWA","can14","2020","nav_water",603,7.17118829251647e-21,9.71495362108978e-20,8.99783479183813e-20,NA
"CAWA","can14","2020","nav_water",604,0.0210520097886335,3.70546817645483e-07,-0.0210516392418159,-99.9982398506301
"CAWA","can14","2020","nav_water",606,2.47028889527134,2.93837612561046,0.468087230339117,18.9486837444453
"CAWA","can14","2020","nav_water",607,2.0152144369479,2.95016060427851,0.934946167330612,46.394376210733
"CAWA","can14","2020","nav_water",608,2.09824541329573,0.492460700072337,-1.60578471322339,-76.5298807779198
"CAWA","can14","2020","nav_water",609,1.64521763777672,1.81257011161807,0.167352473841353,10.1720568755576
"CAWA","can14","2020","nav_water",610,0.0614973470708102,0.0864556182166054,0.0249582711457952,40.5843053962268
"CAWA","can14","2020","nav_water",611,0.00198220992336826,0.0024584650006613,0.000476255077293035,24.026470238014
"CAWA","can14","2020","nav_water",613,0.00207211477280761,2.43823821734071e-07,-0.00207187094898588,-99.9882330928318
"CAWA","can14","2020","nav_water",614,0.00617947213856173,6.12214867699181e-07,-0.00617885992369403,-99.9900927643337
"CAWA","can14","2020","nav_water",615,8.81354320316401,11.9942102598685,3.18066705670448,36.0884037598254
"CAWA","can14","2020","nav_water",617,0.00233064768367297,2.56193892018474e-07,-0.00233039148978095,-99.9890076096094
"CAWA","can14","2020","nav_water",618,5.01983180476153e-20,5.90068405557903e-19,5.39870087510288e-19,NA
"CAWA","can14","2020","nav_water",619,7.17118829251647e-21,9.71495362108978e-20,8.99783479183813e-20,NA
"CAWA","can14","2020","nav_water",620,6.45406946326482e-20,6.04410782142936e-19,5.39870087510288e-19,NA
"CAWA","can14","2020","nav_water",621,0.00010751391908718,3.94280454186843e-05,-6.80858736684954e-05,-63.3274967990765
"CAWA","can14","2020","nav_water",622,0.00473122619259191,3.68362553191217e-07,-0.00473085783003871,-99.9922142265409
"CAWA","can14","2020","nav_water",624,0.0943528723264951,0.199105209164669,0.104752336838174,111.02188439552
"CAWA","can14","2020","nav_water",625,7.88830712176812e-20,1.06864489831988e-18,9.89761827102194e-19,NA
"CAWA","can14","2020","nav_water",626,0.245941796402089,0.511113433532872,0.265171637130782,107.818858368121
"CAWA","can14","2020","nav_water",627,0.00628522798400301,7.12804585118559e-05,-0.00621394752549115,-98.8659049648911
"CAWA","can14","2020","nav_water",629,0.00887205303354854,0.00887205303354854,0,0
"CAWA","can14","2020","nav_water",630,0.107680634455149,0.270605215721173,0.162924581266024,151.303511620639
"CAWA","can14","2020","nav_water",631,0.0521511869980475,0.115167519875122,0.0630163328770745,120.833937834308
"CAWA","can14","2020","nav_water",632,0.90099117134743,1.49333817745792,0.592347006110489,65.7439301236033
"CAWA","can14","2020","nav_water",634,0.79675659069683,2.31590790539526,1.51915131469843,190.666927947193
"CAWA","can14","2020","nav_water",635,0.0335796982351115,2.21752644625809e-06,-0.0335774807086652,-99.9933962287846
"CAWA","can14","2020","nav_water",636,0.46863672521638,0.0581270433503637,-0.410509681866016,-87.5965667599941
"CAWA","can14","2020","nav_water",637,3.07673368663789,4.86313896001416,1.78640527337627,58.0617451921349
"CAWA","can14","2020","nav_water",639,2.865458477818e-18,9.21006963477761e-18,6.3446111569596e-18,NA
"CAWA","can14","2020","nav_water",640,0.0162587237948065,1.33247984781723e-06,-0.0162573913149587,-99.9918045237459
"CAWA","can14","2020","nav_water",641,0.28173690364876,0.544584663405955,0.262847759757194,93.2954669243064
"CAWA","can14","2020","nav_water",644,0.171276377532729,0.400976010574711,0.229699633041981,134.110515618587
"CAWA","can14","2020","nav_water",646,0.270449773420085,0.0525515439537741,-0.217898229466311,-80.568834172345
"CAWA","can14","2020","nav_water",647,0.00206993122804287,2.54036058223398e-07,-0.00206967719198464,-99.9877273189185
"CAWA","can14","2020","nav_water",648,2.19963583424142e-05,2.19963583424142e-05,0,0
"CAWA","can14","2020","nav_water",649,0.0588972633263989,0.0185539669627962,-0.0403432963636026,-68.4977435029991
"CAWA","can14","2020","nav_water",653,0.0721373485408089,0.167963301295307,0.0958259527544982,132.838196430644
"CAWA","can14","2020","nav_water",654,0.0396185513478874,0.0860823623888337,0.0464638110409463,117.27791516896
"CAWA","can14","2020","nav_water",655,0.273480155287629,0.517748442772153,0.244268287484524,89.3184689132628
"CAWA","can14","2020","nav_water",656,0.0023370100161168,1.40542163320249e-07,-0.00233686947395348,-99.9939862404375
"CAWA","can14","2020","nav_water",657,0.00185805497550671,1.27318446687816e-07,-0.00185792765706003,-99.9931477567474
"CAWA","can14","2020","nav_water",658,0.0603283067673145,0.01830730536576,-0.0420210014015545,-69.6538717117139
"CAWA","can14","2020","nav_water",659,0.00623385291161571,3.69386501081346e-07,-0.00623348352511463,-99.9940745072699
"CAWA","can14","2020","nav_water",660,0.000854291152719115,1.17881838926363e-07,-0.000854173270880189,-99.9862012103776
"CAWA","can14","2020","nav_water",661,0.00140850692136815,1.21717918419941e-07,-0.00140838520344973,-99.9913583727156
"CAWA","can14","2020","night_lights",1,6.45406946326482e-20,6.94389130061317e-19,6.29848435428669e-19,NA
"CAWA","can14","2020","night_lights",2,1.59917517986763e-18,1.83351498877694e-17,1.67359747079018e-17,NA
"CAWA","can14","2020","night_lights",3,7.17118914738853e-21,9.71495477920222e-20,8.99783586446337e-20,NA
"CAWA","can14","2020","night_lights",4,2.15135674421656e-20,2.91448643376067e-19,2.69935075933901e-19,NA
"CAWA","can14","2020","night_lights",5,7.74488427917961e-19,8.33267055406718e-18,7.55818212614923e-18,NA
"CAWA","can14","2020","night_lights",6,4.30271348843312e-20,5.82897286752133e-19,5.39870151867802e-19,NA
"CAWA","can14","2020","night_lights",7,5.73695063401318e-20,6.87217941768801e-19,6.29848435428669e-19,NA
"CAWA","can14","2020","night_lights",10,1.43423782947771e-20,1.94299095584044e-19,1.79956717289267e-19,NA
"CAWA","can14","2020","night_lights",11,0.41151672300531,0.147264358802451,-0.26425236420286,-64.2142468167569
"CAWA","can14","2020","night_lights",14,0.407550713676214,0.096577275059102,-0.310973438617112,-76.3030043088504
"CAWA","can14","2020","night_lights",15,4.66127239013571e-19,4.69510959117749e-18,4.22898235216392e-18,NA
"CAWA","can14","2020","night_lights",17,8.24686751949681e-19,9.55258754047913e-18,8.72790078852946e-18,NA
"CAWA","can14","2020","night_lights",18,1.14739012680264e-19,9.24544143945695e-19,8.09805131265432e-19,NA
"CAWA","can14","2020","night_lights",19,1.00396648063439e-19,6.40266799931241e-19,5.39870151867802e-19,NA
"CAWA","can14","2020","night_lights",20,1.43423782947771e-19,1.22316408668337e-18,1.0797403037356e-18,NA
"CAWA","can14","2020","night_lights",23,7.17118829251647e-20,6.11581970435453e-19,5.39870087510288e-19,NA
"CAWA","can14","2020","night_lights",24,1.72108519020395e-19,1.43180538987773e-18,1.25969687085734e-18,NA
"CAWA","can14","2020","night_lights",25,1.14739026358216e-19,1.01452261280455e-18,8.99783586446337e-19,NA
"CAWA","can14","2020","night_lights",26,6.45407023264967e-20,6.94389212838932e-19,6.29848510512436e-19,NA
"CAWA","can14","2020","night_lights",27,7.17118914738853e-21,9.71495477920222e-20,8.99783586446337e-20,NA
"CAWA","can14","2020","night_lights",28,3.51388268222038e-19,3.32067410349495e-18,2.96928583527291e-18,NA
"CAWA","can14","2020","night_lights",29,1.50594954142846e-19,1.68022686875533e-18,1.52963191461248e-18,NA
"CAWA","can14","2020","night_lights",30,1.08559716810734,0.435996766351454,-0.649600401755886,-59.8380707724595
"CAWA","can14","2020","night_lights",31,2.86847565895541e-20,2.08641473878821e-19,1.79956717289267e-19,NA
"CAWA","can14","2020","night_lights",32,1.26212928994038e-18,1.50288181625693e-17,1.37666888726289e-17,NA
"CAWA","can14","2020","night_lights",33,1.43423782947771e-20,1.94299095584044e-19,1.79956717289267e-19,NA
"CAWA","can14","2020","night_lights",35,9.32254478027141e-20,9.03030579068146e-19,8.09805131265432e-19,NA
"CAWA","can14","2020","night_lights",36,1.00396648063439e-19,1.00018023450978e-18,8.99783586446337e-19,NA
"CAWA","can14","2020","night_lights",37,2.86847531700659e-20,2.08641449006828e-19,1.79956695836763e-19,NA
"CAWA","can14","2020","night_lights",38,5.73695063401318e-20,3.27304550095276e-19,2.69935043755144e-19,NA
"CAWA","can14","2020","night_lights",39,4.51805443543222,5.74966586969602,1.2316114342638,27.2597741320924
"CAWA","can14","2020","night_lights",40,2325.88946017729,2973.43962928695,647.550169109472,27.84096923764
"CAWA","can14","2020","night_lights",42,9.53768156602673e-19,9.50171222784285e-18,8.54794407124019e-18,NA
"CAWA","can14","2020","night_lights",43,1.4942514840908,1.7647197495351,0.270468265444298,18.1005853649105
"CAWA","can14","2020","night_lights",45,4.58553404318874,6.28914154405192,1.70360750086319,37.1517795924707
"CAWA","can14","2020","night_lights",47,0.334360226147061,0.101095515218999,-0.233264710928062,-69.7644913140672
"CAWA","can14","2020","night_lights",49,1.07607488819641,0.686650732303168,-0.389424155893242,-36.1893173202795
"CAWA","can14","2020","night_lights",50,0.519479531310563,0.335932068246227,-0.183547463064336,-35.3329538511894
"CAWA","can14","2020","night_lights",51,1.33693932748296,0.497176769517879,-0.83976255796508,-62.8123162137875
"CAWA","can14","2020","night_lights",55,6.59749322911515e-19,7.22816872095335e-18,6.56841939804183e-18,NA
"CAWA","can14","2020","night_lights",58,2.82374545169796,3.04284859656793,0.219103144869979,7.75930935057299
"CAWA","can14","2020","night_lights",60,1.29081389265296e-19,1.29879991220425e-18,1.16971852293896e-18,NA
"CAWA","can14","2020","night_lights",62,1.11051523603619,0.342582971591692,-0.767932264444501,-69.1509886154748
"CAWA","can14","2020","night_lights",63,0.0947592000089115,0.0202658617100533,-0.0744933382988582,-78.6133043460187
"CAWA","can14","2020","night_lights",64,0.277426836100643,0.0715395675742129,-0.20588726852643,-74.213176857822
"CAWA","can14","2020","night_lights",65,0.23795224811487,0.0559109510889169,-0.182041297025953,-76.503289407072
"CAWA","can14","2020","night_lights",67,0.467755651795695,0.196893512702562,-0.270862139093133,-57.9067592349348
"CAWA","can14","2020","night_lights",68,7.17118829251647e-21,9.71495362108978e-20,8.99783479183813e-20,NA
"CAWA","can14","2020","night_lights",69,0.524589215679846,0.203885668785163,-0.320703546894683,-61.1342241336517
"CAWA","can14","2020","night_lights",71,6.45406946326482e-20,7.84367477979699e-19,7.1982678334705e-19,NA
"CAWA","can14","2020","night_lights",72,2.86847531700659e-20,2.08641449006828e-19,1.79956695836763e-19,NA
"CAWA","can14","2020","night_lights",73,5.01983180476153e-20,5.00090057639522e-19,4.49891739591907e-19,NA
"CAWA","can14","2020","night_lights",74,0.695072210336517,0.300604907472948,-0.394467302863569,-56.7519887858254
"CAWA","can14","2020","night_lights",75,1.51673130400187,0.581084539545373,-0.935646764456502,-61.6883664224382
"CAWA","can14","2020","night_lights",76,0.724137589399456,0.20272162480161,-0.521415964597846,-72.0050957484845
"CAWA","can14","2020","night_lights",77,1.14739012680264e-19,1.28445753561922e-18,1.16971852293896e-18,NA
"CAWA","can14","2020","night_lights",78,0.679424631346636,0.177414211633189,-0.502010419713446,-73.8875802483713
"CAWA","can14","2020","night_lights",79,0.344711549809329,0.356443657772201,0.0117321079628718,3.40345659127501
"CAWA","can14","2020","night_lights",80,7.03837163489193,1.47876864211676,-5.55960299277517,-78.9899039319559
"CAWA","can14","2020","night_lights",83,0.652243292866501,0.601435618444794,-0.0508076744217067,-7.78968139302981
"CAWA","can14","2020","night_lights",84,0.683136757579777,0.247417089681661,-0.435719667898116,-63.782202181857
"CAWA","can14","2020","night_lights",85,1.50594954142846e-19,1.50027017291857e-18,1.34967521877572e-18,NA
"CAWA","can14","2020","night_lights",86,0.25416418636778,0.256618169782903,0.00245398341512271,0.965511093514862
"CAWA","can14","2020","night_lights",87,9.32254478027141e-20,8.13052231149765e-19,7.1982678334705e-19,NA
"CAWA","can14","2020","night_lights",88,0.0748595473687249,0.108286734746854,0.0334271873781292,44.6532053065746
"CAWA","can14","2020","night_lights",91,2.67309940580754e-20,3.02147368933246e-18,2.99474269527438e-18,NA
"CAWA","can14","2020","night_lights",96,1.93622083897945e-19,2.26312408602071e-18,2.06950200212277e-18,NA
"CAWA","can14","2020","night_lights",97,7.78862563186783e-19,9.87903444881117e-19,2.09040881694334e-19,NA
"CAWA","can14","2020","night_lights",98,1.27107065515471,0.464426002309175,-0.806644652845539,-63.4618264196615
"CAWA","can14","2020","night_lights",99,0.0118408031048526,0.0209897835134286,0.00914898040857606,77.2665530163798
"CAWA","can14","2020","night_lights",100,2.07964460482978e-19,1.91755307093222e-18,1.70958861044924e-18,NA
"CAWA","can14","2020","night_lights",101,1.10901275297351e-20,6.56910991664986e-19,6.45820864135251e-19,NA
"CAWA","can14","2020","night_lights",102,0.237446885357041,0.115503071417685,-0.121943813939356,-51.3562491064026
"CAWA","can14","2020","night_lights",103,0.0572457978455128,0.0931410743074117,0.0358952764618989,62.7037753212353
"CAWA","can14","2020","night_lights",104,6.89796528295099,2.05158388440477,-4.84638139854621,-70.2581297491382
"CAWA","can14","2020","night_lights",105,0.254360810086568,0.306883463490017,0.0525226534034485,20.6488780192095
"CAWA","can14","2020","night_lights",107,3.24833676927804,3.36153256491421,0.113195795636165,3.48473091542549
"CAWA","can14","2020","night_lights",108,1.93855138346876,2.05136047650328,0.112809093034525,5.81924699012462
"CAWA","can14","2020","night_lights",111,0.410701979022207,0.461288692402319,0.0505867133801114,12.3171340689781
"CAWA","can14","2020","night_lights",114,0.0112685485064248,0.0137333052918197,0.00246475678539487,21.8728861484651
"CAWA","can14","2020","night_lights",116,0.024061230157947,0.0387517605029705,0.0146905303450235,61.0547767033909
"CAWA","can14","2020","night_lights",120,0.147945097530201,0.0472347886793623,-0.100710308850839,-68.0727584300521
"CAWA","can14","2020","night_lights",121,0.327327665686816,0.245640387712862,-0.0816872779739544,-24.9558123364103
"CAWA","can14","2020","night_lights",122,9.64232587206525e-21,6.55894748220239e-19,6.46252422348174e-19,NA
"CAWA","can14","2020","night_lights",131,0.024107523453004,0.0373634689930519,0.0132559455400479,54.9867578305561
"CAWA","can14","2020","night_lights",133,0.419160948419177,0.402631200035543,-0.016529748383634,-3.94353253707776
"CAWA","can14","2020","night_lights",136,1.33507127976118,1.39953496649206,0.0644636867308778,4.82848277152732
"CAWA","can14","2020","night_lights",137,0.352035891377522,0.0949499252958933,-0.257085966081629,-73.0283395467568
"CAWA","can14","2020","night_lights",138,0.364810019637921,0.40646397690951,0.0416539572715888,11.4179860829839
"CAWA","can14","2020","night_lights",139,1.50810190021146,0.838519205524807,-0.669582694686656,-44.3990352769112
"CAWA","can14","2020","night_lights",141,5.76408097849349,6.15749277493475,0.393411796441263,6.82523021291915
"CAWA","can14","2020","night_lights",145,6.45406946326482e-20,4.24454086306173e-19,3.59913391673525e-19,NA
"CAWA","can14","2020","night_lights",146,5.34297373477254,1.97772008991601,-3.36525364485654,-62.9846563338908
"CAWA","can14","2020","night_lights",147,0.456388199548564,0.493072576100518,0.0366843765519542,8.03797657087553
"CAWA","can14","2020","night_lights",152,0.0583330643673063,8.79679799347947e-07,-0.058332184687507,-99.9984919705335
"CAWA","can14","2020","night_lights",154,0.627874611630908,0.666917393664654,0.0390427820337469,6.21824506207267
"CAWA","can14","2020","night_lights",155,0.825553386790321,1.02253057227262,0.196977185482297,23.8600178539787
"CAWA","can14","2020","night_lights",156,2.9550792478584e-18,7.27198968983079e-18,4.31691044197239e-18,NA
"CAWA","can14","2020","night_lights",163,23.5128802534155,4.19580528303696,-19.3170749703785,-82.1552900460697
"CAWA","can14","2020","night_lights",164,6.51160913736747,7.29065294141951,0.779043804052034,11.9639214765121
"CAWA","can14","2020","night_lights",166,7.17118829251647e-20,7.91538666272215e-19,7.1982678334705e-19,NA
"CAWA","can14","2020","night_lights",169,8.60542595101976e-20,7.15902694938867e-19,6.29848435428669e-19,NA
"CAWA","can14","2020","night_lights",171,0.773565093085744,0.907903265602124,0.134338172516379,17.3661109733514
"CAWA","can14","2020","night_lights",173,0.0386954274578382,0.0386977818421488,2.35438431062107e-06,0.0060843992825415
"CAWA","can14","2020","night_lights",186,1.43423765850329e-20,1.94299072421796e-19,1.79956695836763e-19,NA
"CAWA","can14","2020","night_lights",188,9.84907586270329e-21,9.84907586270329e-21,0,NA
"CAWA","can14","2020","night_lights",196,2.86847531700659e-20,1.18663101088447e-19,8.99783479183813e-20,NA
"CAWA","can14","2020","night_lights",198,2.86847531700659e-20,2.9861979692521e-19,2.69935043755144e-19,NA
"CAWA","can14","2020","night_lights",200,1.01535746631876,1.07539218566423,0.0600347193454616,5.91266832981697
"CAWA","can14","2020","night_lights",213,1.43423765850329e-20,1.43423765850329e-20,0,NA
"CAWA","can14","2020","night_lights",217,16.3452733849196,23.4582067867259,7.11293340180621,43.5167600706433
"CAWA","can14","2020","night_lights",218,0.0930441298791516,0.112080841361571,0.0190367114824193,20.4598737256662
"CAWA","can14","2020","night_lights",221,1.56505043616439,1.58939346329018,0.0243430271257824,1.5554148648041
"CAWA","can14","2020","night_lights",223,2.15135648775494e-20,2.91448608632693e-19,2.69935043755144e-19,NA
"CAWA","can14","2020","night_lights",224,0.380015086313468,0.365800779748195,-0.0142143065652733,-3.74045849157372
"CAWA","can14","2020","night_lights",226,1.79622514542663,1.7782728652065,-0.0179522802201257,-0.999444878379196
"CAWA","can14","2020","night_lights",227,7.17118829251647e-21,9.71495362108978e-20,8.99783479183813e-20,NA
"CAWA","can14","2020","night_lights",228,2.86847531700659e-20,2.9861979692521e-19,2.69935043755144e-19,NA
"CAWA","can14","2020","night_lights",234,41.2025058210367,43.971979353204,2.7694735321673,6.72161432170297
"CAWA","can14","2020","night_lights",236,5.26033234475493,1.26017427380214,-4.0001580709528,-76.0438278190036
"CAWA","can14","2020","night_lights",247,0.871394881620551,0.86634474683205,-0.00505013478850114,-0.579546069757639
"CAWA","can14","2020","night_lights",255,0.376977763610226,0.26742046832757,-0.109557295282655,-29.062004674613
"CAWA","can14","2020","night_lights",257,0.471859711403087,0.446747701196983,-0.0251120102061038,-5.32192293583034
"CAWA","can14","2020","night_lights",264,27.553838385065,7.69341527153416,-19.8604231135309,-72.0786078367062
"CAWA","can14","2020","night_lights",271,0.466002431646799,0.496331275059973,0.0303288434131739,6.50830153525062
"CAWA","can14","2020","night_lights",277,0.52667723056333,0.287412805472251,-0.239264425091079,-45.4290429140374
"CAWA","can14","2020","night_lights",278,0.53942163953356,0.586416940376185,0.0469953008426252,8.71216454780386
"CAWA","can14","2020","night_lights",281,0.0849728833446772,0.224384674283176,0.139411790938498,164.066212009071
"CAWA","can14","2020","night_lights",282,0.460857134283591,0.55359431596486,0.0927371816812689,20.1227614335254
"CAWA","can14","2020","night_lights",287,9.15636181072908,12.951047328736,3.79468551800692,41.4431582810593
"CAWA","can14","2020","night_lights",288,0.254353431679013,0.376627406687357,0.122273975008344,48.0724691627712
"CAWA","can14","2020","night_lights",290,0.0365141565179742,0.0330670864300399,-0.00344707008793432,-9.44036619396506
"CAWA","can14","2020","night_lights",292,0.00420616388020822,0.0395950210619,0.0353888571816918,841.357069994617
"CAWA","can14","2020","night_lights",293,0.498004659534583,0.539626002446025,0.041621342911442,8.35762118176561
"CAWA","can14","2020","night_lights",295,1.69012575286635,0.705580350346581,-0.98454540251977,-58.2527898205232
"CAWA","can14","2020","night_lights",297,2.15135648775494e-20,1.11491912795931e-19,8.99783479183813e-20,NA
"CAWA","can14","2020","night_lights",298,2.01059737502333e-18,1.44386941518327e-17,1.24280967768093e-17,NA
"CAWA","can14","2020","night_lights",300,0.0286572995678441,0.0274751981085011,-0.00118210145934294,-4.12495760999532
"CAWA","can14","2020","night_lights",304,2.15135648775494e-20,2.91448608632693e-19,2.69935043755144e-19,NA
"CAWA","can14","2020","night_lights",307,0.00169130999079235,1.36041342437796e-07,-0.00169117394944992,-99.9919564513201
"CAWA","can14","2020","night_lights",308,0.139367462617426,0.139376682714212,9.22009678605562e-06,0.00661567385449607
"CAWA","can14","2020","night_lights",309,3.58559414625823e-20,3.95769333136108e-19,3.59913391673525e-19,NA
"CAWA","can14","2020","night_lights",310,4.30271297550988e-20,4.92918869347005e-19,4.49891739591907e-19,NA
"CAWA","can14","2020","night_lights",311,0.382086327126321,0.425535964721051,0.0434496375947302,11.371680824466
"CAWA","can14","2020","night_lights",314,0.00609556943243167,0.00831906981256014,0.00222350038012847,36.477320204053
"CAWA","can14","2020","night_lights",316,34.9180248151611,6.65889353175703,-28.259131283404,-80.9299249685343
"CAWA","can14","2020","night_lights",319,0.0464474159615389,0.0546906510172506,0.0082432350557117,17.7474567423462
"CAWA","can14","2020","night_lights",320,0.092482717021695,0.107490101387896,0.0150073843662008,16.2272312595231
"CAWA","can14","2020","night_lights",322,1.4177477521961,1.63202417148003,0.21427641928393,15.1138606252074
"CAWA","can14","2020","night_lights",323,1.57766142435362e-19,1.59741970912946e-18,1.4396535666941e-18,NA
"CAWA","can14","2020","night_lights",326,0.20123319655255,0.26477117443588,0.06353797788333,31.5743023377048
"CAWA","can14","2020","night_lights",327,0.0119969328928931,0.0121228365741368,0.000125903681243766,1.04946557897603
"CAWA","can14","2020","night_lights",328,0.0105088418679254,0.0105080502434539,-7.91624471530028e-07,-0.00753293732534109
"CAWA","can14","2020","night_lights",330,1.00396636095231e-19,7.302450715239e-19,6.29848435428669e-19,NA
"CAWA","can14","2020","night_lights",331,0.138729471261367,0.100754914706081,-0.0379745565552865,-27.3730997530742
"CAWA","can14","2020","night_lights",333,0.0159175764884308,0.0165057157521998,0.000588139263769051,3.69490458674109
"CAWA","can14","2020","night_lights",336,0.0228878161650321,0.0533106087555796,0.0304227925905475,132.921342827925
"CAWA","can14","2020","night_lights",340,0.512303669145059,0.557008384348929,0.0447047152038704,8.7262141375006
"CAWA","can14","2020","night_lights",341,0.139170781654828,0.1388838503802,-0.000286931274627866,-0.206172065153384
"CAWA","can14","2020","night_lights",343,1.14739012680264e-19,1.10450083978246e-18,9.89761827102194e-19,NA
"CAWA","can14","2020","night_lights",344,9.17116798874118e-20,9.17116798874118e-20,0,NA
"CAWA","can14","2020","night_lights",347,1.5073569317758e-18,2.15764364223776e-20,-1.48578049535342e-18,NA
"CAWA","can14","2020","night_lights",354,1.36252577557813e-19,1.12601440466001e-18,9.89761827102194e-19,NA
"CAWA","can14","2020","night_lights",355,0.158025531442168,0.120948272738145,-0.0370772587040226,-23.4628280415508
"CAWA","can14","2020","night_lights",360,1.43423765850329e-20,1.94299072421796e-19,1.79956695836763e-19,NA
"CAWA","can14","2020","night_lights",361,7.17118829251647e-21,7.17118829251647e-21,0,NA
"CAWA","can14","2020","night_lights",362,0.479706156817029,0.180556907430536,-0.299149249386494,-62.3609359886944
"CAWA","can14","2020","night_lights",375,2.76605798878324,2.79225096499919,0.0261929762159467,0.946942411264081
"CAWA","can14","2020","night_lights",376,0.184989816368152,0.144029635037742,-0.0409601813304099,-22.1418573922439
"CAWA","can14","2020","night_lights",377,6.66920511204032e-19,6.87542651757234e-18,6.2085060063683e-18,NA
"CAWA","can14","2020","night_lights",382,0.00921999864790422,0.0118054186769567,0.00258542002905247,28.041436097609
"CAWA","can14","2020","night_lights",386,0.238549721988906,0.22938464589759,-0.00916507609131556,-3.84199822783353
"CAWA","can14","2020","night_lights",388,0.0137919767723579,0.0137932657232621,1.28895090423242e-06,0.00934565744640579
"CAWA","can14","2020","night_lights",389,0.0208205738990545,0.0276453766187847,0.00682480271973024,32.7791287253623
"CAWA","can14","2020","night_lights",394,2.16414605922232,2.43234173769028,0.268195678467959,12.3926791967236
"CAWA","can14","2020","night_lights",402,0.0347683400853471,9.19100037605719e-07,-0.0347674209853095,-99.9973565029698
"CAWA","can14","2020","night_lights",409,2.00793272190461e-19,1.82040353472132e-18,1.61961026253086e-18,NA
"CAWA","can14","2020","night_lights",425,1.66547459827691,2.33545254083672,0.66997794255981,40.2274488757118
"CAWA","can14","2020","night_lights",429,0.172720662519782,0.104946429367864,-0.0677742331519181,-39.2392156000188
"CAWA","can14","2020","night_lights",430,0.652318934904046,0.172771940688811,-0.479546994215235,-73.5141919934878
"CAWA","can14","2020","night_lights",433,0.00713577621163529,6.38735174253089e-07,-0.00713513747646104,-99.9910488339977
"CAWA","can14","2020","night_lights",435,0.0275237602825464,0.027520627312285,-3.13297026144355e-06,-0.011382784289944
"CAWA","can14","2020","night_lights",441,0.00398364994765356,7.24379677728919e-07,-0.00398292556797583,-99.9818161814605
"CAWA","can14","2020","night_lights",442,0.000997237286473607,1.3332652820382e-07,-0.000997103959945403,-99.9866304108348
"CAWA","can14","2020","night_lights",443,6.50132244120846e-19,1.07882250774366e-20,-6.39344019043409e-19,NA
"CAWA","can14","2020","night_lights",444,9.58504232107711e-18,1.49331783645302e-19,-9.4357105374318e-18,NA
"CAWA","can14","2020","night_lights",455,2.42011222713495,0.904626837983276,-1.51548538915167,-62.6204591737377
"CAWA","can14","2020","night_lights",458,4.30271297550988e-20,4.92918869347005e-19,4.49891739591907e-19,NA
"CAWA","can14","2020","night_lights",462,2.14737611700397,2.17576792761157,0.0283918106075952,1.32216291234568
"CAWA","can14","2020","night_lights",464,0.506126340806899,0.580839409532262,0.0747130687253625,14.7617428103525
"CAWA","can14","2020","night_lights",469,0.0273935668115745,0.0973586910592602,0.0699651242476857,255.407135291793
"CAWA","can14","2020","night_lights",471,0.261174139356824,9.47311877912009e-06,-0.261164666238045,-99.9963728725966
"CAWA","can14","2020","night_lights",473,0.923209573460365,1.10698206479414,0.18377249133377,19.9058260027521
"CAWA","can14","2020","night_lights",476,0.609292920416592,0.728286088263558,0.118993167846967,19.5297145034293
"CAWA","can14","2020","night_lights",480,0.146685723520161,0.144889397209053,-0.00179632631110871,-1.22460882218153
"CAWA","can14","2020","night_lights",487,0.0404327991662448,0.0404035183740272,-2.92807922175342e-05,-0.0724184148051249
"CAWA","can14","2020","night_lights",488,0.917147500612321,1.17200119611649,0.254853695504166,27.7876454260647
"CAWA","can14","2020","night_lights",489,2.94018719993175e-19,2.99336915754461e-18,2.69935043755144e-18,NA
"CAWA","can14","2020","night_lights",491,0.0440399931150966,0.0520443127522021,0.00800431963710547,18.17511555051
"CAWA","can14","2020","night_lights",498,2.36649213653043e-19,2.12619451993905e-18,1.88954530628601e-18,NA
"CAWA","can14","2020","night_lights",500,0.858811787942991,0.906551026300156,0.0477392383571646,5.55875443576627
"CAWA","can14","2020","night_lights",501,1.00396636095231e-19,1.00018011527904e-18,8.99783479183813e-19,NA
"CAWA","can14","2020","night_lights",504,1.14739012680264e-19,9.24544143945695e-19,8.09805131265432e-19,NA
"CAWA","can14","2020","night_lights",510,1.2191020097278e-19,9.31715332238212e-19,8.09805131265432e-19,NA
"CAWA","can14","2020","night_lights",511,0.37489539008567,0.408057474246262,0.0331620841605922,8.84569003449579
"CAWA","can14","2020","night_lights",512,1.43423765850329e-20,1.04320724503414e-19,8.99783479183813e-20,NA
"CAWA","can14","2020","night_lights",514,0.112209182908334,0.118895089660898,0.00668590675256375,5.958431011859
"CAWA","can14","2020","night_lights",519,0.419006733471247,0.142210459004034,-0.276796274467213,-66.0601017492258
"CAWA","can14","2020","night_lights",523,0.372721313615267,0.372797115849369,7.58022341020848e-05,0.0203375099123872
"CAWA","can14","2020","night_lights",525,1.02657553348995,0.336303185225402,-0.69027234826455,-67.2402882930491
"CAWA","can14","2020","night_lights",527,9.32254478027141e-20,9.93008926986527e-19,8.99783479183813e-19,NA
"CAWA","can14","2020","night_lights",528,3.62145008772087e-18,3.80831573404613e-17,3.44617072527402e-17,NA
"CAWA","can14","2020","night_lights",534,0.920859180027432,1.15688284322885,0.23602366320142,25.6308096091727
"CAWA","can14","2020","night_lights",535,0.409226092642884,0.386309206804896,-0.022916885837988,-5.60005489630073
"CAWA","can14","2020","night_lights",541,0.109512111221101,0.100082764804147,-0.0094293464169537,-8.61032292393323
"CAWA","can14","2020","night_lights",542,1.2666878182515,1.2667493339922,6.1515740698237e-05,0.00485642474900812
"CAWA","can14","2020","night_lights",544,0.538664019524036,0.585897237979303,0.0472332184552675,8.76858612108581
"CAWA","can14","2020","night_lights",548,1.2451513696077,1.40532218642756,0.160170816819853,12.8635618712219
"CAWA","can14","2020","night_lights",549,0.629456568240408,0.675993505475496,0.0465369372350886,7.39319272895644
"CAWA","can14","2020","night_lights",552,9.40198635887262e-19,1.07882186150857e-20,-9.29410417272176e-19,NA
"CAWA","can14","2020","night_lights",555,0.498415964277886,0.201727603347262,-0.296688360930624,-59.526255616726
"CAWA","can14","2020","night_lights",556,1.0249210841765,1.08492757542189,0.0600064912453835,5.85474259158179
"CAWA","can14","2020","night_lights",560,0.609231983027419,0.797092713493381,0.187860730465962,30.8356645251022
"CAWA","can14","2020","night_lights",562,1.14739012680264e-19,8.34565796027314e-19,7.1982678334705e-19,NA
"CAWA","can14","2020","night_lights",563,0.334116993752196,0.3549426312539,0.0208256375017035,6.23303749618591
"CAWA","can14","2020","night_lights",564,0.0106379228315445,4.33151307775451e-05,-0.010594607700767,-99.5928234161551
"CAWA","can14","2020","night_lights",567,0.747790958873579,1.08377616309551,0.335985204221934,44.9303645938752
"CAWA","can14","2020","night_lights",575,0.150359660143115,0.139862434665817,-0.0104972254772979,-6.98141075026802
"CAWA","can14","2020","night_lights",577,1.50594954142846e-19,1.14035678124504e-18,9.89761827102194e-19,NA
"CAWA","can14","2020","night_lights",578,0.699125903636393,0.26763498267199,-0.431490920964402,-61.7186287505685
"CAWA","can14","2020","night_lights",580,0.0529695205019731,0.052938540980465,-3.0979521508101e-05,-0.0584855615352361
"CAWA","can14","2020","night_lights",581,0.41248615122831,0.600645853809943,0.188159702581633,45.6160048092104
"CAWA","can14","2020","night_lights",584,2.10619631556987e-18,2.49036983795026e-20,-2.08129261719036e-18,NA
"CAWA","can14","2020","night_lights",588,0.00579826020109864,4.49567544685287e-07,-0.00579781063355395,-99.9922465096582
"CAWA","can14","2020","night_lights",592,1.14003033824251,0.129165410828328,-1.01086492741418,-88.6700023240213
"CAWA","can14","2020","night_lights",601,0.010025473839157,4.54841307813596e-07,-0.0100250189978492,-99.9954631440358
"CAWA","can14","2020","night_lights",604,4.87274393771822,8.64445213105212,3.7717081933339,77.4041944650204
"CAWA","can14","2020","night_lights",605,0.306644065073951,0.649779201964964,0.343135136891012,111.900139599396
"CAWA","can14","2020","night_lights",609,1.12077214790168,1.13082943878914,0.0100572908874585,0.897353749045948
"CAWA","can14","2020","night_lights",611,2.95689846523907,4.40398969234101,1.44709122710194,48.9394967096016
"CAWA","can14","2020","night_lights",614,0.279147577651433,0.278834701583243,-0.000312876068190082,-0.112082673552971
"CAWA","can14","2020","night_lights",632,0.740985515097469,0.75594811540467,0.0149626003072005,2.01928377847337
"CAWA","can14","2020","night_lights",638,3.91472087769611,1.19844159520353,-2.71627928249258,-69.3862823775872
"CAWA","can14","2020","night_lights",639,0.00675377258420712,0.0094331173434069,0.00267934475919979,39.6718237961567
"CAWA","can14","2020","night_lights",644,0.495881776715195,0.504376962483567,0.00849518576837161,1.7131474007061
"CAWA","can14","2020","night_lights",645,1.86450895605428e-19,1.53612611438115e-18,1.34967521877572e-18,NA
"CAWA","can14","2020","night_lights",647,0.782554427628212,0.888093250829434,0.105538823201222,13.4864514818595
"CAWA","can14","2020","night_lights",650,1.61908005152505,2.27771619860335,0.658636147078304,40.679653020116
"CAWA","can14","2020","night_lights",652,1.07645805027312,1.31448611501836,0.23802806474524,22.1121542715805
"CAWA","can14","2020","night_lights",653,0.140101929473804,0.156082579806158,0.0159806503323536,11.4064455731437
"CAWA","can14","2020","night_lights",654,0.407944565313549,1.10887945705052,0.700934891736975,171.821112801989
"CAWA","can14","2020","night_lights",656,0.227261809882246,0.322985350178862,0.0957235402966163,42.1203810469585
"CAWA","can14","2020","night_lights",663,8.82056159979526e-19,8.62019408096032e-18,7.73813792098079e-18,NA
"CAWA","can14","2020","night_lights",667,1.19263311711825,1.57522846951617,0.382595352397912,32.0798866731433
"CAWA","can14","2020","night_lights",671,0.198870371012765,0.038909509001756,-0.159960862011009,-80.4347380639932
"CAWA","can14","2020","night_lights",673,0.240170901160441,0.049430934450488,-0.190739966709953,-79.4184332025025
"CAWA","can14","2020","night_lights",674,2.07964460482978e-19,2.18748811468737e-18,1.97952365420439e-18,NA
"CAWA","can14","2020","night_lights",675,0.280981380396347,0.288951654878814,0.00797027448246657,2.83658457055903
"CAWA","can14","2020","night_lights",676,0.350352697573032,0.32828512048483,-0.022067577088202,-6.29867480429543
"CAWA","can14","2020","night_lights",679,0.0534239818123505,0.0533826180416597,-4.13637706908609e-05,-0.0774254731445317
"CAWA","can14","2020","night_lights",691,0.632567906693877,0.265359674005644,-0.367208232688233,-58.0504051505633
"CAWA","can14","2020","night_lights",692,0.837687113947921,0.76844425972783,-0.0692428542200909,-8.26595671189896
"CAWA","can14","2020","night_lights",696,0.539466322544025,0.56969646994338,0.0302301473993551,5.60371354726932
"CAWA","can14","2020","night_lights",707,0.430390370795357,0.400681976100266,-0.0297083946950915,-6.90266249223715
"CAWA","can14","2020","night_lights",709,3.07295076270836,3.32620160305962,0.253250840351254,8.24129183664659
"CAWA","can14","2020","night_lights",710,0.600769144199108,0.492936225875693,-0.107832918323414,-17.9491439206931
"CAWA","can14","2020","night_lights",711,0.172301673482935,0.152316399374489,-0.0199852741084457,-11.5990017418056
"CAWA","can14","2020","night_lights",713,0.0660663022375209,0.0582458305790936,-0.00782047165842731,-11.8373079672466
"CAWA","can14","2020","night_lights",718,0.6048054324884,0.715913052587317,0.111107620098918,18.370803919829
"CAWA","can14","2020","night_lights",719,0.340982146502563,0.409607741319869,0.0686255948173059,20.1258615799083
"CAWA","can14","2020","night_lights",725,1.01462831685053,1.18502590903061,0.170397592180084,16.794089949018
"CAWA","can14","2020","night_lights",726,3.74773302220643,4.72109854491539,0.973365522708955,25.9721147942363
"CAWA","can14","2020","night_lights",737,2.08456441012439,2.49989412534889,0.415329715224499,19.9240528720201
"CAWA","can14","2020","night_lights",741,1.33377482944108,1.73755907008652,0.403784240645443,30.2737937268354
"CAWA","can14","2020","night_lights",744,0.0595530912916911,0.094690809362808,0.035137718071117,59.0023411194768
"CAWA","can14","2020","night_lights",748,0.60337453564987,0.643528827227038,0.040154291577168,6.65495296945527
"CAWA","can14","2020","night_lights",755,0.422414880438946,0.484987952034275,0.0625730715953288,14.8131788184893
"CAWA","can14","2020","night_lights",757,6.55479968693496e-19,6.55479968693496e-19,0,NA
"CAWA","can14","2020","night_lights",758,0.930401212790923,1.30067946897888,0.37027825618796,39.7976970684762
"CAWA","can14","2020","night_lights",759,0.00855739662520506,6.48354462617369e-07,-0.00855674827074245,-99.9924234613514
"CAWA","can14","2020","night_lights",760,0.557947595449677,0.669641438339061,0.111693842889384,20.0186977774077
"CAWA","can14","2020","night_lights",769,0.501280906602553,0.724061944384302,0.222781037781749,44.4423545456088
"CAWA","can14","2020","night_lights",770,0.00146582879859773,1.21567226463465e-07,-0.00146570723137127,-99.9917065876602
"CAWA","can14","2020","night_lights",775,0.491021818355481,0.492163351087979,0.0011415327324983,0.232481060886763
"CAWA","can14","2020","night_lights",777,0.605772007830784,0.909160811563606,0.303388803732823,50.0830014941151
"CAWA","can14","2020","night_lights",778,8.97085649141358,11.3410389936365,2.37018250222295,26.4209164921049
"CAWA","can14","2020","night_lights",789,2.00797602959212,2.07851225116609,0.0705362215739669,3.51280197245656
"CAWA","can14","2020","night_lights",790,0.150282174775688,0.257917002812115,0.107634828036427,71.6218195518416
"CAWA","can14","2020","night_lights",791,0.0452155930574811,0.0715408059504439,0.0263252128929627,58.2215362286553
"CAWA","can14","2020","night_lights",793,0.651514755731054,0.683794139490328,0.0322793837592741,4.95451307515728
"CAWA","can14","2020","night_lights",795,0.00207211477280761,0.000746582597960235,-0.00132553217484737,-63.9700171169257
"CAWA","can14","2020","night_lights",796,0.694647099060836,1.03286199535952,0.338214896298688,48.6887365909906
"CAWA","can14","2020","night_lights",797,0.00617947213856173,6.12214867699181e-07,-0.00617885992369403,-99.9900927643337
"CAWA","can14","2020","night_lights",798,0.767856505300122,0.789472403102449,0.0216158978023273,2.81509600467324
"CAWA","can14","2020","night_lights",802,1.33829633761549,1.41891123656294,0.0806148989474487,6.02369570039204
"CAWA","can14","2020","night_lights",803,0.000973768182030738,0.000973768182030738,0,0
"CAWA","can14","2020","night_lights",804,0.810238251352103,0.886206350338754,0.0759680989866514,9.37601981391004
"CAWA","can14","2020","night_lights",808,7.17118829251647e-21,9.71495362108978e-20,8.99783479183813e-20,NA
"CAWA","can14","2020","night_lights",814,0.321765595053271,0.502876515946829,0.181110920893558,56.2866023210386
"CAWA","can14","2020","night_lights",817,0.0943528723264951,0.186795572498324,0.0924427001718284,97.9755018500584
"CAWA","can14","2020","night_lights",818,1.06338317630719,1.44214454179938,0.378761365492188,35.6185215199203
"CAWA","can14","2020","night_lights",821,8.59472846239763,11.6527175052615,3.05798904286392,35.5798214712981
"CAWA","can14","2020","night_lights",823,0.356474382463949,0.431162360651686,0.0746879781877374,20.95185008008
"CAWA","can14","2020","night_lights",829,0.471526605138696,0.488281763624521,0.0167551584858248,3.55338559971528
"CAWA","can14","2020","night_lights",834,0.032221574218087,0.0359634297177681,0.00374185549968108,11.6128885396936
"CAWA","can14","2020","night_lights",835,0.290634273182155,0.309783019085076,0.0191487459029218,6.58860556714877
"CAWA","can14","2020","night_lights",842,0.341739920180368,0.365211626739441,0.0234717065590733,6.86829520726905
"CAWA","can14","2020","night_lights",843,0.645134611424625,0.00425441084620321,-0.640880200578422,-99.3405390486168
"CAWA","can14","2020","night_lights",846,0.00876035319080057,0.00489676396894447,-0.0038635892218561,-44.1031216174404
"CAWA","can14","2020","night_lights",848,0.00531208134706924,0.00120370902752596,-0.00410837231954329,-77.340162002789
"CAWA","can14","2020","night_lights",849,0.361700446012357,0.418826341555299,0.0571258955429417,15.7937033732577
"CAWA","can14","2020","night_lights",850,0.0095245108543065,0.00952518420076875,6.73346462254365e-07,0.00706961724916206
"CAWA","can14","2020","night_lights",852,0.00206993122804287,2.54036058223398e-07,-0.00206967719198464,-99.9877273189185
"CAWA","can14","2020","night_lights",855,0.0721373485408089,0.167963301295307,0.0958259527544982,132.838196430644
"CAWA","can14","2020","oil_gas",1,4.12488622723566,6.41159595041719,2.28670972318153,55.4369162495421
"CAWA","can14","2020","oil_gas",2,3.70223671911134,4.60785504003587,0.905618320924519,24.4613834725808
"CAWA","can14","2020","oil_gas",3,0.0381678553823859,0.0381479101709949,-1.9945211390926e-05,-0.0522565682328867
"CAWA","can14","2020","pasture",1,7.17118914738853e-21,7.17118914738853e-21,0,NA
"CAWA","can14","2020","pasture",2,2.50991620158598e-19,2.14053715169591e-18,1.88954553153731e-18,NA
"CAWA","can14","2020","pasture",3,1.9362210697949e-19,1.63327584529363e-18,1.43965373831414e-18,NA
"CAWA","can14","2020","pasture",4,3.58559457369426e-20,3.05791021670844e-19,2.69935075933901e-19,NA
"CAWA","can14","2020","pasture",5,1.14739026358216e-18,1.26646201700952e-17,1.15172299065131e-17,NA
"CAWA","can14","2020","pasture",6,2.50991620158598e-19,2.23051551034054e-18,1.97952389018194e-18,NA
"CAWA","can14","2020","pasture",7,8.82056265128789e-19,9.16006526043507e-18,8.27800899530629e-18,NA
"CAWA","can14","2020","pasture",8,1.14739026358216e-19,1.10450097144919e-18,9.8976194509097e-19,NA
"CAWA","can14","2020","pasture",9,0.340171126300158,0.399420329721041,0.059249203420883,17.4174698673876
"CAWA","can14","2020","pasture",10,0.239157826720339,0.275071680257085,0.0359138535367463,15.0168004239069
"CAWA","can14","2020","pasture",11,0.497278735931,0.600651415670348,0.103372679739347,20.7876734455203
"CAWA","can14","2020","pasture",12,0.447694529034005,0.598196766066808,0.150502237032803,33.6171713685094
"CAWA","can14","2020","pasture",13,0.618182980811391,0.649452266519455,0.0312692857080643,5.05825729252883
"CAWA","can14","2020","pasture",14,0.658933111494616,0.764293795906671,0.105360684412055,15.989587193922
"CAWA","can14","2020","pasture",15,0.605834495406936,0.869051612648833,0.263217117241898,43.4470336762676
"CAWA","can14","2020","pasture",16,0.527431910423358,0.664417442992522,0.136985532569164,25.9721738222492
"CAWA","can14","2020","pasture",17,0.23638413545813,0.20607308084756,-0.0303110546105698,-12.8227956380511
"CAWA","can14","2020","pasture",18,0.529353181618777,0.786299251894285,0.256946070275508,48.5396289656292
"CAWA","can14","2020","pasture",19,0.0940378439710654,0.126937777496957,0.0328999335258919,34.9858441416574
"CAWA","can14","2020","pasture",20,0.908623509957737,1.12424850995771,0.215624999999972,23.7309510085208
"CAWA","can14","2020","pasture",21,0.851231924290027,1.13607953424424,0.284847609954214,33.4629848606526
"CAWA","can14","2020","pasture",22,1.89471433937786,3.36347865969905,1.46876432032119,77.5190375559974
"CAWA","can14","2020","pasture",23,0.122739060904628,0.143150294171361,0.0204112332667324,16.6297779340128
"CAWA","can14","2020","pasture",24,4.44672412370932,5.98373883194746,1.53701470823813,34.5651015326761
"CAWA","can14","2020","pasture",25,0.0813337134396896,0.127385929795718,0.0460522163560284,56.6213128706793
"CAWA","can14","2020","pasture",26,0.101693005332167,0.157183325140664,0.0554903198084966,54.5665059531326
"CAWA","can14","2020","pasture",27,0.121342740462991,0.0448571928440292,-0.0764855476189616,-63.0326522436581
"CAWA","can14","2020","pasture",28,0.175672574874171,0.0890091238893396,-0.0866634509848309,-49.3323736200176
"CAWA","can14","2020","pasture",29,849.296400003322,1136.10081662008,286.804416616666,33.7696493963173
"CAWA","can14","2020","pasture",30,0.481536323459139,0.246489453659902,-0.235046869799236,-48.8118670074079
"CAWA","can14","2020","pasture",31,0.0506237363067208,0.0329677477326824,-0.0176559885740384,-34.876897404537
"CAWA","can14","2020","pasture",32,0.105323904607785,0.152659328301587,0.0473354236938024,44.9427163473236
"CAWA","can14","2020","pasture",33,0.102710462448999,0.0735915085940113,-0.0291189538549881,-28.3505235598049
"CAWA","can14","2020","pasture",34,0.118979499384865,0.170194423156451,0.051214923771586,43.045166634901
"CAWA","can14","2020","pasture",35,0.0572395958138412,0.0905055633086002,0.033265967494759,58.1170551989029
"CAWA","can14","2020","pasture",36,0.0890547052929128,0.2058330709486,0.116778365655687,131.131044981383
"CAWA","can14","2020","pasture",37,29.2493177846733,50.3406565668256,21.0913387821522,72.1088229729724
"CAWA","can14","2020","pasture",38,0.844823019962687,0.951601281217077,0.10677826125439,12.639127809172
"CAWA","can14","2020","pasture",39,0.113532614569362,0.134545717076898,0.0210131025075363,18.5084282496625
"CAWA","can14","2020","pasture",40,0.0397623700729987,0.0430568890029932,0.00329451892999449,8.28551950989383
"CAWA","can14","2020","pasture",41,1.06229195363816,1.20306510103572,0.140773147397553,13.2518322213992
"CAWA","can14","2020","pasture",46,0.401513258728543,0.4348392182205,0.0333259594919566,8.30008941609766
"CAWA","can14","2020","pasture",49,0.239750375099584,0.242786755999626,0.00303638090004199,1.26647597476366
"CAWA","can14","2020","pasture",52,0.0172813964412118,0.0197454514747957,0.00246405503358393,14.2584254806387
"CAWA","can14","2020","pasture",53,0.287304433115114,0.237208285450888,-0.0500961476642258,-17.4366079635652
"CAWA","can14","2020","pasture",57,1.08294850452196,1.18768333929774,0.104734834775776,9.67126639341066
"CAWA","can14","2020","pasture",60,24.7114631956549,25.0944993376752,0.383036142020312,1.55003424519056
"CAWA","can14","2020","pasture",62,0.0481673474388707,0.0673585509561694,0.0191912035172987,39.8427659767943
"CAWA","can14","2020","pasture",63,0.169619021620192,0.219281831480743,0.049662809860551,29.2790333219557
"CAWA","can14","2020","pasture",65,0.141484510366311,0.122023852874658,-0.0194606574916535,-13.7546205173052
"CAWA","can14","2020","pasture",67,0.397878260151667,0.699388090115907,0.30150982996424,75.7794180182924
"CAWA","can14","2020","pasture",68,7.86368646781032,11.9609397751039,4.0972533072936,52.1034672995362
"CAWA","can14","2020","pasture",70,0.375121479882929,0.451548810672451,0.0764273307895214,20.3740214538963
"CAWA","can14","2020","pasture",71,0.691097958172704,0.36137823610692,-0.329719722065785,-47.7095494447096
"CAWA","can14","2020","pasture",78,15.4837757143234,20.774650211877,5.29087449755367,34.1704413391839
"CAWA","can14","2020","pasture",79,7.49188230260092,9.93670361844621,2.44482131584529,32.6329381201909
"CAWA","can14","2020","pasture",80,0.29059227599054,0.275605182768807,-0.0149870932217328,-5.15743000072742
"CAWA","can14","2020","pasture",81,1.04758145583867,0.503120229591115,-0.544461226247555,-51.9731638254012
"CAWA","can14","2020","pasture",83,0.165286788223408,0.123411668058412,-0.0418751201649958,-25.3348259804018
"CAWA","can14","2020","pasture",85,0.326418572426482,0.421811437211497,0.0953928647850146,29.2240922677583
"CAWA","can14","2020","pasture",86,1.25435254412815,1.54617059205593,0.291818047927777,23.2644362459205
"CAWA","can14","2020","pasture",89,0.290287122568316,0.298892650077805,0.00860552750948945,2.96448820510949
"CAWA","can14","2020","pasture",91,0.127791511427539,0.235167058002314,0.107375546574774,84.0240054877657
"CAWA","can14","2020","pasture",97,0.379555115242593,0.422332720994676,0.0427776057520832,11.2704595549297
"CAWA","can14","2020","pasture",98,7.04879331603417,10.8928107513756,3.84401743534145,54.5344041596072
"CAWA","can14","2020","pasture",99,0.700789676382205,1.22911382837178,0.528324151989578,75.3898309000536
"CAWA","can14","2020","pasture",100,0.124760209496974,0.140955276393845,0.0161950668968708,12.9809551957057
"CAWA","can14","2020","pasture",101,8.60542595101976e-20,6.25924347020485e-19,5.39870087510288e-19,NA
"CAWA","can14","2020","pasture",102,0.468248915213644,0.762237599770663,0.293988684557019,62.7847016843346
"CAWA","can14","2020","pasture",106,0.598674108638219,0.906744310867219,0.308070202229,51.4587482210907
"CAWA","can14","2020","pasture",111,5.01983180476153e-20,4.10111709721141e-19,3.59913391673525e-19,NA
"CAWA","can14","2020","pasture",113,2.71199783346473,3.17927587395015,0.467278040485422,17.2300300066408
"CAWA","can14","2020","pasture",114,0.407320876057409,0.495687781222202,0.0883669051647926,21.694666381975
"CAWA","can14","2020","pasture",115,0.221338841127311,0.251890060236443,0.0305512191091328,13.8029181654386
"CAWA","can14","2020","pasture",117,3.25763068043311,3.93688947499266,0.679258794559547,20.8513137673801
"CAWA","can14","2020","pasture",119,1.69703101800725,2.06296645959731,0.365935441590063,21.56327360591
"CAWA","can14","2020","pasture",120,0.302705891652983,0.318579344390356,0.0158734527373721,5.24385324999525
"CAWA","can14","2020","pasture",122,1.01066317231815,0.997989024247647,-0.0126741480705059,-1.25404273329118
"CAWA","can14","2020","pasture",123,0.154719137039154,0.174445386032578,0.0197262489934237,12.7497149809151
"CAWA","can14","2020","pasture",125,1.73319738738718,0.476381799342085,-1.25681558804509,-72.5142789385208
"CAWA","can14","2020","pasture",132,0.284253581569843,0.245722737496251,-0.0385308440735925,-13.5550953697043
"CAWA","can14","2020","pasture",133,6.03529986605247,6.82706928459803,0.791769418545566,13.1189739717679
"CAWA","can14","2020","pasture",134,0.669866762576485,0.713177236331002,0.0433104737545165,6.46553556231584
"CAWA","can14","2020","pasture",138,0.164808490580356,0.16504843940826,0.000239948827904013,0.145592515931102
"CAWA","can14","2020","pasture",142,0.0760290112301054,0.135736803638669,0.0597077924085633,78.5329066398809
"CAWA","can14","2020","pasture",143,0.205035455742466,0.228725610608797,0.0236901548663305,11.554174755066
"CAWA","can14","2020","pasture",146,0.0886446172739573,0.108374308436848,0.0197296911628905,22.2570662152171
"CAWA","can14","2020","pasture",147,51.2765446683998,50.6268590020986,-0.649685666300998,-1.26702310091768
"CAWA","can14","2020","pasture",148,0.399623358904901,0.422176819366626,0.022553460461725,5.64367921923505
"CAWA","can14","2020","pasture",149,1.98072030089919,2.4223352579275,0.441614957028311,22.2956748021329
"CAWA","can14","2020","pasture",150,2.00964953350382,2.50377606116548,0.49412652766166,24.5876964825877
"CAWA","can14","2020","pasture",151,2.69323153935904,0.860281758366489,-1.83294978099255,-68.0576383502761
"CAWA","can14","2020","pasture",153,0.120046028026993,0.137802156541505,0.0177561285145124,14.7911003856953
"CAWA","can14","2020","pasture",154,0.139889360142401,0.208031561117704,0.0681422009753024,48.7114966470191
"CAWA","can14","2020","pasture",162,0.0986975964855994,0.119922741712366,0.0212251452267662,21.5052300993602
"CAWA","can14","2020","pasture",163,0.441655060830976,0.569420766697727,0.127765705866752,28.9288445209617
"CAWA","can14","2020","pasture",165,0.71858937848251,0.714534460493157,-0.00405491798935342,-0.564288606368834
"CAWA","can14","2020","pasture",166,0.324295803881117,0.359846625180035,0.0355508212989177,10.9624672516424
"CAWA","can14","2020","pasture",170,0.759389388007504,0.920236163186431,0.160846775178928,21.1810670150342
"CAWA","can14","2020","pasture",172,8.23060147467393,3.94724340846815,-4.28335806620578,-52.0418596306229
"CAWA","can14","2020","pasture",174,2.33374458405978,1.30076274655275,-1.03298183750703,-44.2628488379843
"CAWA","can14","2020","pasture",176,0.0344402439116503,0.0228456884880182,-0.0115945554236321,-33.6657180865956
"CAWA","can14","2020","pasture",177,5.68265331504645,11.1471575168026,5.46450420175617,96.1611398549921
"CAWA","can14","2020","pasture",178,0.0989277362713936,0.123050210300147,0.0241224740287538,24.3839341098207
"CAWA","can14","2020","pasture",179,9.29399734128597,11.0371263156168,1.74312897433079,18.7554279425864
"CAWA","can14","2020","pasture",180,0.42197378402378,0.547996496251392,0.126022712227613,29.8650572615931
"CAWA","can14","2020","pasture",181,0.115710001841769,0.176051719676551,0.0603417178347813,52.1490941788222
"CAWA","can14","2020","pasture",184,0.447539280499352,0.587818845847953,0.140279565348601,31.3446375460229
"CAWA","can14","2020","pasture",186,0.060831003424463,0.185434061541323,0.12460305811686,204.834789995838
"CAWA","can14","2020","pasture",187,0.310270223260134,0.254138509825946,-0.0561317134341879,-18.0912344228168
"CAWA","can14","2020","pasture",189,0.253379318621094,0.199228870024072,-0.0541504485970216,-21.3712977411542
"CAWA","can14","2020","pasture",192,0.0305636284866249,0.145619790445694,0.115056161959069,376.447979693967
"CAWA","can14","2020","pasture",194,6.85984323149946,6.75059790627907,-0.109245325220394,-1.59253384565342
"CAWA","can14","2020","pasture",195,0.059872677541431,0.0600876101047118,0.000214932563280757,0.358982714831864
"CAWA","can14","2020","pasture",197,3.67435973315925,4.02617402148341,0.351814288324154,9.57484606499484
"CAWA","can14","2020","pasture",198,0.508361805426761,0.57992210303434,0.0715602976075788,14.0766471524164
"CAWA","can14","2020","pasture",201,0.572905545060663,0.718277440470121,0.145371895409457,25.3744961386374
"CAWA","can14","2020","pasture",202,8.19860764189734,12.0253511094387,3.82674346754138,46.6755287566828
"CAWA","can14","2020","pasture",203,0.376390648571735,0.451426170158747,0.0750355215870123,19.9355435295071
"CAWA","can14","2020","pasture",204,1.46870016305442,0.823583199628017,-0.645116963426404,-43.9243475049917
"CAWA","can14","2020","pasture",207,0.219476163646967,0.269516489928863,0.0500403262818963,22.7998910908555
"CAWA","can14","2020","pasture",208,2.01059737502333e-18,1.44386941518327e-17,1.24280967768093e-17,NA
"CAWA","can14","2020","pasture",209,0.0478004937575972,0.0318370882658637,-0.0159634054917335,-33.39590083041
"CAWA","can14","2020","pasture",211,0.102810218095882,0.131478827522697,0.0286686094268151,27.8849806544313
"CAWA","can14","2020","pasture",216,0.00169130999079235,1.36041342437796e-07,-0.00169117394944992,-99.9919564513201
"CAWA","can14","2020","pasture",217,0.163022060040802,0.236951051835097,0.0739289917942945,45.3490722518112
"CAWA","can14","2020","pasture",220,0.00609556943243167,0.00831906981256014,0.00222350038012847,36.477320204053
"CAWA","can14","2020","pasture",221,0.367417169789572,0.17783412105727,-0.189583048732302,-51.5988539242411
"CAWA","can14","2020","pasture",222,1.33235626073985,1.42408234518713,0.0917260844472831,6.88450132672086
"CAWA","can14","2020","pasture",223,0.237261575747665,0.250826916021762,0.0135653402740963,5.71746193261542
"CAWA","can14","2020","pasture",225,0.181796835558452,0.23104238297813,0.0492455474196779,27.0882313591451
"CAWA","can14","2020","pasture",228,0.309912546852225,0.085654017739097,-0.224258529113127,-72.3618747904584
"CAWA","can14","2020","pasture",229,1.12756239155662,1.25229675404893,0.124734362492317,11.0623024877692
"CAWA","can14","2020","pasture",231,1.05298900450359,1.14282700311897,0.0898379986153721,8.53171288884674
"CAWA","can14","2020","pasture",232,0.185219745267515,0.30119213988794,0.115972394620426,62.6134079025568
"CAWA","can14","2020","pasture",233,0.443236131198752,0.566625917408871,0.123389786210119,27.8383862516817
"CAWA","can14","2020","pasture",237,0.234555542512056,0.12621111826861,-0.108344424243446,-46.1913724498229
"CAWA","can14","2020","pasture",239,0.371835295841752,0.34628731009949,-0.0255479857422626,-6.87078016206817
"CAWA","can14","2020","pasture",243,0.0111198913259774,0.0104770511886518,-0.000642840137325549,-5.78099298348176
"CAWA","can14","2020","pasture",244,0.690917943895232,0.64295204718923,-0.0479658967060016,-6.94234346202984
"CAWA","can14","2020","pasture",246,0.0799333683162951,0.092112011621706,0.012178643305411,15.2359941310371
"CAWA","can14","2020","pasture",250,0.130450920288577,0.206906434569547,0.0764555142809702,58.6086430910867
"CAWA","can14","2020","pasture",254,0.55080053536904,0.563723588799854,0.0129230534308131,2.34623109473824
"CAWA","can14","2020","pasture",256,0.127713970646399,0.103642982010628,-0.0240709886357713,-18.8475767482138
"CAWA","can14","2020","pasture",257,6.02436079024683,7.30774404310874,1.2833832528619,21.3032269737172
"CAWA","can14","2020","pasture",262,0.167219320509765,0.193273622744758,0.0260543022349928,15.5809162216224
"CAWA","can14","2020","pasture",263,0.533628496260633,0.585406146753468,0.0517776504928346,9.70293956482142
"CAWA","can14","2020","pasture",266,1.46001844261483,1.52539055771172,0.0653721150968999,4.47748557064947
"CAWA","can14","2020","pasture",267,8.08051387732686,7.97298559790978,-0.107528279417079,-1.33071090588425
"CAWA","can14","2020","pasture",269,0.242840157123829,0.308192838305615,0.0653526811817853,26.9118097911873
"CAWA","can14","2020","pasture",270,2.29478025360527e-19,2.02904498372815e-18,1.79956695836763e-18,NA
"CAWA","can14","2020","pasture",271,23.7774813942657,7.22410456442745,-16.5533768298382,-69.6178731269256
"CAWA","can14","2020","pasture",273,132.871311586337,215.628687462528,82.7573758761901,62.2838556255361
"CAWA","can14","2020","pasture",275,251.026699900789,373.066988065386,122.040288164597,48.6164572186267
"CAWA","can14","2020","pasture",277,0.183887181559254,0.22214556822215,0.038258386662896,20.8053581214784
"CAWA","can14","2020","pasture",279,0.00921999864790422,0.0118105167385534,0.00259051809064913,28.0967296154428
"CAWA","can14","2020","pasture",280,0.52195625838929,0.440431987052618,-0.0815242713366719,-15.6189853127249
"CAWA","can14","2020","pasture",281,0.30681298004104,0.310026874812578,0.00321389477153788,1.04750938865363
"CAWA","can14","2020","pasture",282,0.0137919767723579,0.0137938310362671,1.85426390919563e-06,0.0134445115432037
"CAWA","can14","2020","pasture",283,0.104724524742182,0.127118387085798,0.0223938623436168,21.3835893729264
"CAWA","can14","2020","pasture",285,0.259517375989479,0.275384485486527,0.0158671094970478,6.11408366647909
"CAWA","can14","2020","pasture",290,2.9619644965018,3.17777179578685,0.215807299285054,7.28595158854644
"CAWA","can14","2020","pasture",291,0.385167568832909,0.510133820484688,0.124966251651778,32.4446453346103
"CAWA","can14","2020","pasture",292,1.34911837620779,1.39070878367124,0.0415904074634526,3.08278414977625
"CAWA","can14","2020","pasture",299,0.0935356277438516,0.0914275633981155,-0.00210806434573609,-2.25375549037747
"CAWA","can14","2020","pasture",302,0.379867296543894,0.38344315555144,0.00357585900754609,0.941344264189085
"CAWA","can14","2020","pasture",305,0.17794219109209,0.276938085764821,0.0989958946727309,55.6337392864281
"CAWA","can14","2020","pasture",306,0.543112105724091,0.799024945637525,0.255912839913435,47.1197082915774
"CAWA","can14","2020","pasture",309,0.822432885704669,1.15126141634232,0.32882853063765,39.9824151433228
"CAWA","can14","2020","pasture",310,0.149675421859456,0.149610761972621,-6.46598868345727e-05,-0.0432000698787326
"CAWA","can14","2020","pasture",311,0.112916956059724,0.112280194755252,-0.000636761304471878,-0.563920005189552
"CAWA","can14","2020","pasture",312,0.0989744681922553,0.143932522526075,0.0449580543338197,45.4238907821054
"CAWA","can14","2020","pasture",317,18.0399435236267,29.787787660488,11.7478441368614,65.1212911031309
"CAWA","can14","2020","pasture",318,0.918801404367772,0.870165476709067,-0.0486359276587046,-5.29341024376982
"CAWA","can14","2020","pasture",319,0.0111480907358837,0.0111536488709968,5.55813511304791e-06,0.0498572826928763
"CAWA","can14","2020","pasture",321,0.448971236585394,0.521426404107052,0.072455167521658,16.1380421767569
"CAWA","can14","2020","pasture",330,0.100451196612088,0.155315490105308,0.0548642934932198,54.6178595612845
"CAWA","can14","2020","pasture",335,0.124518882368529,0.0278469354612119,-0.0966719469073176,-77.6363753580799
"CAWA","can14","2020","pasture",337,0.0557446716408676,0.113323042649806,0.0575783710089387,103.289461241936
"CAWA","can14","2020","pasture",340,0.159878426132066,0.390637751673202,0.230759325541136,144.334248918938
"CAWA","can14","2020","pasture",341,0.187084555244486,0.295398772399023,0.108314217154537,57.8958626557865
"CAWA","can14","2020","pasture",343,0.344497312127539,0.358862899060644,0.0143655869331056,4.17001422867046
"CAWA","can14","2020","pasture",344,0.0274088955717274,0.0401455884947446,0.0127366929230172,46.469194242745
"CAWA","can14","2020","pasture",345,1.33273367926454,1.52328425455901,0.190550575294472,14.2977234130997
"CAWA","can14","2020","pasture",348,0.0305444019095646,0.0305444019095646,0,0
"CAWA","can14","2020","pasture",351,0.472283218898322,0.266825041938351,-0.205458176959971,-43.5031711351582
"CAWA","can14","2020","pasture",354,0.643556338851848,0.768194227466805,0.124637888614956,19.3670516612919
"CAWA","can14","2020","pasture",356,0.380639621210808,0.422240818050146,0.0416011968393381,10.9292870529361
"CAWA","can14","2020","pasture",357,0.104599092310329,0.118185647188939,0.0135865548786104,12.9891709177564
"CAWA","can14","2020","pasture",369,0.0887163523045063,0.112125576642534,0.0234092243380277,26.3865947257152
"CAWA","can14","2020","pasture",372,1.64887062289388,1.91256187336845,0.263691250474568,15.9922341276098
"CAWA","can14","2020","pasture",374,0.178270337596336,0.213094555612914,0.0348242180165788,19.5344993935181
"CAWA","can14","2020","pasture",378,0.352412680366658,0.37207594071647,0.0196632603498115,5.57961204158527
"CAWA","can14","2020","pasture",379,0.561243487887478,0.865719334512116,0.304475846624638,54.2502235118462
"CAWA","can14","2020","pasture",380,0.11309454676536,0.177379666002251,0.0642851192368911,56.8419265787105
"CAWA","can14","2020","pasture",381,0.419843927230696,0.506417621359506,0.0865736941288101,20.6204469122259
"CAWA","can14","2020","pasture",382,0.00810119799418274,3.69492018117054e-07,-0.00810082850216462,-99.9954390447143
"CAWA","can14","2020","pasture",383,0.0287920196364928,0.0972916782538089,0.0684996586173161,237.911961307832
"CAWA","can14","2020","pasture",387,0.119957006595539,0.155676905792123,0.0357198991965841,29.7772512088614
"CAWA","can14","2020","pasture",388,0.261174139356824,9.47311877912009e-06,-0.261164666238045,-99.9963728725966
"CAWA","can14","2020","pasture",389,0.173456166505016,0.198903004060244,0.0254468375552279,14.6704715479181
"CAWA","can14","2020","pasture",393,0.257907515414346,0.3013683232947,0.0434608078803533,16.8513150190798
"CAWA","can14","2020","pasture",397,0.110996109819969,0.060169470776088,-0.0508266390438805,-45.7913697392813
"CAWA","can14","2020","pasture",398,0.383755619974905,0.441905600662986,0.0581499806880807,15.1528675181052
"CAWA","can14","2020","pasture",401,0.246022142909904,0.219000544488597,-0.0270215984213074,-10.9834009661492
"CAWA","can14","2020","pasture",402,1.65467459453271e-20,1.098817586719e-20,-5.55857007813711e-21,NA
"CAWA","can14","2020","pasture",405,0.738666922877251,0.675623764246369,-0.0630431586308822,-8.53472068105024
"CAWA","can14","2020","pasture",408,0.18461438817149,0.228547552379061,0.0439331642075712,23.7972590558658
"CAWA","can14","2020","pasture",412,0.642743745392523,0.452270148606064,-0.19047359678646,-29.6344535675159
"CAWA","can14","2020","pasture",413,2.49643107337787,2.59125555776225,0.0948244843843814,3.79840186238654
"CAWA","can14","2020","pasture",415,0.137632546807527,0.190201910247567,0.0525693634400408,38.1954447980657
"CAWA","can14","2020","pasture",418,0.141208546375278,0.0974207470189942,-0.0437877993562835,-31.0093124533075
"CAWA","can14","2020","pasture",419,0.172950926621568,0.17949732106826,0.00654639444669203,3.78511672332126
"CAWA","can14","2020","pasture",425,1.66920020925681,2.1219919564618,0.452791747204988,27.1262694968501
"CAWA","can14","2020","pasture",426,0.164340606058734,0.262001461916161,0.0976608558574275,59.4258827441128
"CAWA","can14","2020","pasture",427,5.37839121938735e-19,4.76682147410266e-18,4.22898235216392e-18,NA
"CAWA","can14","2020","pasture",436,0.22511796508475,0.244052512306842,0.0189345472220923,8.41094455298761
"CAWA","can14","2020","pasture",439,0.967187197785593,1.28379282772194,0.316605629936343,32.7346795595747
"CAWA","can14","2020","pasture",440,0.235213842442938,0.10837418340328,-0.126839659039658,-53.9252527497097
"CAWA","can14","2020","pasture",443,0.233330237305517,0.305431244229484,0.0721010069239668,30.90084155255
"CAWA","can14","2020","pasture",445,0.61332620635366,0.758102619192844,0.144776412839184,23.605124212759
"CAWA","can14","2020","pasture",446,0.335024246728222,0.157930145655563,-0.177094101072659,-52.8600848452383
"CAWA","can14","2020","pasture",447,3.87024881986437,4.49890695286882,0.628658133004454,16.2433518428535
"CAWA","can14","2020","pasture",448,98.2070847076626,25.9470097874756,-72.2600749201871,-73.5792892491279
"CAWA","can14","2020","pasture",453,3.6573060291834e-19,2.88512434463302e-18,2.51939374171468e-18,NA
"CAWA","can14","2020","pasture",455,116.062477523975,239.554304808994,123.49182728502,106.401164200127
"CAWA","can14","2020","pasture",456,0.0142517021231445,1.61691737513602e-06,-0.0142500852057694,-99.9886545665832
"CAWA","can14","2020","pasture",458,1.15488983083287,1.89465195736484,0.739762126531969,64.054778800717
"CAWA","can14","2020","pasture",461,0.159623427591635,0.178553601321353,0.0189301737297178,11.8592702934227
"CAWA","can14","2020","pasture",463,0.211454388870351,0.180006905573073,-0.0314474832972784,-14.8719936555962
"CAWA","can14","2020","pasture",466,0.0106379228315445,4.33151307775451e-05,-0.010594607700767,-99.5928234161551
"CAWA","can14","2020","pasture",467,0.138097024549952,0.144816347034143,0.00671932248419049,4.86565333763581
"CAWA","can14","2020","pasture",468,1.820396241296,2.04566114724949,0.225264905953494,12.3744985208891
"CAWA","can14","2020","pasture",470,0.209511740554571,0.252099048165604,0.0425873076110336,20.3269313205581
"CAWA","can14","2020","pasture",471,0.215900943526935,0.276900626618697,0.0609996830917615,28.2535509550245
"CAWA","can14","2020","pasture",475,0.834919849167979,0.938121110348913,0.103201261180934,12.3606189604639
"CAWA","can14","2020","pasture",476,0.230133226486973,0.254460427642585,0.0243272011556122,10.5709208213744
"CAWA","can14","2020","pasture",479,0.586048056410973,0.586212189034931,0.000164132623958313,0.0280066834388088
"CAWA","can14","2020","pasture",481,3.97880102271635,4.16218849623558,0.183387473519236,4.60911396353357
"CAWA","can14","2020","pasture",484,2.10619631556987e-18,2.49036983795026e-20,-2.08129261719036e-18,NA
"CAWA","can14","2020","pasture",485,0.204731422119623,0.189173337670542,-0.015558084449081,-7.59926555875265
"CAWA","can14","2020","pasture",488,7.03106997026255e-19,4.95956085833353e-21,-6.98147436167921e-19,NA
"CAWA","can14","2020","pasture",489,0.34700719756141,0.281778006071891,-0.0652291914895182,-18.7976479876832
"CAWA","can14","2020","pasture",490,0.331052264314167,0.302462552809695,-0.0285897115044718,-8.63601146595398
"CAWA","can14","2020","pasture",491,1.22726485620937,0.0854309160722919,-1.14183394013708,-93.0389177494937
"CAWA","can14","2020","pasture",494,1.57766142435362e-19,1.4174630132927e-18,1.25969687085734e-18,NA
"CAWA","can14","2020","pasture",498,0.871148093616458,0.915147943680936,0.0439998500644778,5.05078876793705
"CAWA","can14","2020","pasture",500,1.31977093206838,0.549677347046858,-0.770093585021518,-58.350549046766
"CAWA","can14","2020","pasture",503,7.00210914345413,7.94782920427973,0.945720060825607,13.5062170761749
"CAWA","can14","2020","pasture",510,0.309706645950032,0.340813542597325,0.0311068966472932,10.0439874487911
"CAWA","can14","2020","pasture",511,0.378265351293462,0.593806530369097,0.215541179075635,56.9814756595076
"CAWA","can14","2020","pasture",512,0.375005681069689,0.433551341745682,0.0585456606759929,15.6119396668855
"CAWA","can14","2020","pasture",516,1.50000427803158,1.59533177652134,0.0953274984897546,6.35514844096647
"CAWA","can14","2020","pasture",520,0.611805139688848,0.233968195075448,-0.3778369446134,-61.7577264561001
"CAWA","can14","2020","pasture",526,0.333462651228922,0.221651711769194,-0.111810939459727,-33.5302736446395
"CAWA","can14","2020","pasture",527,0.315815621846151,0.189581831904016,-0.126233789942135,-39.9707238053061
"CAWA","can14","2020","pasture",535,0.255070768247489,0.271371917991693,0.0163011497442045,6.39083414230669
"CAWA","can14","2020","pasture",537,0.0565285598591975,0.0337465737742295,-0.0227819860849679,-40.3017273776544
"CAWA","can14","2020","pasture",539,0.731299248721975,0.397588367337879,-0.333710881384096,-45.6326027911682
"CAWA","can14","2020","pasture",541,1.28506423572948,1.62321335804994,0.338149122320463,26.3137913980238
"CAWA","can14","2020","pasture",551,0.140497691883793,0.118690831193014,-0.0218068606907795,-15.5211522683349
"CAWA","can14","2020","pasture",553,1.2472005531036,0.568979208190012,-0.678221344913585,-54.3794935967487
"CAWA","can14","2020","pasture",555,0.213364184304902,0.205574392285699,-0.00778979201920244,-3.65093703265149
"CAWA","can14","2020","pasture",556,0.00703028468380529,0.00703028468380529,0,0
"CAWA","can14","2020","pasture",558,0.0456892396739328,0.040337634728892,-0.00535160494504083,-11.7130531898391
"CAWA","can14","2020","pasture",562,0.93299523579892,1.3079978062501,0.375002570451177,40.1934067894853
"CAWA","can14","2020","pasture",564,0.128011842404054,0.149937545485792,0.0219257030817372,17.1278708828605
"CAWA","can14","2020","pasture",565,0.271229168541695,0.279972347905248,0.00874317936355218,3.22353949265899
"CAWA","can14","2020","pasture",566,0.0219682892186754,0.0240971564811699,0.0021288672624945,9.69063745157152
"CAWA","can14","2020","pasture",569,1.72526416188814,2.37974579074379,0.654481628855643,37.9351547034613
"CAWA","can14","2020","pasture",571,0.570219863172946,0.649430842493991,0.079210979321045,13.8913048171071
"CAWA","can14","2020","pasture",578,0.125141194606388,0.228373350291825,0.103232155685437,82.492544529512
"CAWA","can14","2020","pasture",579,0.268589839114791,0.13381760649762,-0.134772232617171,-50.1777107657342
"CAWA","can14","2020","pasture",580,0.267857667857136,0.303188382111766,0.0353307142546302,13.1901074691183
"CAWA","can14","2020","pasture",581,0.366626423582897,0.409682195929724,0.0430557723468269,11.7437722917131
"CAWA","can14","2020","pasture",584,0.910474564528193,1.04451583800273,0.134041273474536,14.7221326873635
"CAWA","can14","2020","pasture",587,0.95920667569791,0.991491375324998,0.0322846996270876,3.36577094853906
"CAWA","can14","2020","pasture",591,2.86847531700659e-19,2.71626292549695e-18,2.42941539379629e-18,NA
"CAWA","can14","2020","pasture",594,0.399640968356341,0.371439236298596,-0.0282017320577443,-7.05676702109235
"CAWA","can14","2020","pasture",595,7.20827288268921,8.0627093157538,0.854436433064581,11.8535528131367
"CAWA","can14","2020","pasture",596,0.0547070903773561,0.0727115559123713,0.0180044655350151,32.9106618736708
"CAWA","can14","2020","pasture",607,0.142208561867539,0.198858404868841,0.0566498430013023,39.835747058654
"CAWA","can14","2020","pasture",611,1.33383215019781,1.50129524377311,0.167463093575296,12.5550350207454
"CAWA","can14","2020","pasture",613,0.305410412398685,0.332911452127576,0.0275010397288906,9.00461759404278
"CAWA","can14","2020","pasture",614,0.689347481084371,0.821311587824986,0.131964106740615,19.1433363233634
"CAWA","can14","2020","pasture",615,1.21321959130108,1.50543970064133,0.292220109340252,24.0863328811621
"CAWA","can14","2020","pasture",617,0.0458160863196206,0.165286154923831,0.11947006860421,260.760091490066
"CAWA","can14","2020","pasture",618,0.268609651500424,0.271848120158204,0.00323846865777999,1.20564121195581
"CAWA","can14","2020","pasture",621,0.218597727773243,0.237359917858779,0.0187621900855363,8.58297580521914
"CAWA","can14","2020","pasture",622,0.110361988077861,0.218813469656131,0.10845148157827,98.2688727043928
"CAWA","can14","2020","pasture",624,0.59197900753455,0.78126198240043,0.18928297486588,31.9746093116035
"CAWA","can14","2020","pasture",626,1.54923679391548,1.97380262421438,0.424565830298905,27.4048377863448
"CAWA","can14","2020","pasture",627,0.575209048465076,0.670628159792275,0.0954191113271989,16.5885970642884
"CAWA","can14","2020","pasture",629,0.18636042490823,0.244412505863578,0.0580520809553481,31.1504338884905
"CAWA","can14","2020","pasture",630,0.207346791979987,0.351738561007715,0.144391769027728,69.6378119231595
"CAWA","can14","2020","pasture",631,0.140512085479332,0.220541538380012,0.0800294529006806,56.9555655142933
"CAWA","can14","2020","pasture",632,0.376067489301659,0.361073475938444,-0.0149940133632152,-3.98705386393767
"CAWA","can14","2020","pasture",633,0.627982464754191,0.626376817495201,-0.00160564725898982,-0.255683454412746
"CAWA","can14","2020","pasture",634,0.338264507142384,0.430198785100388,0.0919342779580039,27.1782217811301
"CAWA","can14","2020","pasture",635,0.221950026442092,0.289364812072411,0.0674147856303197,30.3738578953982
"CAWA","can14","2020","pasture",636,0.506959152102698,0.627837537871234,0.120878385768536,23.8438117286516
"CAWA","can14","2020","pasture",637,0.241466405543561,0.262060063547481,0.0205936580039205,8.52858100801332
"CAWA","can14","2020","pasture",638,0.590781792290604,0.659983334090275,0.0692015417996705,11.7135535831867
"CAWA","can14","2020","pasture",641,0.250326482695839,0.246586984665476,-0.00373949803036333,-1.49384834959992
"CAWA","can14","2020","pasture",643,0.367004817751981,0.408020871858821,0.0410160541068397,11.1758898311134
"CAWA","can14","2020","pasture",644,0.12078077008929,0.145699990865566,0.0249192207762761,20.6317783516812
"CAWA","can14","2020","pasture",645,0.0652144194676512,0.108807567769746,0.0435931483020952,66.8458734401815
"CAWA","can14","2020","pasture",646,1.42207604840119,1.99695138896728,0.574875340566087,40.425077211054
"CAWA","can14","2020","pasture",647,0.115377882779661,0.155569120998048,0.0401912382183875,34.8344390190809
"CAWA","can14","2020","pasture",649,0.155662247700879,0.349717966086837,0.194055718385958,124.664599960587
"CAWA","can14","2020","pasture",650,0.301103906355667,0.348405247356339,0.0473013410006728,15.7093083159141
"CAWA","can14","2020","pasture",653,0.0558335482516092,0.088458921265056,0.0326253730134468,58.4332789784796
"CAWA","can14","2020","pasture",654,0.90097643432657,0.989823129113713,0.0888466947871434,9.86115634129225
"CAWA","can14","2020","pasture",655,0.690854065853978,1.29468749571575,0.603833429861771,87.4039047762368
"CAWA","can14","2020","pasture",659,0.261826809068638,0.308857361414641,0.0470305523460038,17.9624663010253
"CAWA","can14","2020","pasture",660,0.0428536685674245,0.106102502200144,0.0632488336327192,147.592576661682
"CAWA","can14","2020","pasture",661,0.202363293436347,0.0544707000691813,-0.147892593367166,-73.0827171547715
"CAWA","can14","2020","pasture",662,22.0068286801634,25.1815397855908,3.17471110542739,14.4260272643874
"CAWA","can14","2020","pasture",663,0.222105291940646,0.29546468840763,0.0733593964669836,33.0291078731198
"CAWA","can14","2020","pasture",665,4.02896844234627,5.02785600460695,0.998887562260671,24.7926380301695
"CAWA","can14","2020","pasture",666,0.297855156358647,0.419712297310554,0.121857140951907,40.9115431949006
"CAWA","can14","2020","pasture",667,0.20462423057824,0.30911866920211,0.10449443862387,51.0665028909737
"CAWA","can14","2020","pasture",668,0.924309947467309,1.00057202132374,0.07626207385643,8.25070357247532
"CAWA","can14","2020","pasture",672,0.120502964847835,0.111728253684597,-0.00877471116323758,-7.28173881391039
"CAWA","can14","2020","pasture",673,0.320243394908886,0.36218794908386,0.0419445541749737,13.0977109416753
"CAWA","can14","2020","pasture",677,0.230044449062121,0.2633335973323,0.0332891482701789,14.4707461561872
"CAWA","can14","2020","pasture",679,0.519964191751721,0.604788266344565,0.0848240745928446,16.3134454138233
"CAWA","can14","2020","pasture",680,4.30244280507099,5.49839623820353,1.19595343313254,27.7970791784368
"CAWA","can14","2020","pasture",682,0.402685496612615,0.536475837236874,0.133790340624258,33.2245242874901
"CAWA","can14","2020","pasture",683,0.900801144454177,1.29350250931902,0.392701364864847,43.5946787237705
"CAWA","can14","2020","pasture",684,0.335146944687125,0.356289950027402,0.0211430053402774,6.30857767777514
"CAWA","can14","2020","pasture",686,0.370478984214253,0.564944686311001,0.194465702096748,52.4903463847455
"CAWA","can14","2020","pasture",687,6.45406946326482e-20,4.24454086306173e-19,3.59913391673525e-19,NA
"CAWA","can14","2020","pasture",688,0.0849407171990944,0.140470897723739,0.0555301805246451,65.3752197482471
"CAWA","can14","2020","pasture",689,0.234461722926488,0.213291379533578,-0.0211703433929095,-9.02933883137383
"CAWA","can14","2020","pasture",690,0.793509644649545,1.21643814501546,0.422928500365919,53.298470058635
"CAWA","can14","2020","pasture",692,2.7714781750157,3.66339819761403,0.891920022598331,32.1821052259695
"CAWA","can14","2020","pasture",694,0.304058108253658,0.315112222920219,0.0110541146665611,3.63552701490182
"CAWA","can14","2020","pasture",695,26.4206055309233,42.0394357673695,15.6188302364461,59.1160948910329
"CAWA","can14","2020","pasture",697,0.284637645167128,0.353124031424131,0.068486386257003,24.0609024912325
"CAWA","can14","2020","pasture",698,0.0133477376080392,0.0133631146805679,1.53770725287439e-05,0.115203587156841
"CAWA","can14","2020","pasture",702,0.153899676257236,0.236477608613082,0.082577932355846,53.6569889970533
"CAWA","can14","2020","pasture",708,6.55479968693496e-19,6.55479968693496e-19,0,NA
"CAWA","can14","2020","pasture",710,0.301290208190119,0.416070371652921,0.114780163462802,38.0962143284702
"CAWA","can14","2020","pasture",711,0.251446580100294,0.19847245906796,-0.0529741210323341,-21.0677436977685
"CAWA","can14","2020","pasture",712,0.130075716366113,0.197612170021093,0.0675364536549793,51.9208777331581
"CAWA","can14","2020","pasture",713,0.159475705342972,0.304029905002044,0.144554199659073,90.6433988476122
"CAWA","can14","2020","pasture",714,0.00742104460921149,5.06079597583743e-07,-0.0074205385296139,-99.99318048032
"CAWA","can14","2020","pasture",717,0.00101218071177346,1.23327227238419e-07,-0.00101205738454622,-99.9878156908343
"CAWA","can14","2020","pasture",718,0.122390726579374,0.172650454843185,0.050259728263811,41.0649807125837
"CAWA","can14","2020","pasture",720,0.417114305106212,0.479876396104999,0.0627620909987869,15.0467366451998
"CAWA","can14","2020","pasture",721,0.0336310550703858,0.101185976392963,0.0675549213225772,200.870657138745
"CAWA","can14","2020","pasture",725,0.359849961587757,0.212235835721424,-0.147614125866333,-41.0210203205299
"CAWA","can14","2020","pasture",730,0.00146582879859773,1.21567226463465e-07,-0.00146570723137127,-99.9917065876602
"CAWA","can14","2020","pasture",733,9.32254478027141e-20,9.03030579068146e-19,8.09805131265432e-19,NA
"CAWA","can14","2020","pasture",734,6.45406946326482e-20,4.24454086306173e-19,3.59913391673525e-19,NA
"CAWA","can14","2020","pasture",735,0.00862188200540981,0.0123776223072831,0.00375574030187331,43.5605625258704
"CAWA","can14","2020","pasture",736,5.5720790538961,7.56879146074865,1.99671240685255,35.8342440503678
"CAWA","can14","2020","pasture",737,0.128116905174101,0.277753610659715,0.149636705485614,116.797002926561
"CAWA","can14","2020","pasture",739,0.0376590848537939,0.049022596166162,0.0113635113123681,30.1746878780655
"CAWA","can14","2020","pasture",741,0.0552723893427554,0.0345274736837772,-0.0207449156589781,-37.532149244236
"CAWA","can14","2020","pasture",746,5.73695063401318e-20,4.17282898013657e-19,3.59913391673525e-19,NA
"CAWA","can14","2020","pasture",748,2.0765087803631,2.14354551874212,0.0670367383790187,3.22833878734174
"CAWA","can14","2020","pasture",759,0.813508457864762,0.867878916920521,0.0543704590557598,6.68345344539717
"CAWA","can14","2020","pasture",760,0.363044949163879,0.439680512842961,0.0766355636790823,21.1091116556173
"CAWA","can14","2020","pasture",761,0.739132327230489,0.730153678841234,-0.00897864838925511,-1.21475520126388
"CAWA","can14","2020","pasture",764,0.391137299020001,0.58488103290483,0.193743733884829,49.533433495158
"CAWA","can14","2020","pasture",767,1.04502941251496,1.02359005626197,-0.0214393562529924,-2.05155529559657
"CAWA","can14","2020","pasture",769,1.75172856465311,2.58798350280645,0.836254938153346,47.7388423656235
"CAWA","can14","2020","pasture",777,0.246129675781132,0.315443614619137,0.0693139388380041,28.1615528960598
"CAWA","can14","2020","pasture",780,0.0797304802029333,0.0910374818680627,0.0113070016651294,14.1815296187234
"CAWA","can14","2020","pasture",781,0.0630527531842222,0.0917878693403017,0.0287351161560795,45.5731347243849
"CAWA","can14","2020","pasture",785,0.137271992128739,0.248426997471538,0.111155005342799,80.9742785975987
"CAWA","can14","2020","pasture",788,0.0683221400116499,0.126758070360014,0.0584359303483639,85.530005849348
"CAWA","can14","2020","pasture",794,0.15755913043101,0.0321822130380527,-0.125376917392957,-79.5745172304412
"CAWA","can14","2020","pasture",795,0.211636076931119,0.205309296807965,-0.00632678012315435,-2.9894620118164
"CAWA","can14","2020","pasture",797,0.100471031927376,0.108844542220504,0.00837351029312872,8.33425329918122
"CAWA","can14","2020","pasture",798,0.211235656509607,0.236314750038862,0.0250790935292546,11.8725663761762
"CAWA","can14","2020","pasture",800,0.254850802353388,0.034412964935109,-0.220437837418279,-86.4968190732276
"CAWA","can14","2020","pasture",811,0.0272008138197556,0.0506511642132328,0.0234503503934772,86.2119440575176
"CAWA","can14","2020","pasture",812,0.0179169816772884,0.0179172405850259,2.58907737471773e-07,0.00144504103500851
"CAWA","can14","2020","pasture",813,0.438948278315029,0.0368055179441452,-0.402142760370884,-91.6150672499665
"CAWA","can14","2020","pasture",814,0.00980392414117746,7.27774410550007e-07,-0.00980319636676692,-99.9925767029603
"CAWA","can14","2020","pasture",815,0.139560793934848,0.0255014216443322,-0.114059372290516,-81.7273741963397
"CAWA","can14","2020","pasture",817,0.113516067238668,0.175983509586792,0.0624674423481238,55.0296040619392
"CAWA","can14","2020","pasture",818,0.0373192297579526,0.103823826525672,0.0665045967677199,178.204633908737
"CAWA","can14","2020","pasture",819,0.0547638794214671,0.0992652737701791,0.044501394348712,81.2604855953059
"CAWA","can14","2020","pasture",821,0.00206993122804287,2.54036058223398e-07,-0.00206967719198464,-99.9877273189185
"CAWA","can14","2020","pasture",822,0.00650782331830344,3.42386743231699e-05,-0.00647358464398027,-99.473884390394
"CAWA","can14","2020","population_density",1,8.03173088761845e-19,1.08807480556206e-17,1.00775749668587e-17,NA
"CAWA","can14","2020","population_density",3,1.06850705558495e-18,1.44752808954238e-17,1.34067738398388e-17,NA
"CAWA","can14","2020","population_density",4,1.50594954142846e-19,2.04014026042885e-18,1.88954530628601e-18,NA
"CAWA","can14","2020","population_density",5,29.5870761784978,0.528164719428701,-29.0589114590691,-98.2148803205753
"CAWA","can14","2020","population_density",7,0.352445664833335,0.0347787763977708,-0.317666888435564,-90.1321594027218
"CAWA","can14","2020","population_density",12,14.5424881204171,0.316948410881566,-14.2255397095355,-97.8205351913846
"CAWA","can14","2020","population_density",16,9.32254589160509e-20,1.26294412129629e-18,1.16971866238024e-18,NA
"CAWA","can14","2020","population_density",17,3.59276576284162e-18,4.86719234438035e-17,4.50791576809617e-17,NA
"CAWA","can14","2020","population_density",19,7.17118914738853e-21,9.71495477920222e-20,8.99783586446337e-20,NA
"CAWA","can14","2020","population_density",20,1.69957182793107e-18,2.01451353500809e-17,1.84455635221499e-17,NA
"CAWA","can14","2020","population_density",21,7.17118914738853e-21,9.71495477920222e-20,8.99783586446337e-20,NA
"CAWA","can14","2020","population_density",22,2.15135674421656e-20,2.91448643376067e-19,2.69935075933901e-19,NA
"CAWA","can14","2020","population_density",23,1.30228794916574e-17,1.74264098182845e-16,1.61241218691178e-16,NA
"CAWA","can14","2020","population_density",24,3.69316241090505e-18,4.76925797881313e-17,4.39994173772261e-17,NA
"CAWA","can14","2020","population_density",27,2.15135674421656e-20,2.91448643376067e-19,2.69935075933901e-19,NA
"CAWA","can14","2020","population_density",28,1.07567837210828e-19,1.45724321688033e-18,1.34967537966951e-18,NA
"CAWA","can14","2020","population_density",33,0.0736832146480161,2.90215929560423e-06,-0.0736803124887205,-99.9960613020082
"CAWA","can14","2020","population_density",35,3.58559457369426e-20,4.85747738960111e-19,4.49891793223168e-19,NA
"CAWA","can14","2020","population_density",36,2.15135674421656e-20,2.91448643376067e-19,2.69935075933901e-19,NA
"CAWA","can14","2020","population_density",37,7.17118829251647e-21,9.71495362108978e-20,8.99783479183813e-20,NA
"CAWA","can14","2020","population_density",38,0.0408917951420357,1.37431354951503e-06,-0.0408904208284862,-99.9966391459589
"CAWA","can14","2020","population_density",40,7.17118914738853e-21,9.71495477920222e-20,8.99783586446337e-20,NA
"CAWA","can14","2020","population_density",42,7.17118914738853e-21,9.71495477920222e-20,8.99783586446337e-20,NA
"CAWA","can14","2020","population_density",44,1.43423765850329e-20,1.94299072421796e-19,1.79956695836763e-19,NA
"CAWA","can14","2020","population_density",47,2.02944628678217e-18,2.72233837039291e-17,2.51939374171469e-17,NA
"CAWA","can14","2020","population_density",48,0.45690086618985,1.11595304707447e-05,-0.45688970665938,-99.997557559791
"CAWA","can14","2020","population_density",51,2.15135648775494e-20,2.91448608632693e-19,2.69935043755144e-19,NA
"CAWA","can14","2020","population_density",52,0.00991254188717783,4.60333546707671e-07,-0.00991208155363112,-99.9953560494175
"CAWA","can14","2020","population_density",53,0.0180442453632017,3.89903445526414e-07,-0.0180438554597562,-99.9978391812033
"CAWA","can14","2020","population_density",55,7.17118914738853e-21,9.71495477920222e-20,8.99783586446337e-20,NA
"CAWA","can14","2020","population_density",56,7.17118914738853e-21,9.71495477920222e-20,8.99783586446337e-20,NA
"CAWA","can14","2020","population_density",57,7.17118829251647e-21,9.71495362108978e-20,8.99783479183813e-20,NA
"CAWA","can14","2020","population_density",64,0.0713415885299074,2.52804687221953e-06,-0.0713390604830351,-99.9964564191458
"CAWA","can14","2020","population_density",65,5.01983180476153e-20,6.80046753476284e-19,6.29848435428669e-19,NA
"CAWA","can14","2020","population_density",67,6.45406946326482e-20,8.7434582589808e-19,8.09805131265432e-19,NA
"CAWA","can14","2020","population_density",69,0.0258767846382053,4.11624403666104e-07,-0.0258763730138016,-99.9984092907623
"CAWA","can14","2020","population_density",71,0.0564061069487942,2.73655224514709e-06,-0.056403370396549,-99.9951484823307
"CAWA","can14","2020","population_density",73,7.17118829251647e-21,9.71495362108978e-20,8.99783479183813e-20,NA
"CAWA","can14","2020","population_density",74,0.0175427484665187,3.89617665135888e-07,-0.0175423588488536,-99.9977790386388
"CAWA","can14","2020","population_density",75,1.43423765850329e-20,1.94299072421796e-19,1.79956695836763e-19,NA
"CAWA","can14","2020","population_density",76,7.17118829251647e-21,9.71495362108978e-20,8.99783479183813e-20,NA
"CAWA","can14","2020","population_density",77,2.94018719993175e-19,3.98313098464681e-18,3.68911226465363e-18,NA
"CAWA","can14","2020","population_density",78,7.17118829251647e-21,9.71495362108978e-20,8.99783479183813e-20,NA
"CAWA","can14","2020","population_density",79,1.43423765850329e-20,1.94299072421796e-19,1.79956695836763e-19,NA
"CAWA","can14","2020","population_density",80,7.17118829251647e-21,9.71495362108978e-20,8.99783479183813e-20,NA
"CAWA","can14","2020","population_density",81,3.58559414625823e-20,3.05790985217726e-19,2.69935043755144e-19,NA
"CAWA","can14","2020","population_density",84,5.01983180476153e-20,6.80046753476284e-19,6.29848435428669e-19,NA
"CAWA","can14","2020","population_density",93,7.17118829251647e-21,9.71495362108978e-20,8.99783479183813e-20,NA
"CAWA","can14","2020","population_density",94,5.01983180476153e-20,6.80046753476284e-19,6.29848435428669e-19,NA
"CAWA","can14","2020","population_density",95,7.17118829251647e-21,9.71495362108978e-20,8.99783479183813e-20,NA
"CAWA","can14","2020","population_density",97,1.43423765850329e-20,1.94299072421796e-19,1.79956695836763e-19,NA
"CAWA","can14","2020","population_density",98,3.58559414625823e-20,4.85747681054489e-19,4.49891739591907e-19,NA
"CAWA","can14","2020","population_density",99,1.43423765850329e-20,1.94299072421796e-19,1.79956695836763e-19,NA
"CAWA","can14","2020","population_density",100,7.17118829251647e-21,9.71495362108978e-20,8.99783479183813e-20,NA
"CAWA","can14","2020","population_density",101,2.15135648775494e-20,2.91448608632693e-19,2.69935043755144e-19,NA
"CAWA","can14","2020","population_density",102,2.86847565895541e-20,3.88598191168089e-19,3.59913434578535e-19,NA
"CAWA","can14","2020","population_density",104,3.58559414625823e-20,4.85747681054489e-19,4.49891739591907e-19,NA
"CAWA","can14","2020","population_density",106,1.50594954142846e-19,2.04014026042885e-18,1.88954530628601e-18,NA
"CAWA","can14","2020","population_density",107,7.17118829251647e-21,9.71495362108978e-20,8.99783479183813e-20,NA
"CAWA","can14","2020","population_density",108,3.58559414625823e-20,4.85747681054489e-19,4.49891739591907e-19,NA
"CAWA","can14","2020","population_density",109,1.00396636095231e-19,1.36009350695257e-18,1.25969687085734e-18,NA
"CAWA","can14","2020","population_density",113,1.43423765850329e-19,1.94299072421796e-18,1.79956695836763e-18,NA
"CAWA","can14","2020","population_density",114,7.17118914738853e-21,9.71495477920222e-20,8.99783586446337e-20,NA
"CAWA","can14","2020","population_density",115,2.15135648775494e-20,2.91448608632693e-19,2.69935043755144e-19,NA
"CAWA","can14","2020","population_density",117,7.17118914738853e-21,9.71495477920222e-20,8.99783586446337e-20,NA
"CAWA","can14","2020","population_density",118,7.17118829251647e-21,9.71495362108978e-20,8.99783479183813e-20,NA
"CAWA","can14","2020","population_density",119,7.17118829251647e-21,9.71495362108978e-20,8.99783479183813e-20,NA
"CAWA","can14","2020","population_density",120,7.17118829251647e-21,9.71495362108978e-20,8.99783479183813e-20,NA
"CAWA","can14","2020","population_density",121,2.15135648775494e-20,2.91448608632693e-19,2.69935043755144e-19,NA
"CAWA","can14","2020","population_density",122,1.43423765850329e-20,1.94299072421796e-19,1.79956695836763e-19,NA
"CAWA","can14","2020","population_density",125,2.86847531700659e-20,3.88598144843591e-19,3.59913391673525e-19,NA
"CAWA","can14","2020","population_density",126,1.43423765850329e-20,1.94299072421796e-19,1.79956695836763e-19,NA
"CAWA","can14","2020","population_density",127,3.58559414625823e-20,4.85747681054489e-19,4.49891739591907e-19,NA
"CAWA","can14","2020","population_density",128,1.86450895605428e-19,2.52588794148334e-18,2.33943704587791e-18,NA
"CAWA","can14","2020","population_density",130,8.03173088761845e-19,1.08807480556206e-17,1.00775749668587e-17,NA
"CAWA","can14","2020","population_density",131,2.15135648775494e-20,2.91448608632693e-19,2.69935043755144e-19,NA
"CAWA","can14","2020","population_density",132,7.17118829251647e-21,9.71495362108978e-20,8.99783479183813e-20,NA
"CAWA","can14","2020","population_density",134,7.17118829251647e-21,7.17118829251647e-21,0,NA
"CAWA","can14","2020","population_density",135,2.15135648775494e-20,2.91448608632693e-19,2.69935043755144e-19,NA
"CAWA","can14","2020","population_density",136,2.15135648775494e-20,2.91448608632693e-19,2.69935043755144e-19,NA
"CAWA","can14","2020","population_density",137,1.43423765850329e-20,1.94299072421796e-19,1.79956695836763e-19,NA
"CAWA","can14","2020","population_density",138,4.30271297550988e-20,5.82897217265387e-19,5.39870087510288e-19,NA
"CAWA","can14","2020","population_density",142,7.17118914738853e-21,9.71495477920222e-20,8.99783586446337e-20,NA
"CAWA","can14","2020","population_density",143,1.43423765850329e-20,1.94299072421796e-19,1.79956695836763e-19,NA
"CAWA","can14","2020","population_density",146,2.15135648775494e-20,2.91448608632693e-19,2.69935043755144e-19,NA
"CAWA","can14","2020","population_density",147,7.17118829251647e-21,9.71495362108978e-20,8.99783479183813e-20,NA
"CAWA","can14","2020","population_density",148,7.17118829251647e-21,9.71495362108978e-20,8.99783479183813e-20,NA
"CAWA","can14","2020","population_density",151,2.15135674421656e-20,2.15135674421656e-20,0,NA
"CAWA","can14","2020","population_density",152,2.15135648775494e-20,2.91448608632693e-19,2.69935043755144e-19,NA
"CAWA","can14","2020","population_density",153,1.43423765850329e-20,1.94299072421796e-19,1.79956695836763e-19,NA
"CAWA","can14","2020","population_density",155,2.15135648775494e-20,2.91448608632693e-19,2.69935043755144e-19,NA
"CAWA","can14","2020","population_density",158,2.15135648775494e-20,2.91448608632693e-19,2.69935043755144e-19,NA
"CAWA","can14","2020","population_density",159,7.17118829251647e-21,9.71495362108978e-20,8.99783479183813e-20,NA
"CAWA","can14","2020","population_density",161,5.73695063401318e-20,7.77196289687182e-19,7.1982678334705e-19,NA
"CAWA","can14","2020","population_density",162,7.17118914738853e-21,7.17118914738853e-21,0,NA
"CAWA","can14","2020","population_density",164,1.43423765850329e-20,1.94299072421796e-19,1.79956695836763e-19,NA
"CAWA","can14","2020","population_density",165,2.86847531700659e-20,3.88598144843591e-19,3.59913391673525e-19,NA
"CAWA","can14","2020","population_density",166,7.17118829251647e-21,9.71495362108978e-20,8.99783479183813e-20,NA
"CAWA","can14","2020","population_density",168,2.86847565895541e-20,3.88598191168089e-19,3.59913434578535e-19,NA
"CAWA","can14","2020","population_density",169,1.43423765850329e-20,1.94299072421796e-19,1.79956695836763e-19,NA
"CAWA","can14","2020","population_density",172,3.58559414625823e-20,4.85747681054489e-19,4.49891739591907e-19,NA
"CAWA","can14","2020","population_density",174,1.57766142435362e-19,2.13728979663975e-18,1.97952365420439e-18,NA
"CAWA","can14","2020","population_density",175,7.17118914738853e-21,9.71495477920222e-20,8.99783586446337e-20,NA
"CAWA","can14","2020","population_density",178,7.17118914738853e-21,9.71495477920222e-20,8.99783586446337e-20,NA
"CAWA","can14","2020","population_density",179,2.29478025360527e-19,3.10878515874873e-18,2.8793071333882e-18,NA
"CAWA","can14","2020","population_density",180,1.43423765850329e-20,1.94299072421796e-19,1.79956695836763e-19,NA
"CAWA","can14","2020","population_density",181,7.17118829251647e-21,9.71495362108978e-20,8.99783479183813e-20,NA
"CAWA","can14","2020","population_density",182,1.43423765850329e-20,1.94299072421796e-19,1.79956695836763e-19,NA
"CAWA","can14","2020","population_density",185,1.43423765850329e-20,1.94299072421796e-19,1.79956695836763e-19,NA
"CAWA","can14","2020","population_density",187,9.68110419489723e-19,1.23953606051241e-17,1.14272501856344e-17,NA
"CAWA","can14","2020","population_density",188,2.15135648775494e-20,2.91448608632693e-19,2.69935043755144e-19,NA
"CAWA","can14","2020","population_density",189,7.17118829251647e-21,9.71495362108978e-20,8.99783479183813e-20,NA
"CAWA","can14","2020","population_density",190,9.03569724857075e-19,1.22408415625731e-17,1.13372718377161e-17,NA
"CAWA","can14","2020","population_density",191,7.17118829251647e-21,9.71495362108978e-20,8.99783479183813e-20,NA
"CAWA","can14","2020","population_density",192,1.00396636095231e-19,1.36009350695257e-18,1.25969687085734e-18,NA
"CAWA","can14","2020","population_density",193,7.17118914738853e-21,9.71495477920222e-20,8.99783586446337e-20,NA
"CAWA","can14","2020","population_density",194,4.58956050721054e-19,6.21757031749746e-18,5.7586142667764e-18,NA
"CAWA","can14","2020","population_density",195,8.60542595101976e-20,1.16579443453077e-18,1.07974017502058e-18,NA
"CAWA","can14","2020","population_density",196,7.17118829251647e-21,9.71495362108978e-20,8.99783479183813e-20,NA
"CAWA","can14","2020","population_density",197,1.50594954142846e-19,2.04014026042885e-18,1.88954530628601e-18,NA
"CAWA","can14","2020","population_density",198,1.00396648063439e-19,1.36009366908831e-18,1.25969702102487e-18,NA
"CAWA","can14","2020","population_density",199,2.15135674421656e-20,2.91448643376067e-19,2.69935075933901e-19,NA
"CAWA","can14","2020","population_density",202,0.315196443060665,0.0285840880195182,-0.286612355041146,-90.9313418191027
"CAWA","can14","2020","population_density",203,7.17118829251647e-21,9.71495362108978e-20,8.99783479183813e-20,NA
"CAWA","can14","2020","population_density",205,4.30271297550988e-20,5.82897217265387e-19,5.39870087510288e-19,NA
"CAWA","can14","2020","population_density",208,7.17118829251647e-21,9.71495362108978e-20,8.99783479183813e-20,NA
"CAWA","can14","2020","population_density",209,0.146508928859864,0.0788825964786504,-0.0676263323812139,-46.1585057699101
"CAWA","can14","2020","population_density",210,7.17118829251647e-21,9.71495362108978e-20,8.99783479183813e-20,NA
"CAWA","can14","2020","population_density",212,2.15135648775494e-19,2.91448608632693e-18,2.69935043755144e-18,NA
"CAWA","can14","2020","population_density",213,1.43423765850329e-19,1.94299072421796e-18,1.79956695836763e-18,NA
"CAWA","can14","2020","population_density",214,4.30271348843312e-20,5.82897286752133e-19,5.39870151867802e-19,NA
"CAWA","can14","2020","population_density",215,2.86847565895541e-20,3.88598191168089e-19,3.59913434578535e-19,NA
"CAWA","can14","2020","population_density",216,7.17118829251647e-21,9.71495362108978e-20,8.99783479183813e-20,NA
"CAWA","can14","2020","population_density",217,1.43423765850329e-20,1.94299072421796e-19,1.79956695836763e-19,NA
"CAWA","can14","2020","population_density",218,3.58559414625823e-20,4.85747681054489e-19,4.49891739591907e-19,NA
"CAWA","can14","2020","population_density",219,0.0162979589517009,4.47386064278857e-07,-0.0162975115656367,-99.9972549564912
"CAWA","can14","2020","population_density",220,1.13074464767292,0.115716894307225,-1.0150277533657,-89.7663106745302
"CAWA","can14","2020","population_density",222,7.09947725591464e-19,9.43784851412091e-18,8.72790078852946e-18,NA
"CAWA","can14","2020","population_density",223,7.17118914738853e-21,9.71495477920222e-20,8.99783586446337e-20,NA
"CAWA","can14","2020","population_density",224,7.88830712176812e-20,1.06864489831988e-18,9.89761827102194e-19,NA
"CAWA","can14","2020","population_density",225,7.17118829251647e-21,9.71495362108978e-20,8.99783479183813e-20,NA
"CAWA","can14","2020","population_density",226,1.43423765850329e-20,1.94299072421796e-19,1.79956695836763e-19,NA
"CAWA","can14","2020","population_density",227,1.43423765850329e-20,1.94299072421796e-19,1.79956695836763e-19,NA
"CAWA","can14","2020","population_density",228,4570.03305989955,5184.19300023032,614.159940330812,13.4388511479239
"CAWA","can14","2020","population_density",231,1.43423765850329e-20,1.94299072421796e-19,1.79956695836763e-19,NA
"CAWA","can14","2020","population_density",232,5.01983180476153e-19,6.80046753476284e-18,6.29848435428668e-18,NA
"CAWA","can14","2020","population_density",233,1.43423765850329e-20,1.94299072421796e-19,1.79956695836763e-19,NA
"CAWA","can14","2020","population_density",235,1.36252577557813e-19,1.84584118800706e-18,1.70958861044924e-18,NA
"CAWA","can14","2020","population_density",239,5.88037439986351e-19,7.96626196929362e-18,7.37822452930726e-18,NA
"CAWA","can14","2020","population_density",240,3.15532284870725e-19,4.2745795932795e-18,3.95904730840877e-18,NA
"CAWA","can14","2020","population_density",241,7.88830712176812e-20,1.06864489831988e-18,9.89761827102194e-19,NA
"CAWA","can14","2020","population_density",244,1.43423765850329e-20,1.94299072421796e-19,1.79956695836763e-19,NA
"CAWA","can14","2020","population_density",245,52.1336248328824,2.19899274537717,-49.9346320875051,-95.7820068095662
"CAWA","can14","2020","population_density",246,2.86847531700659e-20,3.88598144843591e-19,3.59913391673525e-19,NA
"CAWA","can14","2020","population_density",249,7.17118829251647e-21,9.71495362108978e-20,8.99783479183813e-20,NA
"CAWA","can14","2020","population_density",250,7.88830712176812e-20,6.18753158727969e-19,5.39870087510288e-19,NA
"CAWA","can14","2020","population_density",255,4.44613674136021e-19,6.02327124507566e-18,5.57865757093963e-18,NA
"CAWA","can14","2020","population_density",256,5.73695063401318e-20,7.77196289687182e-19,7.1982678334705e-19,NA
"CAWA","can14","2020","population_density",257,7.17118829251647e-21,7.17118829251647e-21,0,NA
"CAWA","can14","2020","population_density",259,5.01983180476153e-20,6.80046753476284e-19,6.29848435428669e-19,NA
"CAWA","can14","2020","population_density",260,1.36252577557813e-19,1.84584118800706e-18,1.70958861044924e-18,NA
"CAWA","can14","2020","population_density",264,1.06133586729244e-18,1.43781313592129e-17,1.33167954919205e-17,NA
"CAWA","can14","2020","population_density",267,2.15135648775494e-20,2.91448608632693e-19,2.69935043755144e-19,NA
"CAWA","can14","2020","population_density",268,7.17118829251647e-21,9.71495362108978e-20,8.99783479183813e-20,NA
"CAWA","can14","2020","population_density",272,7.17118829251647e-21,9.71495362108978e-20,8.99783479183813e-20,NA
"CAWA","can14","2020","population_density",273,0.0215442772166186,4.60963942340552e-07,-0.0215438162526762,-99.9978603879921
"CAWA","can14","2020","population_density",275,1.43423765850329e-20,1.94299072421796e-19,1.79956695836763e-19,NA
"CAWA","can14","2020","population_density",276,7.17118829251647e-21,9.71495362108978e-20,8.99783479183813e-20,NA
"CAWA","can14","2020","population_density",277,0.0804201633495574,1.38101979636202e-06,-0.080418782329761,-99.9982827443531
"CAWA","can14","2020","population_density",278,1.36252577557813e-19,1.84584118800706e-18,1.70958861044924e-18,NA
"CAWA","can14","2020","population_density",283,7.17118829251647e-21,9.71495362108978e-20,8.99783479183813e-20,NA
"CAWA","can14","2020","population_density",284,1.43423765850329e-20,1.43423765850329e-20,0,NA
"CAWA","can14","2020","population_density",285,7.17118829251647e-21,9.71495362108978e-20,8.99783479183813e-20,NA
"CAWA","can14","2020","population_density",286,2.22306837068011e-19,3.01163562253783e-18,2.78932878546982e-18,NA
"CAWA","can14","2020","population_density",287,6.45406946326482e-20,8.7434582589808e-19,8.09805131265432e-19,NA
"CAWA","can14","2020","population_density",290,0.076654254864178,0.0495326886630846,-0.0271215662010934,-35.3816839641185
"CAWA","can14","2020","population_density",291,1.00396636095231e-19,1.36009350695257e-18,1.25969687085734e-18,NA
"CAWA","can14","2020","population_density",292,7.17118829251647e-21,9.71495362108978e-20,8.99783479183813e-20,NA
"CAWA","can14","2020","population_density",294,6.45406946326482e-20,8.7434582589808e-19,8.09805131265432e-19,NA
"CAWA","can14","2020","population_density",295,2.86847531700659e-20,3.88598144843591e-19,3.59913391673525e-19,NA
"CAWA","can14","2020","population_density",297,2.2158971823876e-18,2.88494881662287e-17,2.6633590983841e-17,NA
"CAWA","can14","2020","population_density",298,2.15135648775494e-20,2.91448608632693e-19,2.69935043755144e-19,NA
"CAWA","can14","2020","population_density",300,6.095510048639e-19,8.25771057792631e-18,7.6481595730624e-18,NA
"CAWA","can14","2020","population_density",303,7.17118829251647e-21,9.71495362108978e-20,8.99783479183813e-20,NA
"CAWA","can14","2020","population_density",305,1.43423765850329e-20,1.94299072421796e-19,1.79956695836763e-19,NA
"CAWA","can14","2020","population_density",306,1.8716801443468e-18,2.53560289510445e-17,2.34843488066976e-17,NA
"CAWA","can14","2020","population_density",308,7.88830712176812e-20,1.06864489831988e-18,9.89761827102194e-19,NA
"CAWA","can14","2020","population_density",310,7.17118829251647e-21,9.71495362108978e-20,8.99783479183813e-20,NA
"CAWA","can14","2020","population_density",311,5.73695063401318e-20,7.77196289687182e-19,7.1982678334705e-19,NA
"CAWA","can14","2020","population_density",313,3.58559414625823e-20,3.05790985217726e-19,2.69935043755144e-19,NA
"CAWA","can14","2020","population_density",314,2.4382040194556e-19,3.30308423117052e-18,3.05926382922496e-18,NA
"CAWA","can14","2020","population_density",315,4.30271297550988e-20,5.82897217265387e-19,5.39870087510288e-19,NA
"CAWA","can14","2020","population_density",316,7.17118829251647e-21,9.71495362108978e-20,8.99783479183813e-20,NA
"CAWA","can14","2020","population_density",317,1.43423765850329e-20,1.94299072421796e-19,1.79956695836763e-19,NA
"CAWA","can14","2020","population_density",320,3.58559414625823e-20,4.85747681054489e-19,4.49891739591907e-19,NA
"CAWA","can14","2020","population_density",322,4.58956050721054e-19,6.21757031749746e-18,5.7586142667764e-18,NA
"CAWA","can14","2020","population_density",323,0.0843902608416058,2.65171502872456e-06,-0.0843876091265771,-99.9968577949608
"CAWA","can14","2020","population_density",324,7.17118829251647e-21,9.71495362108978e-20,8.99783479183813e-20,NA
"CAWA","can14","2020","population_density",326,1.43423765850329e-19,1.94299072421796e-18,1.79956695836763e-18,NA
"CAWA","can14","2020","population_density",328,7.17118829251647e-21,9.71495362108978e-20,8.99783479183813e-20,NA
"CAWA","can14","2020","population_density",329,7.17118829251647e-21,9.71495362108978e-20,8.99783479183813e-20,NA
"CAWA","can14","2020","population_density",331,7.17118829251647e-21,9.71495362108978e-20,8.99783479183813e-20,NA
"CAWA","can14","2020","population_density",334,2.86847531700659e-20,3.88598144843591e-19,3.59913391673525e-19,NA
"CAWA","can14","2020","population_density",335,0.852874801341348,2.03590818666816e-05,-0.852854442259481,-99.9976128873974
"CAWA","can14","2020","population_density",336,1.44745788831951,0.220257911432297,-1.22719997688721,-84.7831212769849
"CAWA","can14","2020","population_density",338,4.30271297550988e-20,5.82897217265387e-19,5.39870087510288e-19,NA
"CAWA","can14","2020","population_density",340,7.17118829251647e-20,9.71495362108978e-19,8.99783479183813e-19,NA
"CAWA","can14","2020","population_density",341,1.43423765850329e-20,1.94299072421796e-19,1.79956695836763e-19,NA
"CAWA","can14","2020","population_density",342,7.17118829251647e-21,9.71495362108978e-20,8.99783479183813e-20,NA
"CAWA","can14","2020","population_density",343,0.315611962970945,7.73699480028553e-06,-0.315604225976145,-99.9975485736575
"CAWA","can14","2020","population_density",344,0.0947592000089115,2.01824547986763e-06,-0.0947571817634316,-99.9978701324202
"CAWA","can14","2020","population_density",347,1.43423765850329e-20,1.94299072421796e-19,1.79956695836763e-19,NA
"CAWA","can14","2020","population_density",348,7.17118829251647e-21,9.71495362108978e-20,8.99783479183813e-20,NA
"CAWA","can14","2020","population_density",349,5.37839121938735e-19,7.28621521581733e-18,6.74837609387859e-18,NA
"CAWA","can14","2020","population_density",351,2.86847531700659e-20,3.88598144843591e-19,3.59913391673525e-19,NA
"CAWA","can14","2020","population_density",356,0.336853536064257,8.44422859345638e-06,-0.336845091835663,-99.9974932047049
"CAWA","can14","2020","population_density",358,1.00396636095231e-19,1.36009350695257e-18,1.25969687085734e-18,NA
"CAWA","can14","2020","population_density",361,7.17118829251647e-21,9.71495362108978e-20,8.99783479183813e-20,NA
"CAWA","can14","2020","population_density",362,3.58559414625823e-20,4.85747681054489e-19,4.49891739591907e-19,NA
"CAWA","can14","2020","population_density",363,4.30271297550988e-20,5.82897217265387e-19,5.39870087510288e-19,NA
"CAWA","can14","2020","population_density",364,4.30271297550988e-20,5.82897217265387e-19,5.39870087510288e-19,NA
"CAWA","can14","2020","population_density",367,2.15135648775494e-20,2.91448608632693e-19,2.69935043755144e-19,NA
"CAWA","can14","2020","population_density",368,1.43423765850329e-20,1.94299072421796e-19,1.79956695836763e-19,NA
"CAWA","can14","2020","population_density",369,7.17118829251647e-21,9.71495362108978e-20,8.99783479183813e-20,NA
"CAWA","can14","2020","population_density",370,7.88830712176812e-20,1.06864489831988e-18,9.89761827102194e-19,NA
"CAWA","can14","2020","population_density",371,2.86847531700659e-20,3.88598144843591e-19,3.59913391673525e-19,NA
"CAWA","can14","2020","population_density",373,7.17118829251647e-21,9.71495362108978e-20,8.99783479183813e-20,NA
"CAWA","can14","2020","population_density",374,7.88830712176812e-20,1.06864489831988e-18,9.89761827102194e-19,NA
"CAWA","can14","2020","population_density",377,1.29081389265296e-19,1.74869165179616e-18,1.61961026253086e-18,NA
"CAWA","can14","2020","population_density",378,7.17118829251647e-21,9.71495362108978e-20,8.99783479183813e-20,NA
"CAWA","can14","2020","population_density",379,2.36649213653043e-19,3.20593469495963e-18,2.96928548130658e-18,NA
"CAWA","can14","2020","population_density",381,7.17118829251647e-21,9.71495362108978e-20,8.99783479183813e-20,NA
"CAWA","can14","2020","population_density",382,1.2191020097278e-19,1.65154211558526e-18,1.52963191461248e-18,NA
"CAWA","can14","2020","population_density",384,3.58559414625823e-20,4.85747681054489e-19,4.49891739591907e-19,NA
"CAWA","can14","2020","population_density",385,7.88830712176812e-20,1.06864489831988e-18,9.89761827102194e-19,NA
"CAWA","can14","2020","population_density",389,5.52181498523768e-19,7.48051428823913e-18,6.92833278971535e-18,NA
"CAWA","can14","2020","population_density",390,7.17118829251647e-21,9.71495362108978e-20,8.99783479183813e-20,NA
"CAWA","can14","2020","population_density",391,0.0997877321631213,2.57779767662581e-06,-0.0997851543654447,-99.9974167188484
"CAWA","can14","2020","population_density",392,5.66523875108801e-19,7.67481336066092e-18,7.10828948555211e-18,NA
"CAWA","can14","2020","population_density",393,2.15135648775494e-20,2.91448608632693e-19,2.69935043755144e-19,NA
"CAWA","can14","2020","population_density",396,2.86847531700659e-20,3.88598144843591e-19,3.59913391673525e-19,NA
"CAWA","can14","2020","population_density",399,2.15135648775494e-20,2.91448608632693e-19,2.69935043755144e-19,NA
"CAWA","can14","2020","population_density",400,6.31064569741449e-19,8.549159186559e-18,7.91809461681755e-18,NA
"CAWA","can14","2020","population_density",403,7.17118829251647e-21,9.71495362108978e-20,8.99783479183813e-20,NA
"CAWA","can14","2020","population_density",405,2.07964460482978e-19,2.81733655011604e-18,2.60937208963306e-18,NA
"CAWA","can14","2020","population_density",407,7.17118829251647e-20,9.71495362108978e-19,8.99783479183813e-19,NA
"CAWA","can14","2020","population_density",410,2.86847531700659e-20,3.88598144843591e-19,3.59913391673525e-19,NA
"CAWA","can14","2020","population_density",411,7.17118829251647e-21,9.71495362108978e-20,8.99783479183813e-20,NA
"CAWA","can14","2020","population_density",412,3.58559414625823e-20,4.85747681054489e-19,4.49891739591907e-19,NA
"CAWA","can14","2020","population_density",414,1.7856258848366e-18,2.30205159935747e-17,2.12348901087381e-17,NA
"CAWA","can14","2020","population_density",415,1.43423765850329e-20,1.94299072421796e-19,1.79956695836763e-19,NA
"CAWA","can14","2020","population_density",419,2.50991590238076e-19,3.40023376738142e-18,3.14924217714334e-18,NA
"CAWA","can14","2020","population_density",420,1.77128350825157e-18,2.39959354440919e-17,2.22246519358403e-17,NA
"CAWA","can14","2020","population_density",422,0.23580924269478,6.23501251490904e-06,-0.235803007682265,-99.997355908342
"CAWA","can14","2020","population_density",423,7.17118829251647e-21,9.71495362108978e-20,8.99783479183813e-20,NA
"CAWA","can14","2020","population_density",424,7.17118829251647e-21,9.71495362108978e-20,8.99783479183813e-20,NA
"CAWA","can14","2020","population_density",430,7.17118829251647e-21,9.71495362108978e-20,8.99783479183813e-20,NA
"CAWA","can14","2020","population_density",432,4.30271297550988e-20,5.82897217265387e-19,5.39870087510288e-19,NA
"CAWA","can14","2020","population_density",433,0.0319625513464317,0.0255854172165182,-0.00637713412991348,-19.9518932665725
"CAWA","can14","2020","population_density",440,0.0384603644216908,8.53584201660782e-07,-0.0384595108374891,-99.9977806133288
"CAWA","can14","2020","population_density",443,7.41593412562989,0.532162096072779,-6.88377202955711,-92.8240719637247
"CAWA","can14","2020","population_density",444,2.15135648775494e-20,2.91448608632693e-19,2.69935043755144e-19,NA
"CAWA","can14","2020","population_density",445,7.17118829251647e-21,9.71495362108978e-20,8.99783479183813e-20,NA
"CAWA","can14","2020","population_density",448,0.0198590728304548,0.0209799626570839,0.00112088982662906,5.64422033293578
"CAWA","can14","2020","population_density",449,0.0715643449177472,0.133429563475711,0.0618652185579641,86.4469850580888
"CAWA","can14","2020","population_density",451,6.45406946326482e-20,8.7434582589808e-19,8.09805131265432e-19,NA
"CAWA","can14","2020","population_density",452,5.45010310231252e-19,7.02345136035471e-18,6.47844105012344e-18,NA
"CAWA","can14","2020","population_density",453,7.17118829251647e-21,9.71495362108978e-20,8.99783479183813e-20,NA
"CAWA","can14","2020","population_density",455,7.17118829251647e-21,9.71495362108978e-20,8.99783479183813e-20,NA
"CAWA","can14","2020","population_density",456,7.17118829251647e-21,9.71495362108978e-20,8.99783479183813e-20,NA
"CAWA","can14","2020","population_density",459,0.011863748129157,0.0154352806761355,0.00357153254697845,30.1045884327302
"CAWA","can14","2020","population_density",460,1.43423765850329e-20,1.94299072421796e-19,1.79956695836763e-19,NA
"CAWA","can14","2020","population_density",461,2.36649213653043e-19,3.20593469495963e-18,2.96928548130658e-18,NA
"CAWA","can14","2020","population_density",463,1.43423765850329e-20,1.94299072421796e-19,1.79956695836763e-19,NA
"CAWA","can14","2020","population_density",464,5.01983180476153e-20,6.80046753476284e-19,6.29848435428669e-19,NA
"CAWA","can14","2020","population_density",465,0.0208956351031375,4.54792308774855e-07,-0.0208951803108287,-99.9978235056914
"CAWA","can14","2020","population_density",466,2.67309940580754e-20,3.02147368933246e-18,2.99474269527438e-18,NA
"CAWA","can14","2020","population_density",467,0.0249285384842235,0.023268327076631,-0.00166021140759254,-6.65988264271182
"CAWA","can14","2020","population_density",468,1.43423765850329e-20,1.94299072421796e-19,1.79956695836763e-19,NA
"CAWA","can14","2020","population_density",472,1.27151955100988e-20,5.26604924674502e-19,5.13889729164403e-19,NA
"CAWA","can14","2020","population_density",473,0.000779549229747427,0.00163870188804464,0.000859152658297217,110.211469078814
"CAWA","can14","2020","population_density",474,1.43423765850329e-20,1.94299072421796e-19,1.79956695836763e-19,NA
"CAWA","can14","2020","population_density",477,1.43423765850329e-20,1.94299072421796e-19,1.79956695836763e-19,NA
"CAWA","can14","2020","population_density",478,7.17118829251647e-21,9.71495362108978e-20,8.99783479183813e-20,NA
"CAWA","can14","2020","population_density",479,0.0285739929554429,4.32949111423099e-07,-0.0285735600063315,-99.9984848141032
"CAWA","can14","2020","population_density",484,0.461509501697872,7.79553873240113e-06,-0.46150170615914,-99.9983108606207
"CAWA","can14","2020","population_density",486,5.01983180476153e-20,6.80046753476284e-19,6.29848435428669e-19,NA
"CAWA","can14","2020","population_density",487,0.0286775408426037,0.0286775408426037,0,0
"CAWA","can14","2020","population_density",488,4.31918043080784e-19,5.26240654881976e-19,9.43226118011918e-20,NA
"CAWA","can14","2020","population_density",489,1.43423765850329e-20,1.94299072421796e-19,1.79956695836763e-19,NA
"CAWA","can14","2020","population_density",490,2.22306837068011e-19,3.01163562253783e-18,2.78932878546982e-18,NA
"CAWA","can14","2020","population_density",491,6.45406946326482e-20,8.7434582589808e-19,8.09805131265432e-19,NA
"CAWA","can14","2020","population_density",492,2.86847531700659e-19,3.88598144843591e-18,3.59913391673525e-18,NA
"CAWA","can14","2020","population_density",494,0.0316504948796004,5.88010918039342e-07,-0.0316499068686823,-99.9981421746476
"CAWA","can14","2020","population_density",495,1.01774691067101e-20,5.50796347328022e-19,5.40618878221311e-19,NA
"CAWA","can14","2020","population_density",496,7.17118829251647e-21,9.71495362108978e-20,8.99783479183813e-20,NA
"CAWA","can14","2020","population_density",500,7.17118829251647e-21,9.71495362108978e-20,8.99783479183813e-20,NA
"CAWA","can14","2020","population_density",504,7.60507387124013e-19,6.25663709400669e-19,-1.34843677723344e-19,NA
"CAWA","can14","2020","population_density",509,7.17118829251647e-21,9.71495362108978e-20,8.99783479183813e-20,NA
"CAWA","can14","2020","population_density",510,0.293499912261925,3.99856863118705e-06,-0.293495913693294,-99.9986376252721
"CAWA","can14","2020","population_density",512,0.0400930310262493,9.09687191523501e-07,-0.0400921213390578,-99.9977310590688
"CAWA","can14","2020","population_density",514,1.61736647374217e-20,6.30812917017659e-19,6.14639252280238e-19,NA
"CAWA","can14","2020","population_density",515,1.29798508094548e-18,1.75840660541726e-17,1.62860809732271e-17,NA
"CAWA","can14","2020","population_density",516,1.43423765850329e-20,1.94299072421796e-19,1.79956695836763e-19,NA
"CAWA","can14","2020","population_density",517,4.30271297550988e-20,5.82897217265387e-19,5.39870087510288e-19,NA
"CAWA","can14","2020","population_density",519,0.0300753281445076,4.55854797791809e-07,-0.0300748722897098,-99.9984842898618
"CAWA","can14","2020","population_density",520,1.47157404957966e-05,0.00810562736593168,0.00809091162543588,54981.3421060731
"CAWA","can14","2020","population_density",521,0.0118408031048526,0.0209251005763521,0.00908429747149952,76.7202814796964
"CAWA","can14","2020","population_density",523,3.58559414625823e-20,4.85747681054489e-19,4.49891739591907e-19,NA
"CAWA","can14","2020","population_density",524,1.43423765850329e-20,1.94299072421796e-19,1.79956695836763e-19,NA
"CAWA","can14","2020","population_density",527,2.15135648775494e-20,2.91448608632693e-19,2.69935043755144e-19,NA
"CAWA","can14","2020","population_density",528,0.262983392294247,0.0900613839051364,-0.172922008389111,-65.7539652525402
"CAWA","can14","2020","population_density",530,0.322948210569771,3.40800942207262e-06,-0.322944802560349,-99.9989447195214
"CAWA","can14","2020","population_density",531,4.30271297550988e-20,5.82897217265387e-19,5.39870087510288e-19,NA
"CAWA","can14","2020","population_density",534,2.15135648775494e-20,2.91448608632693e-19,2.69935043755144e-19,NA
"CAWA","can14","2020","population_density",536,7.17118829251647e-21,9.71495362108978e-20,8.99783479183813e-20,NA
"CAWA","can14","2020","population_density",537,0.031066026494746,5.64150262006088e-07,-0.031065462344484,-99.9981840282596
"CAWA","can14","2020","population_density",538,0.0258758502306566,3.97747139019885e-07,-0.0258754524835176,-99.9984628634983
"CAWA","can14","2020","population_density",539,1.43423765850329e-20,1.94299072421796e-19,1.79956695836763e-19,NA
"CAWA","can14","2020","population_density",540,1.43423765850329e-20,1.94299072421796e-19,1.79956695836763e-19,NA
"CAWA","can14","2020","population_density",541,1.80713944971415e-18,2.44816831251464e-17,2.26745436754322e-17,NA
"CAWA","can14","2020","population_density",543,0.0572395958138412,0.0914602691733565,0.0342206733595153,59.7849668100563
"CAWA","can14","2020","population_density",547,7.17118829251647e-21,9.71495362108978e-20,8.99783479183813e-20,NA
"CAWA","can14","2020","population_density",548,0.015673339378437,4.7035481843583e-07,-0.0156728690236185,-99.996999013375
"CAWA","can14","2020","population_density",550,1.2191020097278e-19,1.65154211558526e-18,1.52963191461248e-18,NA
"CAWA","can14","2020","population_density",552,0.0366916855732624,4.29450767640369e-07,-0.0366912561224948,-99.9988295692582
"CAWA","can14","2020","population_density",553,0.166055385498487,1.8305437196122e-06,-0.166053554954767,-99.9988976306224
"CAWA","can14","2020","population_density",555,0.254360810086568,0.306883463490017,0.0525226534034485,20.6488780192095
"CAWA","can14","2020","population_density",558,4.30271297550988e-20,4.92918869347005e-19,4.49891739591907e-19,NA
"CAWA","can14","2020","population_density",567,1.43423765850329e-20,1.94299072421796e-19,1.79956695836763e-19,NA
"CAWA","can14","2020","population_density",568,0.0953768309359093,9.46466114428726e-07,-0.0953758844697949,-99.9990076561518
"CAWA","can14","2020","population_density",569,1.43423765850329e-20,1.94299072421796e-19,1.79956695836763e-19,NA
"CAWA","can14","2020","population_density",571,2.15135648775494e-20,2.91448608632693e-19,2.69935043755144e-19,NA
"CAWA","can14","2020","population_density",573,1.43423765850329e-20,1.94299072421796e-19,1.79956695836763e-19,NA
"CAWA","can14","2020","population_density",574,0.0676171332271489,0.0676001458973128,-1.69873298361267e-05,-0.0251228187670431
"CAWA","can14","2020","population_density",580,0.481056842802154,0.590282197579861,0.109225354777707,22.7052907389218
"CAWA","can14","2020","population_density",581,7.17118829251647e-21,9.71495362108978e-20,8.99783479183813e-20,NA
"CAWA","can14","2020","population_density",582,2.15135648775494e-20,2.91448608632693e-19,2.69935043755144e-19,NA
"CAWA","can14","2020","population_density",583,7.17118829251647e-21,9.71495362108978e-20,8.99783479183813e-20,NA
"CAWA","can14","2020","population_density",589,5.73695063401318e-20,7.77196289687182e-19,7.1982678334705e-19,NA
"CAWA","can14","2020","population_density",590,2.86847531700659e-20,3.88598144843591e-19,3.59913391673525e-19,NA
"CAWA","can14","2020","population_density",592,1.43423765850329e-20,1.94299072421796e-19,1.79956695836763e-19,NA
"CAWA","can14","2020","population_density",595,0.0112685485064248,0.0137333052918197,0.00246475678539487,21.8728861484651
"CAWA","can14","2020","population_density",596,3.58559414625823e-20,4.85747681054489e-19,4.49891739591907e-19,NA
"CAWA","can14","2020","population_density",597,4.51784862428538e-19,6.12042078128656e-18,5.66863591885801e-18,NA
"CAWA","can14","2020","population_density",601,2.15135648775494e-20,2.01470260714312e-19,1.79956695836763e-19,NA
"CAWA","can14","2020","population_density",603,7.17118829251647e-21,9.71495362108978e-20,8.99783479183813e-20,NA
"CAWA","can14","2020","population_density",605,6.40105328511315e-06,0.00155172203281992,0.00154532097953481,24141.6671710692
"CAWA","can14","2020","population_density",607,1.43423765850329e-20,1.94299072421796e-19,1.79956695836763e-19,NA
"CAWA","can14","2020","population_density",608,7.17118829251647e-21,7.17118829251647e-21,0,NA
"CAWA","can14","2020","population_density",609,2.86847531700659e-20,3.88598144843591e-19,3.59913391673525e-19,NA
"CAWA","can14","2020","population_density",610,1.43423765850329e-20,1.94299072421796e-19,1.79956695836763e-19,NA
"CAWA","can14","2020","population_density",612,0.0532880235852029,8.8454798458669e-07,-0.0532871390372183,-99.9983400623159
"CAWA","can14","2020","population_density",613,0.00081753480614466,0.00168178150970849,0.000864246703563831,105.713750297612
"CAWA","can14","2020","population_density",614,4.16011347244657e-06,0.00172331397119195,0.0017191538577195,41324.6866727524
"CAWA","can14","2020","population_density",616,3.58559414625823e-20,4.85747681054489e-19,4.49891739591907e-19,NA
"CAWA","can14","2020","population_density",618,1.07567824387747e-19,1.18730799940832e-18,1.07974017502058e-18,NA
"CAWA","can14","2020","population_density",622,2.15135648775494e-20,2.91448608632693e-19,2.69935043755144e-19,NA
"CAWA","can14","2020","population_density",623,0.325833607389488,0.247542507184007,-0.0782911002054809,-24.0279389326145
"CAWA","can14","2020","population_density",625,7.17118829251647e-21,9.71495362108978e-20,8.99783479183813e-20,NA
"CAWA","can14","2020","population_density",626,0.0693605409528075,8.70143347222259e-07,-0.0693596708094603,-99.9987454778534
"CAWA","can14","2020","population_density",627,7.17118829251647e-21,9.71495362108978e-20,8.99783479183813e-20,NA
"CAWA","can14","2020","population_density",628,4.30271297550988e-20,5.82897217265387e-19,5.39870087510288e-19,NA
"CAWA","can14","2020","population_density",629,0.260801291805799,1.92037910861995e-06,-0.26079937142669,-99.9992636619645
"CAWA","can14","2020","population_density",630,0.024107523453004,0.0373634689930519,0.0132559455400479,54.9867578305561
"CAWA","can14","2020","population_density",632,2.15135648775494e-19,2.91448608632693e-18,2.69935043755144e-18,NA
"CAWA","can14","2020","population_density",633,1.2191020097278e-19,1.65154211558526e-18,1.52963191461248e-18,NA
"CAWA","can14","2020","population_density",634,1.43423765850329e-20,1.04320724503414e-19,8.99783479183813e-20,NA
"CAWA","can14","2020","population_density",635,1.43423765850329e-20,1.94299072421796e-19,1.79956695836763e-19,NA
"CAWA","can14","2020","population_density",638,1.43423765850329e-20,1.94299072421796e-19,1.79956695836763e-19,NA
"CAWA","can14","2020","population_density",639,2.86847531700659e-20,3.88598144843591e-19,3.59913391673525e-19,NA
"CAWA","can14","2020","population_density",642,1.34730084244807,1.39959132282026,0.0522904803721866,3.88112875199971
"CAWA","can14","2020","population_density",645,5.01983180476153e-20,6.80046753476284e-19,6.29848435428669e-19,NA
"CAWA","can14","2020","population_density",647,7.17118829251647e-21,9.71495362108978e-20,8.99783479183813e-20,NA
"CAWA","can14","2020","population_density",651,6.74091699496548e-19,9.13205640382439e-18,8.45796470432784e-18,NA
"CAWA","can14","2020","population_density",653,1.43423765850329e-20,1.94299072421796e-19,1.79956695836763e-19,NA
"CAWA","can14","2020","population_density",657,1.43423765850329e-20,1.94299072421796e-19,1.79956695836763e-19,NA
"CAWA","can14","2020","population_density",658,0.0341294377456736,4.65587928193647e-07,-0.0341289721577454,-99.9986358171744
"CAWA","can14","2020","population_density",660,0.0705116224018587,8.1369929676506e-07,-0.0705108087025619,-99.9988460068439
"CAWA","can14","2020","population_density",662,2.15135648775494e-20,1.11491912795931e-19,8.99783479183813e-20,NA
"CAWA","can14","2020","population_density",664,2.86847531700659e-20,3.88598144843591e-19,3.59913391673525e-19,NA
"CAWA","can14","2020","population_density",665,4.30271297550988e-20,5.82897217265387e-19,5.39870087510288e-19,NA
"CAWA","can14","2020","population_density",666,0.851788134367867,0.0212456165616887,-0.830542517806178,-97.5057627942357
"CAWA","can14","2020","population_density",667,7.17118829251647e-21,9.71495362108978e-20,8.99783479183813e-20,NA
"CAWA","can14","2020","population_density",668,2.15135648775494e-20,2.91448608632693e-19,2.69935043755144e-19,NA
"CAWA","can14","2020","population_density",669,0.0240927265656521,4.17922947968661e-07,-0.0240923086427041,-99.9982653563646
"CAWA","can14","2020","population_density",671,0.0421870488672349,4.35062351288214e-07,-0.0421866138048836,-99.9989687300653
"CAWA","can14","2020","population_density",674,0.0325151796675138,4.06113980680237e-07,-0.0325147735535331,-99.9987510018864
"CAWA","can14","2020","population_density",679,0.205964450470066,5.86172021632084e-06,-0.20595858874985,-99.997154013616
"CAWA","can14","2020","population_density",681,0.0295356806005653,4.29917168003321e-07,-0.0295352506833973,-99.9985444142161
"CAWA","can14","2020","population_density",684,1.43423765850329e-20,1.94299072421796e-19,1.79956695836763e-19,NA
"CAWA","can14","2020","population_density",685,0.0636429752154255,0.0297118854387094,-0.0339310897767161,-53.3147447331973
"CAWA","can14","2020","population_density",686,0.0340665846327726,4.28806759972842e-07,-0.0340661558260126,-99.9987412687107
"CAWA","can14","2020","population_density",688,7.17118829251647e-21,9.71495362108978e-20,8.99783479183813e-20,NA
"CAWA","can14","2020","population_density",689,1.43423765850329e-20,1.94299072421796e-19,1.79956695836763e-19,NA
"CAWA","can14","2020","population_density",692,1.43423765850329e-20,1.94299072421796e-19,1.79956695836763e-19,NA
"CAWA","can14","2020","population_density",693,0.231845900908852,0.252658679169508,0.0208127782606557,8.97698780917331
"CAWA","can14","2020","population_density",694,7.17118829251647e-21,9.71495362108978e-20,8.99783479183813e-20,NA
"CAWA","can14","2020","population_density",695,2.15135648775494e-20,2.91448608632693e-19,2.69935043755144e-19,NA
"CAWA","can14","2020","population_density",698,5.01983180476153e-20,6.80046753476284e-19,6.29848435428669e-19,NA
"CAWA","can14","2020","population_density",703,1.43423765850329e-20,1.94299072421796e-19,1.79956695836763e-19,NA
"CAWA","can14","2020","population_density",704,2.15135648775494e-20,2.91448608632693e-19,2.69935043755144e-19,NA
"CAWA","can14","2020","population_density",708,0.00194806576292681,2.37932105843518e-07,-0.00194782783082097,-99.9877862385156
"CAWA","can14","2020","population_density",710,1.43423765850329e-20,1.94299072421796e-19,1.79956695836763e-19,NA
"CAWA","can14","2020","population_density",711,7.17118829251647e-21,9.71495362108978e-20,8.99783479183813e-20,NA
"CAWA","can14","2020","population_density",714,2.9550792478584e-18,7.27081012999606e-18,4.31573088213766e-18,NA
"CAWA","can14","2020","population_density",717,7.17118829251647e-21,9.71495362108978e-20,8.99783479183813e-20,NA
"CAWA","can14","2020","population_density",723,4.30271297550988e-20,5.82897217265387e-19,5.39870087510288e-19,NA
"CAWA","can14","2020","population_density",727,3.58559414625823e-20,4.85747681054489e-19,4.49891739591907e-19,NA
"CAWA","can14","2020","population_density",730,7.17118829251647e-21,9.71495362108978e-20,8.99783479183813e-20,NA
"CAWA","can14","2020","population_density",731,2.15135648775494e-20,2.91448608632693e-19,2.69935043755144e-19,NA
"CAWA","can14","2020","population_density",733,6.45406946326482e-20,8.7434582589808e-19,8.09805131265432e-19,NA
"CAWA","can14","2020","population_density",736,0.0139438988216736,0.0154620790271426,0.00151818020546901,10.8877741074056
"CAWA","can14","2020","population_density",737,7.17118829251647e-21,9.71495362108978e-20,8.99783479183813e-20,NA
"CAWA","can14","2020","population_density",741,0.0142470196316518,0.0108657348809029,-0.00338128475074891,-23.7332778235029
"CAWA","can14","2020","population_density",742,0.0293984462404617,0.0311839077385294,0.00178546149806769,6.07331926137755
"CAWA","can14","2020","population_density",744,7.88830712176812e-20,1.06864489831988e-18,9.89761827102194e-19,NA
"CAWA","can14","2020","population_density",746,0.0695582272549178,0.0695353427911583,-2.28844637595316e-05,-0.0328997225240723
"CAWA","can14","2020","population_density",747,0.0355501488328467,0.0327636791218522,-0.0027864697109945,-7.83813796138015
"CAWA","can14","2020","population_density",748,7.17118829251647e-21,9.71495362108978e-20,8.99783479183813e-20,NA
"CAWA","can14","2020","population_density",749,0.0964569083349431,0.0907551639092308,-0.00570174442571236,-5.91118306001812
"CAWA","can14","2020","population_density",750,0.0822659987864385,0.0822110395590103,-5.4959227428153e-05,-0.0668067345426954
"CAWA","can14","2020","population_density",751,0.019298988777035,0.0194520330704544,0.000153044293419446,0.793017163684572
"CAWA","can14","2020","population_density",753,0.0341785408088047,4.45762644270849e-07,-0.0341780950461604,-99.9986957821085
"CAWA","can14","2020","population_density",754,0.0832188948579544,0.0817974055280839,-0.00142148932987052,-1.70813290935532
"CAWA","can14","2020","population_density",755,0.351020256794738,0.335800279814062,-0.015219976980676,-4.33592554448389
"CAWA","can14","2020","population_density",756,0.106870007736672,0.106853730074892,-1.62776617804727e-05,-0.0152312722018145
"CAWA","can14","2020","population_density",758,1.43423765850329e-20,1.94299072421796e-19,1.79956695836763e-19,NA
"CAWA","can14","2020","population_density",759,0.0285595164738917,0.0780972912841493,0.0495377748102577,173.454529090308
"CAWA","can14","2020","population_density",760,0.0546274827578532,0.0545044121608946,-0.000123070596958597,-0.225290624325727
"CAWA","can14","2020","population_density",762,0.0505067491249411,0.0478146413718772,-0.00269210775306394,-5.33019408238756
"CAWA","can14","2020","population_density",766,0.388556101550804,0.348973514517566,-0.0395825870332382,-10.1870970177167
"CAWA","can14","2020","population_density",768,0.54440604248256,0.602482318275727,0.0580762757931668,10.6678235106156
"CAWA","can14","2020","population_density",776,0.0412533654284539,0.0519663206814416,0.0107129552529877,25.9686819286713
"CAWA","can14","2020","population_density",777,9.84907586270329e-21,1.09641989299611e-20,1.11512306725782e-21,NA
"CAWA","can14","2020","population_density",788,0.0557356564351212,0.0521086361349645,-0.00362702030015671,-6.50754029313125
"CAWA","can14","2020","population_density",790,0.273891062637913,0.263423715862139,-0.0104673467757737,-3.82171899840763
"CAWA","can14","2020","population_density",793,7.17118829251647e-21,7.17118829251647e-21,0,NA
"CAWA","can14","2020","population_density",796,7.17118829251647e-21,9.71495362108978e-20,8.99783479183813e-20,NA
"CAWA","can14","2020","population_density",797,0.0559518723613688,0.0552851792699669,-0.000666693091401882,-1.191547419711
"CAWA","can14","2020","population_density",798,0.001032318939837,1.42702242431173e-07,-0.00103217623759457,-99.9861765354752
"CAWA","can14","2020","population_density",799,0.58367597510246,0.587787320567528,0.00411134546506786,0.704388331958694
"CAWA","can14","2020","population_density",801,0.0322469215680039,0.0351190916129633,0.00287217004495943,8.90680382901809
"CAWA","can14","2020","population_density",805,0.318189640023306,7.02309116928588e-06,-0.318182616932137,-99.9977927970349
"CAWA","can14","2020","population_density",806,0.0747736833449997,0.0747360504534322,-3.76328915674407e-05,-0.050329059481804
"CAWA","can14","2020","population_density",807,0.0397133698376084,0.0396921170513886,-2.12527862197831e-05,-0.0535154440599921
"CAWA","can14","2020","population_density",808,0.0188909501341379,0.0193218117762106,0.000430861642072733,2.28078333283047
"CAWA","can14","2020","population_density",811,0.103788879390262,0.0668918161604078,-0.0368970632298537,-35.5501123498167
"CAWA","can14","2020","population_density",818,0.094486896212171,0.0921473944416147,-0.00233950177055631,-2.47600658328636
"CAWA","can14","2020","population_density",822,0.388768152601008,0.416407370847066,0.0276392182460576,7.10943477780797
"CAWA","can14","2020","population_density",827,0.0385919007281998,4.36455185912638e-07,-0.0385914642730139,-99.9988690497807
"CAWA","can14","2020","population_density",834,54.009899588672,46.8530384691888,-7.15686111948315,-13.2510172653315
"CAWA","can14","2020","population_density",838,0.0715634296465173,0.0910957054986976,0.0195322758521803,27.2936553609276
"CAWA","can14","2020","population_density",841,0.0363932121312138,0.0411897635244425,0.00479655139322865,13.1797967597225
"CAWA","can14","2020","population_density",842,0.0587423840137826,0.0663293278500929,0.00758694383631031,12.9156212565874
"CAWA","can14","2020","population_density",844,0.0224468155015018,0.0269628673361031,0.00451605183460124,20.1188976418463
"CAWA","can14","2020","population_density",845,0.0266802443612462,0.0266802872020999,4.28408537533898e-08,0.000160571444449052
"CAWA","can14","2020","population_density",863,6.02987654114549e-06,1.36319832657247e-07,-5.89355670848824e-06,-97.7392599711279
"CAWA","can14","2020","population_density",866,5.73695063401318e-20,7.77196289687182e-19,7.1982678334705e-19,NA
"CAWA","can14","2020","population_density",871,7.17118829251647e-21,9.71495362108978e-20,8.99783479183813e-20,NA
"CAWA","can14","2020","population_density",872,7.17118829251647e-21,9.71495362108978e-20,8.99783479183813e-20,NA
"CAWA","can14","2020","population_density",873,0.107042873187893,0.357693168864985,0.250650295677092,234.158789102311
"CAWA","can14","2020","population_density",875,0.0398778824217016,0.0398781729944142,2.90572712557946e-07,0.000728656325040508
"CAWA","can14","2020","population_density",878,7.17118829251647e-21,9.71495362108978e-20,8.99783479183813e-20,NA
"CAWA","can14","2020","population_density",881,1.43423765850329e-20,1.94299072421796e-19,1.79956695836763e-19,NA
"CAWA","can14","2020","population_density",883,0.135984632011557,0.135043861876447,-0.000940770135109403,-0.691820922109384
"CAWA","can14","2020","population_density",889,0.125155510417934,1.74100411540501e-06,-0.125153769413818,-99.998608927318
"CAWA","can14","2020","population_density",891,7.17118829251647e-21,9.71495362108978e-20,8.99783479183813e-20,NA
"CAWA","can14","2020","population_density",892,2.86847531700659e-20,3.88598144843591e-19,3.59913391673525e-19,NA
"CAWA","can14","2020","population_density",895,2.01059737502333e-18,1.44386941518327e-17,1.24280967768093e-17,NA
"CAWA","can14","2020","population_density",896,0.0287467791128524,0.0298507543864526,0.00110397527360018,3.84034423218774
"CAWA","can14","2020","population_density",901,0.0292042058095439,0.0330843112472174,0.00388010543767359,13.2861186603663
"CAWA","can14","2020","population_density",902,0.0396766096687062,0.0481822327729042,0.008505623104198,21.4373737454351
"CAWA","can14","2020","population_density",904,7.17118829251647e-21,9.71495362108978e-20,8.99783479183813e-20,NA
"CAWA","can14","2020","population_density",906,0.072036991307014,4.47509556635775e-07,-0.0720365437974574,-99.9993787781131
"CAWA","can14","2020","population_density",913,0.00609556943243167,0.00831908564504957,0.0022235162126179,36.4775799417133
"CAWA","can14","2020","population_density",914,5.73695063401318e-20,7.77196289687182e-19,7.1982678334705e-19,NA
"CAWA","can14","2020","population_density",915,0.0447681541188105,5.68111453437244e-07,-0.0447675860073571,-99.9987309920085
"CAWA","can14","2020","population_density",919,2.86847531700659e-20,3.88598144843591e-19,3.59913391673525e-19,NA
"CAWA","can14","2020","population_density",923,3.58559414625823e-20,4.85747681054489e-19,4.49891739591907e-19,NA
"CAWA","can14","2020","population_density",924,7.17118829251647e-21,9.71495362108978e-20,8.99783479183813e-20,NA
"CAWA","can14","2020","population_density",926,0.0559840328040169,0.0559484339171936,-3.55988868232515e-05,-0.0635875713846347
"CAWA","can14","2020","population_density",929,7.17118829251647e-21,9.71495362108978e-20,8.99783479183813e-20,NA
"CAWA","can14","2020","population_density",930,4.30271297550988e-20,5.82897217265387e-19,5.39870087510288e-19,NA
"CAWA","can14","2020","population_density",932,0.0794849585258817,0.0766651589668133,-0.00281979955906841,-3.54758889148849
"CAWA","can14","2020","population_density",934,7.17118829251647e-21,9.71495362108978e-20,8.99783479183813e-20,NA
"CAWA","can14","2020","population_density",935,2.15135648775494e-20,2.91448608632693e-19,2.69935043755144e-19,NA
"CAWA","can14","2020","population_density",936,0.0259332346160956,5.00927006955842e-07,-0.0259327336890887,-99.9980683975047
"CAWA","can14","2020","population_density",937,0.111154424662966,0.0713255809517701,-0.039828843711196,-35.8319912427795
"CAWA","can14","2020","population_density",942,3.44217038040791e-19,4.66317773812309e-18,4.3189607000823e-18,NA
"CAWA","can14","2020","population_density",945,0.0698060317620075,1.69065072504403e-06,-0.0698043411112824,-99.9975780735814
"CAWA","can14","2020","population_density",948,4.32481689321632e-19,4.978875558314e-20,-3.82692933738492e-19,NA
"CAWA","can14","2020","population_density",951,0.0463751292527004,0.0384382808955364,-0.00793684835716402,-17.1144501051754
"CAWA","can14","2020","population_density",953,4.30271297550988e-20,5.82897217265387e-19,5.39870087510288e-19,NA
"CAWA","can14","2020","population_density",960,0.0228878161650321,0.0533131140142013,0.0304252978491692,132.932288645576
"CAWA","can14","2020","population_density",961,7.17118829251647e-21,9.71495362108978e-20,8.99783479183813e-20,NA
"CAWA","can14","2020","population_density",962,0.092357635166076,0.0240932085257394,-0.0682644266403366,-73.9131383318603
"CAWA","can14","2020","population_density",963,2.27796578739351e-18,1.5618659305159e-17,1.33406935177655e-17,NA
"CAWA","can14","2020","population_density",965,0.0330577424673071,0.033058025589471,2.83122163935445e-07,0.000856447363928263
"CAWA","can14","2020","population_density",970,4.23610923711999e-18,7.07186240774685e-18,2.83575317062686e-18,NA
"CAWA","can14","2020","population_density",973,0.0123466027351969,0.00941882619338852,-0.00292777654180842,-23.7132157290693
"CAWA","can14","2020","population_density",977,7.17118829251647e-21,9.71495362108978e-20,8.99783479183813e-20,NA
"CAWA","can14","2020","population_density",980,0.00171495674507986,2.62066686149207e-07,-0.00171469467839371,-99.9847187582485
"CAWA","can14","2020","population_density",982,0.0127838805994696,0.0337152486956693,0.0209313680961998,163.732506208391
"CAWA","can14","2020","population_density",986,1.43423765850329e-20,1.94299072421796e-19,1.79956695836763e-19,NA
"CAWA","can14","2020","population_density",987,0.123972024523495,0.0567168084754132,-0.0672552160480822,-54.2503168005745
"CAWA","can14","2020","population_density",988,0.0402977163664229,0.0403755041809641,7.77878145412636e-05,0.193032810678271
"CAWA","can14","2020","population_density",992,1.43423765850329e-20,1.94299072421796e-19,1.79956695836763e-19,NA
"CAWA","can14","2020","population_density",997,5.42792079569316e-19,1.07646132630305e-20,-5.32027466306285e-19,NA
"CAWA","can14","2020","population_density",998,2.86847531700659e-20,3.88598144843591e-19,3.59913391673525e-19,NA
"CAWA","can14","2020","population_density",999,1.43423765850329e-20,1.94299072421796e-19,1.79956695836763e-19,NA
"CAWA","can14","2020","population_density",1000,0.110402181989468,0.0913036143162471,-0.0190985676732214,-17.2990853342403
"CAWA","can14","2020","population_density",1003,0.0178897442107773,4.46301434744978e-07,-0.0178892979093425,-99.9975052665399
"CAWA","can14","2020","population_density",1005,0.0288152946765248,0.0285667841971304,-0.000248510479394337,-0.862425604818796
"CAWA","can14","2020","population_density",1008,1.43423765850329e-20,1.94299072421796e-19,1.79956695836763e-19,NA
"CAWA","can14","2020","population_density",1015,0.0180547655867669,0.0249187309004266,0.00686396531365974,38.0174712359081
"CAWA","can14","2020","population_density",1016,0.00921999864790422,0.0118048426537383,0.00258484400583407,28.035188556363
"CAWA","can14","2020","population_density",1018,0.0346112747590288,0.0381098488664038,0.00349857410737497,10.1081920031343
"CAWA","can14","2020","population_density",1020,7.17118829251647e-21,9.71495362108978e-20,8.99783479183813e-20,NA
"CAWA","can14","2020","population_density",1021,2.15135648775494e-20,2.01470260714312e-19,1.79956695836763e-19,NA
"CAWA","can14","2020","population_density",1028,6.45406946326482e-20,8.7434582589808e-19,8.09805131265432e-19,NA
"CAWA","can14","2020","population_density",1029,2.15135648775494e-20,2.91448608632693e-19,2.69935043755144e-19,NA
"CAWA","can14","2020","population_density",1030,2.15135648775494e-20,2.91448608632693e-19,2.69935043755144e-19,NA
"CAWA","can14","2020","population_density",1031,0.0202710900356973,4.61794908057287e-07,-0.0202706282407892,-99.9977219039171
"CAWA","can14","2020","population_density",1032,2.34985317643763e-18,1.31934983470288e-17,1.08436451705912e-17,NA
"CAWA","can14","2020","population_density",1042,0.373540732661639,9.58489284823513e-06,-0.373531147768791,-99.997434043463
"CAWA","can14","2020","population_density",1046,0.0187983930226299,4.5758295182404e-07,-0.018797935439678,-99.9975658400626
"CAWA","can14","2020","population_density",1048,0.0305548922466807,0.0331858701476544,0.00263097790097366,8.61066005316865
"CAWA","can14","2020","population_density",1052,7.17118829251647e-21,9.71495362108978e-20,8.99783479183813e-20,NA
"CAWA","can14","2020","population_density",1055,0.041644046698579,0.0358798701178697,-0.00576417658070927,-13.8415380772925
"CAWA","can14","2020","population_density",1057,0.0696546125666813,0.0735534431827367,0.00389883061605545,5.59737607085683
"CAWA","can14","2020","population_density",1059,0.0523038575330603,1.33203824287716e-06,-0.0523025254948175,-99.9974532695948
"CAWA","can14","2020","population_density",1060,0.0315999836981198,0.0358683483427771,0.0042683646446573,13.5074900209878
"CAWA","can14","2020","population_density",1061,0.0332472182502292,0.0373315534883285,0.00408433523809926,12.2847427636178
"CAWA","can14","2020","population_density",1063,0.00184864861413912,0.00181352004538425,-3.51285687548719e-05,-1.90022963186168
"CAWA","can14","2020","population_density",1069,0.0358618849617978,0.0378174432757246,0.0019555583139268,5.45302712339292
"CAWA","can14","2020","population_density",1075,0.0489831555723446,0.0462312602929749,-0.0027518952793697,-5.61804409539387
"CAWA","can14","2020","population_density",1076,1.6393903317751,2.28372918751714,0.644338855742041,39.303565676416
"CAWA","can14","2020","population_density",1081,0.0250767484581731,0.0290837429167268,0.00400699445855368,15.978923524464
"CAWA","can14","2020","population_density",1084,0.129953612823148,3.08615576865761e-06,-0.12995052666738,-99.9976251866327
"CAWA","can14","2020","population_density",1085,8.73412139096704e-21,1.29538660309934e-19,1.20804538918967e-19,NA
"CAWA","can14","2020","population_density",1093,0.0268654695864177,0.0341054472108251,0.00723997762440742,26.9490082841051
"CAWA","can14","2020","population_density",1094,0.172845570717636,0.185379623608431,0.0125340528907949,7.25159044501683
"CAWA","can14","2020","population_density",1101,7.17118829251647e-21,9.71495362108978e-20,8.99783479183813e-20,NA
"CAWA","can14","2020","population_density",1108,1.43423765850329e-20,1.04320724503414e-19,8.99783479183813e-20,NA
"CAWA","can14","2020","population_density",1109,0.0330392948231517,0.031916581332649,-0.00112271349050275,-3.39811577853661
"CAWA","can14","2020","population_density",1110,0.00295048804416973,5.98901850023781e-07,-0.00294988914231971,-99.9797016005129
"CAWA","can14","2020","population_density",1111,0.0399687097854717,0.0552176062050771,0.0152488964196054,38.1520857226875
"CAWA","can14","2020","population_density",1113,0.200267574999935,0.210096867554621,0.00982929255468612,4.90807987997523
"CAWA","can14","2020","population_density",1114,0.0225317838156613,0.0330192937323863,0.010487509916725,46.5454044940523
"CAWA","can14","2020","population_density",1116,0.0288412450580244,0.0347033006381827,0.00586205558015829,20.3252514527881
"CAWA","can14","2020","population_density",1117,0.000997237286473607,1.3332652820382e-07,-0.000997103959945403,-99.9866304108348
"CAWA","can14","2020","population_density",1118,7.17118829251647e-21,7.17118829251647e-21,0,NA
"CAWA","can14","2020","population_density",1121,0.0472482518251516,0.0568546378563939,0.00960638603124231,20.331727969094
"CAWA","can14","2020","population_density",1122,0.109328838048744,0.114655796464356,0.00532695841561193,4.8724183945291
"CAWA","can14","2020","population_density",1123,0.105806025331374,0.123462872029958,0.0176568466985847,16.6879406378656
"CAWA","can14","2020","population_density",1125,9.58504232107711e-18,1.49331783645302e-19,-9.4357105374318e-18,NA
"CAWA","can14","2020","population_density",1128,0.0295423579814484,0.0366059970638695,0.00706363908242102,23.9102074616276
"CAWA","can14","2020","population_density",1129,0.0210402534151957,0.0275587128312718,0.00651845941607609,30.9808978411274
"CAWA","can14","2020","population_density",1132,0.0504420892458146,0.0560874923676202,0.00564540312180561,11.1918503103518
"CAWA","can14","2020","population_density",1133,0.294065471068716,0.266711913308346,-0.0273535577603701,-9.30185977325375
"CAWA","can14","2020","population_density",1134,8.65373662396676,8.96883445608541,0.315097832118649,3.64117659007529
"CAWA","can14","2020","population_density",1141,0.164212335885981,0.185484585562772,0.021272249676791,12.9541118589051
"CAWA","can14","2020","population_density",1146,2.86847531700659e-20,3.88598144843591e-19,3.59913391673525e-19,NA
"CAWA","can14","2020","population_density",1147,0.0361154618378099,0.0361243541089324,8.89227112255142e-06,0.0246217843274039
"CAWA","can14","2020","population_density",1148,0.197253219546014,0.175674287098369,-0.021578932447645,-10.9397111475847
"CAWA","can14","2020","population_density",1150,7.17118829251647e-21,9.71495362108978e-20,8.99783479183813e-20,NA
"CAWA","can14","2020","population_density",1153,0.31618767270448,0.278842739831259,-0.0373449328732203,-11.8110021664647
"CAWA","can14","2020","population_density",1156,1.43423765850329e-20,1.94299072421796e-19,1.79956695836763e-19,NA
"CAWA","can14","2020","population_density",1157,1.43423765850329e-20,1.94299072421796e-19,1.79956695836763e-19,NA
"CAWA","can14","2020","population_density",1158,7.17118829251647e-21,9.71495362108978e-20,8.99783479183813e-20,NA
"CAWA","can14","2020","population_density",1159,1.43423765850329e-20,1.94299072421796e-19,1.79956695836763e-19,NA
"CAWA","can14","2020","population_density",1161,0.246712892463883,0.273169571469905,0.0264566790060217,10.7236710419966
"CAWA","can14","2020","population_density",1163,0.184728226448049,0.21896842269585,0.0342401962478001,18.5354436114988
"CAWA","can14","2020","population_density",1164,3.58559414625823e-20,4.85747681054489e-19,4.49891739591907e-19,NA
"CAWA","can14","2020","population_density",1165,2.15135648775494e-20,2.01470260714312e-19,1.79956695836763e-19,NA
"CAWA","can14","2020","population_density",1166,0.103278754688199,0.0994321791963948,-0.00384657549180378,-3.72445959812035
"CAWA","can14","2020","population_density",1168,0.02837618151349,0.0191384789991875,-0.00923770251430245,-32.5544242445407
"CAWA","can14","2020","population_density",1170,7.88830712176812e-20,1.06864489831988e-18,9.89761827102194e-19,NA
"CAWA","can14","2020","population_density",1172,8.60542595101976e-20,1.16579443453077e-18,1.07974017502058e-18,NA
"CAWA","can14","2020","population_density",1174,2.86847531700659e-20,3.88598144843591e-19,3.59913391673525e-19,NA
"CAWA","can14","2020","population_density",1175,7.17118829251647e-21,9.71495362108978e-20,8.99783479183813e-20,NA
"CAWA","can14","2020","population_density",1176,7.17118829251647e-21,7.17118829251647e-21,0,NA
"CAWA","can14","2020","population_density",1177,0.182214336442091,0.232814436220295,0.0506000997782046,27.7695491837909
"CAWA","can14","2020","population_density",1179,0.0914460598633386,0.12388292660101,0.0324368667376715,35.4710381028409
"CAWA","can14","2020","population_density",1183,0.121659432274481,0.144896734170919,0.0232373018964387,19.1002879612426
"CAWA","can14","2020","population_density",1185,1.43423765850329e-20,1.94299072421796e-19,1.79956695836763e-19,NA
"CAWA","can14","2020","population_density",1187,0.0314144045702434,0.0258178281728574,-0.00559657639738598,-17.8153190358006
"CAWA","can14","2020","population_density",1189,2.15135648775494e-20,2.01470260714312e-19,1.79956695836763e-19,NA
"CAWA","can14","2020","population_density",1190,7.17118829251647e-21,9.71495362108978e-20,8.99783479183813e-20,NA
"CAWA","can14","2020","population_density",1192,0.0118126259521085,0.0169521127916956,0.00513948683958709,43.5084193846814
"CAWA","can14","2020","population_density",1193,0.0373081176786796,0.0259513426249027,-0.0113567750537769,-30.440493277062
"CAWA","can14","2020","population_density",1196,7.17118829251647e-21,9.71495362108978e-20,8.99783479183813e-20,NA
"CAWA","can14","2020","population_density",1197,8.60542595101976e-20,1.16579443453077e-18,1.07974017502058e-18,NA
"CAWA","can14","2020","population_density",1198,5.73695063401318e-20,6.87217941768801e-19,6.29848435428669e-19,NA
"CAWA","can14","2020","population_density",1199,8.60542595101976e-20,1.16579443453077e-18,1.07974017502058e-18,NA
"CAWA","can14","2020","population_density",1201,0.0663447431068609,0.0878455766781134,0.0215008335712525,32.4077425947996
"CAWA","can14","2020","population_density",1205,1.43423765850329e-20,1.94299072421796e-19,1.79956695836763e-19,NA
"CAWA","can14","2020","population_density",1206,1.43423765850329e-20,1.94299072421796e-19,1.79956695836763e-19,NA
"CAWA","can14","2020","population_density",1207,7.17118829251647e-21,9.71495362108978e-20,8.99783479183813e-20,NA
"CAWA","can14","2020","population_density",1209,1.43423765850329e-20,1.94299072421796e-19,1.79956695836763e-19,NA
"CAWA","can14","2020","population_density",1210,0.204307476481463,0.212080448343291,0.00777297186182824,3.80454596948316
"CAWA","can14","2020","population_density",1215,0.0741543848768562,0.0768499127685613,0.00269552789170513,3.63502157853704
"CAWA","can14","2020","population_density",1222,0.00252444777347855,2.55240037792583e-07,-0.00252419253344076,-99.9898892723995
"CAWA","can14","2020","population_density",1223,7.17118829251647e-21,7.17118829251647e-21,0,NA
"CAWA","can14","2020","population_density",1226,0.167211607293444,0.172870098037733,0.0056584907442887,3.38402987440846
"CAWA","can14","2020","population_density",1229,0.00956284212612553,4.87513194523599e-07,-0.009562354612931,-99.9949020051979
"CAWA","can14","2020","population_density",1231,2.15135648775494e-20,2.91448608632693e-19,2.69935043755144e-19,NA
"CAWA","can14","2020","population_density",1232,7.17118829251647e-21,9.71495362108978e-20,8.99783479183813e-20,NA
"CAWA","can14","2020","population_density",1234,7.17118829251647e-21,9.71495362108978e-20,8.99783479183813e-20,NA
"CAWA","can14","2020","population_density",1239,0.0273935668115745,0.0972908735221072,0.0698973067105327,255.159567906284
"CAWA","can14","2020","population_density",1240,2.86847531700659e-20,3.88598144843591e-19,3.59913391673525e-19,NA
"CAWA","can14","2020","population_density",1241,1.43423765850329e-20,1.43423765850329e-20,0,NA
"CAWA","can14","2020","population_density",1247,0.259173626091792,9.3459075259016e-06,-0.259164280184266,-99.9963939588812
"CAWA","can14","2020","population_density",1249,0.132083975449417,0.148713075654396,0.0166291002049783,12.5897938401669
"CAWA","can14","2020","population_density",1251,0.0587597219669123,0.0617091355822375,0.00294941361532519,5.01944787449133
"CAWA","can14","2020","population_density",1252,0.304428027880896,0.31442467169156,0.00999664381066356,3.28374620439831
"CAWA","can14","2020","population_density",1259,7.17118829251647e-21,9.71495362108978e-20,8.99783479183813e-20,NA
"CAWA","can14","2020","population_density",1260,0.0223209434852369,0.0273559154054781,0.00503497192024116,22.5571644118506
"CAWA","can14","2020","population_density",1268,0.0485450629401329,0.0492131901891657,0.000668127249032757,1.37630318835246
"CAWA","can14","2020","population_density",1269,0.0455479208941245,0.0455482598956225,3.3900149798427e-07,0.000744274362758016
"CAWA","can14","2020","population_density",1272,1.65467459453271e-20,1.098817586719e-20,-5.55857007813711e-21,NA
"CAWA","can14","2020","population_density",1276,7.17118829251647e-21,9.71495362108978e-20,8.99783479183813e-20,NA
"CAWA","can14","2020","population_density",1278,0.0962719513528176,0.107981819327305,0.0117098679744876,12.1633225565079
"CAWA","can14","2020","population_density",1281,7.17118829251647e-21,9.71495362108978e-20,8.99783479183813e-20,NA
"CAWA","can14","2020","population_density",1282,7.17118829251647e-21,9.71495362108978e-20,8.99783479183813e-20,NA
"CAWA","can14","2020","population_density",1283,7.17118829251647e-21,9.71495362108978e-20,8.99783479183813e-20,NA
"CAWA","can14","2020","population_density",1284,0.0992661641148789,0.107967791575582,0.00870162746070302,8.76595518552806
"CAWA","can14","2020","population_density",1287,0.109844200424951,0.111814957693799,0.00197075726884766,1.79413866296395
"CAWA","can14","2020","population_density",1290,0.00144346121632392,1.17575943063662e-07,-0.00144334364038086,-99.9918545824624
"CAWA","can14","2020","population_density",1292,2.15135648775494e-20,2.91448608632693e-19,2.69935043755144e-19,NA
"CAWA","can14","2020","population_density",1293,1.43423765850329e-20,1.94299072421796e-19,1.79956695836763e-19,NA
"CAWA","can14","2020","population_density",1295,0.0011050635244178,1.23232426591989e-07,-0.00110494029199121,-99.9888483852856
"CAWA","can14","2020","population_density",1298,0.0278018030113434,0.0267641695937491,-0.00103763341759433,-3.73225224698904
"CAWA","can14","2020","population_density",1299,0.0348416803210978,0.0403139511873496,0.00547227086625179,15.7061049175006
"CAWA","can14","2020","population_density",1303,7.17118829251647e-21,9.71495362108978e-20,8.99783479183813e-20,NA
"CAWA","can14","2020","population_density",1304,0.0971979618842456,0.104714284471097,0.00751632258685131,7.73300431525777
"CAWA","can14","2020","population_density",1309,2.15135648775494e-20,2.91448608632693e-19,2.69935043755144e-19,NA
"CAWA","can14","2020","population_density",1312,0.0482954647053369,0.0512277568823682,0.00293229217703139,6.07156840693441
"CAWA","can14","2020","population_density",1314,0.026664801164791,0.031311366729029,0.00464656556423804,17.4258399135318
"CAWA","can14","2020","population_density",1317,0.287071125107063,0.319541768918441,0.0324706438113775,11.3110100499545
"CAWA","can14","2020","population_density",1318,0.0533079937754779,0.0594011142943238,0.00609312051884592,11.4300315718293
"CAWA","can14","2020","population_density",1336,7.17118829251647e-21,9.71495362108978e-20,8.99783479183813e-20,NA
"CAWA","can14","2020","population_density",1346,1.43423765850329e-20,1.94299072421796e-19,1.79956695836763e-19,NA
"CAWA","can14","2020","population_density",1349,1.57766142435362e-19,1.77737640496623e-18,1.61961026253086e-18,NA
"CAWA","can14","2020","population_density",1350,0.00171081294021749,2.37275208849384e-07,-0.00171057566500864,-99.9861308502367
"CAWA","can14","2020","population_density",1351,7.17118829251647e-21,9.71495362108978e-20,8.99783479183813e-20,NA
"CAWA","can14","2020","population_density",1355,7.17118829251647e-21,9.71495362108978e-20,8.99783479183813e-20,NA
"CAWA","can14","2020","population_density",1358,2.15135648775494e-20,2.91448608632693e-19,2.69935043755144e-19,NA
"CAWA","can14","2020","population_density",1359,0.0395426928851648,0.0436752147705075,0.00413252188534274,10.4507851737461
"CAWA","can14","2020","population_density",1365,0.0192217406464468,0.0085864227878323,-0.0106353178586145,-55.3296293724599
"CAWA","can14","2020","population_density",1366,0.0165543912331789,4.51171240021545e-07,-0.0165539400619389,-99.9972746129189
"CAWA","can14","2020","population_density",1379,2.72505155115626e-19,3.15181228850383e-18,2.8793071333882e-18,NA
"CAWA","can14","2020","population_density",1380,0.0470931810175768,0.0498685493595117,0.00277536834193493,5.89335500801924
"CAWA","can14","2020","population_density",1386,2.10619631556987e-18,2.49036983795026e-20,-2.08129261719036e-18,NA
"CAWA","can14","2020","population_density",1388,2.86847531700659e-20,3.88598144843591e-19,3.59913391673525e-19,NA
"CAWA","can14","2020","population_density",1389,0.00579826020109864,4.49567544684584e-07,-0.00579781063355395,-99.9922465096582
"CAWA","can14","2020","population_density",1391,1.43423765850329e-19,1.94299072421796e-18,1.79956695836763e-18,NA
"CAWA","can14","2020","population_density",1394,1.2128538785485,6.76760789050367e-05,-1.21278620246959,-99.9944200962621
"CAWA","can14","2020","population_density",1396,0.042594738636514,0.042567823404482,-2.6915232032021e-05,-0.0631891000945081
"CAWA","can14","2020","population_density",1399,7.17118829251647e-21,9.71495362108978e-20,8.99783479183813e-20,NA
"CAWA","can14","2020","population_density",1400,0.010025473839157,4.54841307813596e-07,-0.0100250189978492,-99.9954631440358
"CAWA","can14","2020","population_density",1402,0.0972101887023999,0.0900617703643697,-0.00714841833803026,-7.3535690378243
"CAWA","can14","2020","population_density",1408,5.73695063401318e-20,7.77196289687182e-19,7.1982678334705e-19,NA
"CAWA","can14","2020","population_density",1410,2.86847531700659e-20,3.88598144843591e-19,3.59913391673525e-19,NA
"CAWA","can14","2020","population_density",1411,2.15135648775494e-20,2.91448608632693e-19,2.69935043755144e-19,NA
"CAWA","can14","2020","population_density",1412,0.0492985775884547,0.0492709135761027,-2.76640123519911e-05,-0.056115234364226
"CAWA","can14","2020","population_density",1413,7.17118829251647e-21,9.71495362108978e-20,8.99783479183813e-20,NA
"CAWA","can14","2020","population_density",1416,0.00131693960233091,1.21588343800308e-07,-0.00131681801398711,-99.9907673561046
"CAWA","can14","2020","population_density",1418,2.15135648775494e-20,2.91448608632693e-19,2.69935043755144e-19,NA
"CAWA","can14","2020","population_density",1421,6.45406946326482e-20,8.7434582589808e-19,8.09805131265432e-19,NA
"CAWA","can14","2020","population_density",1432,7.17118829251647e-21,9.71495362108978e-20,8.99783479183813e-20,NA
"CAWA","can14","2020","population_density",1436,0.00675377258420712,0.0094267396441351,0.00267296705992798,39.5773921404814
"CAWA","can14","2020","population_density",1441,0.469187211401597,0.454229033015562,-0.0149581783860349,-3.18810445437131
"CAWA","can14","2020","population_density",1444,1.43423765850329e-20,1.94299072421796e-19,1.79956695836763e-19,NA
"CAWA","can14","2020","population_density",1445,0.539228885494003,0.580844583962337,0.0416156984683336,7.71763152676961
"CAWA","can14","2020","population_density",1447,3.58559414625823e-20,4.85747681054489e-19,4.49891739591907e-19,NA
"CAWA","can14","2020","population_density",1449,0.0189885918904251,0.069789918884001,0.0508013269935759,267.536041043634
"CAWA","can14","2020","population_density",1451,1.50594954142846e-19,2.04014026042885e-18,1.88954530628601e-18,NA
"CAWA","can14","2020","population_density",1452,2.15135648775494e-20,2.91448608632693e-19,2.69935043755144e-19,NA
"CAWA","can14","2020","population_density",1455,1.43423765850329e-20,1.94299072421796e-19,1.79956695836763e-19,NA
"CAWA","can14","2020","population_density",1457,7.17118829251647e-21,9.71495362108978e-20,8.99783479183813e-20,NA
"CAWA","can14","2020","population_density",1460,7.17118829251647e-21,9.71495362108978e-20,8.99783479183813e-20,NA
"CAWA","can14","2020","population_density",1465,0.00113533862025465,1.17676470685869e-07,-0.00113522094378397,-99.9896351213121
"CAWA","can14","2020","population_density",1468,0.0015883546880707,1.25872932240084e-07,-0.00158822881513846,-99.9920752629633
"CAWA","can14","2020","population_density",1469,1.29081389265296e-19,1.47875660804102e-18,1.34967521877572e-18,NA
"CAWA","can14","2020","population_density",1470,2.15135648775494e-20,2.91448608632693e-19,2.69935043755144e-19,NA
"CAWA","can14","2020","population_density",1473,7.17118829251647e-21,9.71495362108978e-20,8.99783479183813e-20,NA
"CAWA","can14","2020","population_density",1474,1.43423765850329e-20,1.94299072421796e-19,1.79956695836763e-19,NA
"CAWA","can14","2020","population_density",1476,9.32254478027141e-20,1.26294397074167e-18,1.16971852293896e-18,NA
"CAWA","can14","2020","population_density",1477,7.17118829251647e-21,7.17118829251647e-21,0,NA
"CAWA","can14","2020","population_density",1479,7.17118829251647e-21,7.17118829251647e-21,0,NA
"CAWA","can14","2020","population_density",1481,0.032791343137502,0.035530695359951,0.00273935222244903,8.3538884362323
"CAWA","can14","2020","population_density",1485,7.17118829251647e-21,9.71495362108978e-20,8.99783479183813e-20,NA
"CAWA","can14","2020","population_density",1486,1.43423765850329e-20,1.94299072421796e-19,1.79956695836763e-19,NA
"CAWA","can14","2020","population_density",1487,1.43423765850329e-20,1.43423765850329e-20,0,NA
"CAWA","can14","2020","population_density",1492,2.15135648775494e-20,2.15135648775494e-20,0,NA
"CAWA","can14","2020","population_density",1500,0.0292197812538519,0.0272292499020959,-0.00199053135175609,-6.81227328316731
"CAWA","can14","2020","population_density",1505,0.142314917080951,0.146632131474762,0.00431721439381105,3.03356421263652
"CAWA","can14","2020","population_density",1514,0.110231688552493,0.110231893443532,2.04891039690125e-07,0.000185873084573639
"CAWA","can14","2020","population_density",1515,7.17118829251647e-21,7.17118829251647e-21,0,NA
"CAWA","can14","2020","population_density",1517,7.17118829251647e-21,7.17118829251647e-21,0,NA
"CAWA","can14","2020","population_density",1521,0.0232280557226112,0.032390930166573,0.0091628744439618,39.4474447340087
"CAWA","can14","2020","population_density",1522,3.58559414625823e-20,3.05790985217726e-19,2.69935043755144e-19,NA
"CAWA","can14","2020","population_density",1523,0.0127872358172171,0.0311720370967481,0.018384801279531,143.774632315588
"CAWA","can14","2020","population_density",1524,0.0260521043129307,0.0262678881053491,0.000215783792418378,0.82827778449849
"CAWA","can14","2020","population_density",1525,0.0061672915408752,0.00520185474074586,-0.000965436800129338,-15.6541456444969
"CAWA","can14","2020","population_density",1526,0.00707179514278505,0.0243968249935447,0.0173250298507596,244.987722366864
"CAWA","can14","2020","population_density",1530,1.43423765850329e-20,1.94299072421796e-19,1.79956695836763e-19,NA
"CAWA","can14","2020","population_density",1531,7.17118829251647e-21,9.71495362108978e-20,8.99783479183813e-20,NA
"CAWA","can14","2020","population_density",1534,0.12806062882325,0.13520531535039,0.00714468652713918,5.57914371715314
"CAWA","can14","2020","population_density",1536,0.0396644987456147,0.0429284744751903,0.0032639757295756,8.22895998386078
"CAWA","can14","2020","population_density",1540,5.01983180476153e-20,5.00090057639522e-19,4.49891739591907e-19,NA
"CAWA","can14","2020","population_density",1544,1.43423765850329e-20,1.43423765850329e-20,0,NA
"CAWA","can14","2020","population_density",1546,0.0329617044490669,0.0464317778402905,0.0134700733912236,40.8658278337453
"CAWA","can14","2020","population_density",1547,1.43423765850329e-20,1.94299072421796e-19,1.79956695836763e-19,NA
"CAWA","can14","2020","population_density",1550,1.43423765850329e-20,1.94299072421796e-19,1.79956695836763e-19,NA
"CAWA","can14","2020","population_density",1557,0.0288089630777369,0.0688006034301801,0.0399916403524432,138.816660094747
"CAWA","can14","2020","population_density",1559,7.17118829251647e-21,9.71495362108978e-20,8.99783479183813e-20,NA
"CAWA","can14","2020","population_density",1561,6.55479968693496e-19,1.07646173019998e-20,-6.44715351391496e-19,NA
"CAWA","can14","2020","population_density",1562,0.00855739662520506,6.48354462617369e-07,-0.00855674827074245,-99.9924234613514
"CAWA","can14","2020","population_density",1565,0.0109319260323961,0.0193512173656978,0.00841929133330166,77.0156266000299
"CAWA","can14","2020","population_density",1566,0.0378750511855022,0.0432956671580023,0.0054206159725001,14.311838011654
"CAWA","can14","2020","population_density",1571,0.499874463492749,0.742932500234785,0.243058036742036,48.6238154763355
"CAWA","can14","2020","population_density",1572,5.36954663898907e-19,1.07681699793777e-20,-5.26186493919529e-19,NA
"CAWA","can14","2020","population_density",1573,0.141323330887258,0.298613314513651,0.157289983626393,111.2979595364
"CAWA","can14","2020","population_density",1575,0.532194019691023,0.51092197292621,-0.0212720467648125,-3.9970473131514
"CAWA","can14","2020","population_density",1581,0.0210520097886335,3.70546817645483e-07,-0.0210516392418159,-99.9982398506301
"CAWA","can14","2020","population_density",1586,2.80401212185646,2.58348632324069,-0.220525798615774,-7.86465211390633
"CAWA","can14","2020","population_density",1593,0.00617947213856173,6.12214867699181e-07,-0.00617885992369403,-99.9900927643337
"CAWA","can14","2020","population_density",1600,0.000973768182030738,1.17884382670135e-07,-0.000973650297648067,-99.987893999327
"CAWA","can14","2020","population_density",1601,1.20524123759239,1.07758351023488,-0.127657727357512,-10.5918818055482
"CAWA","can14","2020","population_density",1604,0.471332023377933,0.450262324559196,-0.0210696988187371,-4.47024555381051
"CAWA","can14","2020","population_density",1605,0.077546620534632,0.065166777953537,-0.012379842581095,-15.9643869658591
"CAWA","can14","2020","population_density",1606,0.0318223091026417,0.0268140922268925,-0.00500821687574926,-15.7380687227801
"CAWA","can14","2020","population_density",1607,0.084983534769775,0.117240580749108,0.0322570459793333,37.9568184198497
"CAWA","can14","2020","population_density",1608,0.0307152436996339,0.0239883206891938,-0.00672692301044009,-21.9009267066967
"CAWA","can14","2020","population_density",1609,0.033958462104243,0.0315357112416148,-0.00242275086262822,-7.1344540138215
"CAWA","can14","2020","population_density",1611,0.0294039540841378,0.030184277883506,0.00078032379936821,2.65380566550797
"CAWA","can14","2020","population_density",1613,0.0293081656604368,0.0249158717391,-0.00439229392133678,-14.986587602328
"CAWA","can14","2020","population_density",1614,0.994699506056005,1.044418503583,0.049718997526996,4.99839370828005
"CAWA","can14","2020","population_density",1615,0.0429839347543428,0.0568871422155339,0.0139032074611911,32.3451250813804
"CAWA","can14","2020","population_density",1617,0.577705258353371,0.53648624570169,-0.0412190126516812,-7.13495542158771
"CAWA","can14","2020","population_density",1618,0.0481575713423088,0.051994685051918,0.00383711370960915,7.96783060826421
"CAWA","can14","2020","population_density",1619,0.0849032649796848,0.126021935038646,0.0411186700589616,48.4300221773571
"CAWA","can14","2020","population_density",1620,0.0390829509197248,0.0601469176787959,0.0210639667590711,53.8955382420734
"CAWA","can14","2020","population_density",1625,0.0943528723264951,0.199120061902401,0.104767189575905,111.037626086647
"CAWA","can14","2020","population_density",1629,0.00386550310938867,2.46324023563386e-07,-0.00386525678536511,-99.9936276335423
"CAWA","can14","2020","population_density",1630,0.378724348200576,0.377575173032297,-0.00114917516827873,-0.303433136458951
"CAWA","can14","2020","population_density",1631,0.0946363847147289,0.106435567951988,0.011799183237259,12.4679141884238
"CAWA","can14","2020","population_density",1633,0.0279663770823599,0.0257866344433875,-0.00217974263897247,-7.79415450400747
"CAWA","can14","2020","population_density",1634,0.0170488306756584,0.0197505313755957,0.00270170069993725,15.846838714837
"CAWA","can14","2020","population_density",1635,0.0996633100050477,0.116067857081109,0.0164045470760612,16.459966135211
"CAWA","can14","2020","population_density",1638,0.0286872582658224,0.031374570026836,0.00268731176101356,9.36761448623754
"CAWA","can14","2020","population_density",1641,0.0126148404964218,0.01984898897075,0.00723414847432824,57.3463332840411
"CAWA","can14","2020","population_density",1642,0.0246654390092242,0.029018822259478,0.00435338325025381,17.6497294397467
"CAWA","can14","2020","population_density",1647,0.0152151528444296,1.205992793271e-06,-0.0152139468516363,-99.9920737385578
"CAWA","can14","2020","population_density",1652,0.00206993122804287,2.54036058223398e-07,-0.00206967719198464,-99.9877273189185
"CAWA","can14","2020","population_density",1654,0.0721373485408089,0.167963630052294,0.0958262815114846,132.838652168196
"CAWA","can14","2020","population_density",1655,0.237208554836039,0.700672900445804,0.463464345609765,195.382643737329
"CAWA","can14","2020","rail",1,0.0966398276046174,0.0130838613118373,-0.0835559662927801,-86.4612120735901
"CAWA","can14","2020","rail",2,1.7856258848366e-18,2.07710572956152e-17,1.89854314107785e-17,NA
"CAWA","can14","2020","rail",7,0.361363362126035,0.595283850062561,0.233920487936526,64.7327627682797
"CAWA","can14","2020","rail",8,1.79489884827371,2.28098841281537,0.486089564541658,27.0817246893421
"CAWA","can14","2020","rail",9,3.2851364049054,4.47511841731736,1.18998201241196,36.2232146779375
"CAWA","can14","2020","rail",10,0.605296187014324,0.180627173087521,-0.424669013926804,-70.1588780893401
"CAWA","can14","2020","rail",12,373.878327120406,500.335283115624,126.456955995179,33.8230239150649
"CAWA","can14","2020","rail",24,5.40030218967555,8.97196078112009,3.57165859144454,66.1381246085253
"CAWA","can14","2020","rail",33,0.0500341437838392,0.0157309094349331,-0.0343032343489061,-68.5596509797494
"CAWA","can14","2020","rail",42,7.90656422179967,8.06333737664404,0.156773154844376,1.9828227589947
"CAWA","can14","2020","rail",49,0.0597298120063061,0.0597301510078041,3.3900149798427e-07,0.000567558287222601
"CAWA","can14","2020","rail",65,7.17118829251647e-21,9.71495362108978e-20,8.99783479183813e-20,NA
"CAWA","can14","2020","rail",77,0.0304091794274264,0.0304094029448976,2.2351747119842e-07,0.000735032892721949
"CAWA","can14","2020","rail",82,0.0332462643376008,0.0332465623608957,2.98023294931227e-07,0.000896411373936436
"CAWA","can14","2020","rail",85,0.00598789521763177,0.00598789521763177,0,0
"CAWA","can14","2020","rail",87,0.0060259770067872,0.0060259770067872,0,0
"CAWA","can14","2020","rail",101,0.0414933151876808,0.0414933151876808,0,0
"CAWA","can14","2020","rail",102,0.0501678094867914,0.0501678094867914,0,0
"CAWA","can14","2020","rail",104,0.0278911066336381,0.0512079071847995,0.0233168005511614,83.5994098672302
"CAWA","can14","2020","rail",106,0.00631663959199502,3.71039110191906e-07,-0.00631626855288483,-99.9941260047405
"CAWA","can14","2020","rail",110,1.43423765850329e-20,1.43423765850329e-20,0,NA
"CAWA","can14","2020","rail",114,0.211571939879197,0.00906968176644758,-0.202502258112749,-95.7131925095425
"CAWA","can14","2020","rail",115,0.342782887705158,0.00627391506337181,-0.336508972641786,-98.1697117072051
"CAWA","can14","2020","rail",116,0.469040165669899,0.0193544098559505,-0.449685755813949,-95.873613546868
"CAWA","can14","2020","rail",117,1.94097618562149,2.58673487436396,0.645758688742467,33.2697893733146
"CAWA","can14","2020","rail",118,0.365147462425005,0.0714255165435849,-0.293721945881421,-80.4392679962128
"CAWA","can14","2020","roads",1,4755.83681829808,5078.26765147521,322.430833177349,6.77968663552115
"CAWA","can14","2020","roads",4,15.1742874374381,0.421463102169432,-14.7528243352687,-97.2225180002219
"CAWA","can14","2020","roads",6,3.599936951989e-18,4.85891162743062e-17,4.49891793223171e-17,NA
"CAWA","can14","2020","roads",8,1.87885155661578e-18,2.37435927072617e-17,2.1864741150646e-17,NA
"CAWA","can14","2020","roads",10,7.17118914738853e-21,9.71495477920222e-20,8.99783586446337e-20,NA
"CAWA","can14","2020","roads",11,2.86847565895541e-20,3.88598191168089e-19,3.59913434578535e-19,NA
"CAWA","can14","2020","roads",12,1.40842154854709e-17,1.90261841711669e-16,1.76177626226185e-16,NA
"CAWA","can14","2020","roads",13,4.18080327292747e-18,5.66381863627494e-17,5.24573830898218e-17,NA
"CAWA","can14","2020","roads",16,2.29478052716433e-19,3.10878552934471e-18,2.87930747662828e-18,NA
"CAWA","can14","2020","roads",31,0.00991254188717783,0.00991254188717783,0,0
"CAWA","can14","2020","roads",47,2.15135674421656e-20,2.15135674421656e-20,0,NA
"CAWA","can14","2020","roads",48,5.73695131791082e-20,5.9723966504691e-19,5.39870151867802e-19,NA
"CAWA","can14","2020","roads",49,1.21910215505605e-19,1.56156395381974e-18,1.43965373831414e-18,NA
"CAWA","can14","2020","roads",50,7.17118914738853e-21,9.71495477920222e-20,8.99783586446337e-20,NA
"CAWA","can14","2020","roads",51,7.17118914738853e-21,9.71495477920222e-20,8.99783586446337e-20,NA
"CAWA","can14","2020","roads",54,2.86847565895541e-20,2.08641473878821e-19,1.79956717289267e-19,NA
"CAWA","can14","2020","roads",55,2.15135674421656e-20,2.91448643376067e-19,2.69935075933901e-19,NA
"CAWA","can14","2020","roads",56,7.88830806212738e-20,8.88688308422977e-19,8.09805227801703e-19,NA
"CAWA","can14","2020","roads",57,1.43423782947771e-20,1.43423782947771e-20,0,NA
"CAWA","can14","2020","roads",58,1.43423765850329e-20,1.94299072421796e-19,1.79956695836763e-19,NA
"CAWA","can14","2020","roads",62,0.0299124712928989,0.0299124135508786,-5.77420202763079e-08,-0.000193036609081563
"CAWA","can14","2020","roads",64,0.0546057289173756,0.0546188475318532,1.31186144776141e-05,0.024024245693092
"CAWA","can14","2020","roads",69,0.0211793315902915,0.0211793315902915,0,0
"CAWA","can14","2020","roads",71,0.0421754011841009,0.0421754011841009,0,0
"CAWA","can14","2020","roads",72,0.0239578682927584,0.0239578682927584,0,0
"CAWA","can14","2020","roads",80,7.17118829251647e-21,7.17118829251647e-21,0,NA
"CAWA","can14","2020","roads",81,0.0320339726290619,0.0320339726290619,0,0
"CAWA","can14","2020","roads",93,0.0237112390856375,0.0237112390856375,0,0
"CAWA","can14","2020","roads",96,1.10199871209204,0.192724858142755,-0.909273853949281,-82.5113354464012
"CAWA","can14","2020","roads",98,0.0833913676231607,0.140696225829731,0.0573048582065704,68.7179738621468
"CAWA","can14","2020","roads",99,0.0251796000348059,0.0251849290644837,5.32902967775861e-06,0.0211640759598733
"CAWA","can14","2020","roads",104,2.67309940580754e-20,3.02147368933246e-18,2.99474269527438e-18,NA
"CAWA","can14","2020","roads",106,0.000779549229747427,0.00163870980428936,0.000859160574541934,110.212484568845
"CAWA","can14","2020","roads",110,4.31918043080784e-19,5.26240654881976e-19,9.43226118011918e-20,NA
"CAWA","can14","2020","roads",112,0.0189443913052265,0.0189443913052265,0,0
"CAWA","can14","2020","roads",115,2.3554855245718e-20,1.21121815326219e-18,1.18766329801647e-18,NA
"CAWA","can14","2020","roads",117,7.95036227924204e-19,1.52753416826564e-18,7.32497940341432e-19,NA
"CAWA","can14","2020","roads",120,1.48804044482049,0.245974725587877,-1.24206571923261,-83.4698897839736
"CAWA","can14","2020","roads",125,1.47157404957966e-05,0.00810618988496792,0.00809147414447212,54985.1646730475
"CAWA","can14","2020","roads",126,0.0118408031048526,0.0208069322303488,0.00896612912549624,75.7223057093294
"CAWA","can14","2020","roads",129,1.10901275297351e-20,6.56910991664986e-19,6.45820864135251e-19,NA
"CAWA","can14","2020","roads",130,0.0572457978455128,0.0931481308246678,0.035902332979155,62.7161020203499
"CAWA","can14","2020","roads",131,4.26121839662178e-06,0.00169447218131002,0.0016902109629134,39664.9691612467
"CAWA","can14","2020","roads",134,0.019240424898963,0.019240424898963,0,0
"CAWA","can14","2020","roads",137,0.254360810086568,0.30690661571184,0.052545805625272,20.6579801375018
"CAWA","can14","2020","roads",146,0.481056842802154,0.589282052819685,0.108225210017531,22.4973850048821
"CAWA","can14","2020","roads",148,0.0454719825286745,0.0454836054385623,1.16229098878762e-05,0.0255605963090499
"CAWA","can14","2020","roads",151,0.0112685485064248,0.0137343902830072,0.00246584177658232,21.8825146395422
"CAWA","can14","2020","roads",152,0.0570249972850045,0.0570249972850045,0,0
"CAWA","can14","2020","roads",153,6.40105328511315e-06,0.00155172412829646,0.00154532307501135,24141.6999075025
"CAWA","can14","2020","roads",154,0.00081753480614466,0.00168178965878393,0.000864254852639273,105.714747083973
"CAWA","can14","2020","roads",155,4.16011347244657e-06,0.00172332200385203,0.00171916189037958,41324.8797602759
"CAWA","can14","2020","roads",160,0.327347198966991,0.248952010388056,-0.0783951885789351,-23.94863582958
"CAWA","can14","2020","roads",162,9.64232587206525e-21,6.55894748220239e-19,6.46252422348174e-19,NA
"CAWA","can14","2020","roads",163,0.024107523453004,0.0373659821679183,0.0132584587149142,54.9971826876398
"CAWA","can14","2020","roads",166,1.34730084244807,1.39958872908596,0.0522878866378887,3.88093623862659
"CAWA","can14","2020","roads",168,0.0271830730496871,0.0271830730496871,0,0
"CAWA","can14","2020","roads",177,0.0371070636893691,0.0371144956461724,7.43195680330544e-06,0.0200284152513923
"CAWA","can14","2020","roads",181,7.17118829251647e-21,7.17118829251647e-21,0,NA
"CAWA","can14","2020","roads",182,1.43423765850329e-20,1.94299072421796e-19,1.79956695836763e-19,NA
"CAWA","can14","2020","roads",185,1.43423765850329e-20,1.43423765850329e-20,0,NA
"CAWA","can14","2020","roads",188,2.9550792478584e-18,7.27194667642868e-18,4.31686742857028e-18,NA
"CAWA","can14","2020","roads",205,7.17118829251647e-21,7.17118829251647e-21,0,NA
"CAWA","can14","2020","roads",213,0.0386954274578382,0.0387013320450729,5.90458723470633e-06,0.015259134276627
"CAWA","can14","2020","roads",219,0.0505067491249411,0.0505041004429074,-2.64868203370128e-06,-0.00524421404978787
"CAWA","can14","2020","roads",220,3.58559414625823e-20,2.15812637299345e-19,1.79956695836763e-19,NA
"CAWA","can14","2020","roads",225,0.0410160978792011,0.041013870154806,-2.22772439517627e-06,-0.00543134162039808
"CAWA","can14","2020","roads",230,0.313120626135056,0.313810255847029,0.000689629711972284,0.220244102244108
"CAWA","can14","2020","roads",235,9.84907586270329e-21,1.09641989299611e-20,1.11512306725782e-21,NA
"CAWA","can14","2020","roads",246,0.039634977672087,0.0396352365798553,2.58907768335703e-07,0.000653230513910544
"CAWA","can14","2020","roads",249,0.415770208142421,0.445981585659895,0.0302113775174737,7.26636419007802
"CAWA","can14","2020","roads",253,0.58668853462517,0.555433270788099,-0.0312552638370702,-5.3274032118318
"CAWA","can14","2020","roads",264,0.0186701200712003,0.0186701200712003,0,0
"CAWA","can14","2020","roads",265,0.13295139189395,0.13295139189395,0,0
"CAWA","can14","2020","roads",279,0.320061794392471,0.376257975104275,0.0561961807118037,17.5579159076056
"CAWA","can14","2020","roads",280,54.1463978769674,46.9715854154804,-7.17481246148693,-13.2507659656136
"CAWA","can14","2020","roads",283,0.228287236450489,0.256197303887205,0.0279100674367156,12.2258554050913
"CAWA","can14","2020","roads",294,0.0775394959841913,0.0775426922840294,3.19629983813741e-06,0.00412215709886619
"CAWA","can14","2020","roads",295,0.323884245859782,0.411863700893784,0.0879794550340018,27.1638575073177
"CAWA","can14","2020","roads",317,0.55978198624794,0.560455241440549,0.000673255192609412,0.120270964259149
"CAWA","can14","2020","roads",332,0.115536511831302,0.400370232523191,0.284833720691889,246.531348555668
"CAWA","can14","2020","roads",348,0.0314574093121056,0.0314624831587018,5.07384659620413e-06,0.0161292576444036
"CAWA","can14","2020","roads",352,2.15135648775494e-20,1.11491912795931e-19,8.99783479183813e-20,NA
"CAWA","can14","2020","roads",353,2.01059737502333e-18,1.44386660276851e-17,1.24280686526618e-17,NA
"CAWA","can14","2020","roads",358,0.225888683219648,0.240684349483584,0.0147956662639359,6.54998119119982
"CAWA","can14","2020","roads",360,0.00169130999079235,1.36041342437796e-07,-0.00169117394944992,-99.9919564513201
"CAWA","can14","2020","roads",362,2.86847531700659e-20,2.9861979692521e-19,2.69935043755144e-19,NA
"CAWA","can14","2020","roads",365,0.00609556943243167,0.00831906981256014,0.00222350038012847,36.477320204053
"CAWA","can14","2020","roads",368,0.104870705722733,0.10488061872258,9.91299984764993e-06,0.00945259191242488
"CAWA","can14","2020","roads",370,7.17118829251647e-21,7.17118829251647e-21,0,NA
"CAWA","can14","2020","roads",388,0.0119969328928931,0.0166102744437224,0.00461334155082938,38.4543415556013
"CAWA","can14","2020","roads",397,0.0228878161650321,0.0533156837669343,0.0304278676019022,132.943516246822
"CAWA","can14","2020","roads",398,0.842126702309156,0.989997249244533,0.147870546935377,17.5591804095403
"CAWA","can14","2020","roads",401,4.23610923711999e-18,7.07186240774685e-18,2.83575317062686e-18,NA
"CAWA","can14","2020","roads",403,0.0994765872126406,0.0994810612878891,4.47407524850618e-06,0.00449761634759586
"CAWA","can14","2020","roads",408,0.0354893930516411,0.0354893930516411,0,0
"CAWA","can14","2020","roads",411,1.5073569317758e-18,2.15764364223776e-20,-1.48578049535342e-18,NA
"CAWA","can14","2020","roads",412,0.00171495674507986,2.62066686149207e-07,-0.00171469467839371,-99.9847187582485
"CAWA","can14","2020","roads",414,1.45870261958594,1.44377146997061,-0.0149311496153226,-1.02359106063448
"CAWA","can14","2020","roads",420,7.17118829251647e-21,7.17118829251647e-21,0,NA
"CAWA","can14","2020","roads",427,1.02506500601681e-19,1.56965806764227e-21,-1.00936842534039e-19,NA
"CAWA","can14","2020","roads",438,0.064017464018145,0.0800146634929066,0.0159971994747616,24.9888053519699
"CAWA","can14","2020","roads",439,7.17118829251647e-21,7.17118829251647e-21,0,NA
"CAWA","can14","2020","roads",444,0.00921999864790422,0.0118061313718118,0.00258613272390758,28.0491659778651
"CAWA","can14","2020","roads",446,0.491201563385625,0.500530591424255,0.00932902803862978,1.89922604772043
"CAWA","can14","2020","roads",462,0.0899397605442029,0.0899400101387422,2.49594539258879e-07,0.000277513012875113
"CAWA","can14","2020","roads",480,1.66547459827691,2.36161195910179,0.696137360824878,41.7981373924945
"CAWA","can14","2020","roads",483,8.73412139096704e-21,2.07183977422655e-19,1.98449856031688e-19,NA
"CAWA","can14","2020","roads",484,0.0443368824434995,0.0443367781353339,-1.04308165660427e-07,-0.000235262742691374
"CAWA","can14","2020","roads",486,5.72684381344555e-19,1.09641326908649e-20,-5.6172024865369e-19,NA
"CAWA","can14","2020","roads",496,0.00398364994765356,7.24379677728919e-07,-0.00398292556797583,-99.9818161814605
"CAWA","can14","2020","roads",501,0.000997237286473607,1.3332652820382e-07,-0.000997103959945403,-99.9866304108348
"CAWA","can14","2020","roads",502,6.50132244120846e-19,1.07882250774366e-20,-6.39344019043409e-19,NA
"CAWA","can14","2020","roads",508,9.58504232107711e-18,1.49331783645302e-19,-9.4357105374318e-18,NA
"CAWA","can14","2020","roads",519,0.196295132164195,0.237174041173234,0.040878909009039,20.8252280931985
"CAWA","can14","2020","roads",526,1.43423765850329e-20,1.43423765850329e-20,0,NA
"CAWA","can14","2020","roads",532,0.915733962917436,0.892564072035701,-0.0231698908817348,-2.53019892457826
"CAWA","can14","2020","roads",539,0.000866224658796703,1.18152292904465e-07,-0.000866106506503799,-99.9863600866467
"CAWA","can14","2020","roads",543,1.14156949492754e-19,8.36703117724951e-20,-3.04866377202586e-20,NA
"CAWA","can14","2020","roads",544,0.00956284212612553,4.8751319452361e-07,-0.009562354612931,-99.9949020051979
"CAWA","can14","2020","roads",545,0.0287920196364928,0.0973702566450834,0.0685782370085907,238.184878568471
"CAWA","can14","2020","roads",555,0.261174139356824,9.47311877912009e-06,-0.261164666238045,-99.9963728725966
"CAWA","can14","2020","roads",556,0.0306706575467515,0.0306693536946807,-1.30385207075534e-06,-0.00425113830301118
"CAWA","can14","2020","roads",557,1.28585503787562,1.38064400681025,0.094788968934632,7.37166835627398
"CAWA","can14","2020","roads",561,7.17118829251647e-21,7.17118829251647e-21,0,NA
"CAWA","can14","2020","roads",562,1.07671808214821,1.1155224930127,0.0388044108644952,3.60395274379296
"CAWA","can14","2020","roads",567,0.073109425805517,0.0731121545813113,2.72877579421404e-06,0.00373245414547918
"CAWA","can14","2020","roads",568,0.0485450629401329,0.0485526178306595,7.5548905265066e-06,0.0155626341154887
"CAWA","can14","2020","roads",574,1.65467459453271e-20,1.098817586719e-20,-5.55857007813711e-21,NA
"CAWA","can14","2020","roads",577,1.13401972638762,1.13820047031047,0.00418074392285672,0.368665890510948
"CAWA","can14","2020","roads",583,0.00144346121632392,1.17575943063662e-07,-0.00144334364038086,-99.9918545824624
"CAWA","can14","2020","roads",585,7.17118829251647e-21,7.17118829251647e-21,0,NA
"CAWA","can14","2020","roads",588,7.17118829251647e-21,7.17118829251647e-21,0,NA
"CAWA","can14","2020","roads",592,1.43423765850329e-20,1.43423765850329e-20,0,NA
"CAWA","can14","2020","roads",595,0.522266706964321,0.535100420451246,0.012833713486925,2.45731028146922
"CAWA","can14","2020","roads",597,0.0272489194419061,0.0272533432257176,4.42378381149133e-06,0.01623471279631
"CAWA","can14","2020","roads",603,4.30271297550988e-20,5.82897217265387e-19,5.39870087510288e-19,NA
"CAWA","can14","2020","roads",617,0.0513366694955009,0.0513366694955009,0,0
"CAWA","can14","2020","roads",624,0.0253832188874041,0.0253832188874041,0,0
"CAWA","can14","2020","roads",633,0.0571981034838258,0.0524734520817161,-0.00472465140210976,-8.26015394626812
"CAWA","can14","2020","roads",641,0.0364199842399813,2.05462067229415e-06,-0.036417929619309,-99.994358534977
"CAWA","can14","2020","roads",643,9.40198635887262e-19,1.07882186150857e-20,-9.29410417272176e-19,NA
"CAWA","can14","2020","roads",652,0.0192217406464468,3.03532540505528e-06,-0.0192187053210417,-99.9842088941845
"CAWA","can14","2020","roads",666,7.17118829251647e-21,7.17118829251647e-21,0,NA
"CAWA","can14","2020","roads",667,0.0710995600579505,0.0711075359073319,7.97584938139195e-06,0.0112178603846369
"CAWA","can14","2020","roads",668,0.0467719733469396,0.0467719733469396,0,0
"CAWA","can14","2020","roads",669,2.10619631556987e-18,2.49036983795026e-20,-2.08129261719036e-18,NA
"CAWA","can14","2020","roads",671,0.0407841574969803,0.0407827903149518,-1.36718202847774e-06,-0.00335223800707167
"CAWA","can14","2020","roads",676,7.17118829251647e-21,7.17118829251647e-21,0,NA
"CAWA","can14","2020","roads",677,1.22726485620937,6.85540656227502e-05,-1.22719630214375,-99.9944140773464
"CAWA","can14","2020","roads",683,0.010025473839157,4.54841307813596e-07,-0.0100250189978492,-99.9954631440358
"CAWA","can14","2020","roads",685,0.0972101887023999,0.0901012044389268,-0.00710898426347317,-7.31300325445996
"CAWA","can14","2020","roads",688,0.0411403773332939,0.0411403773332939,0,0
"CAWA","can14","2020","roads",689,7.17118829251647e-21,7.17118829251647e-21,0,NA
"CAWA","can14","2020","roads",693,0.036690490403346,0.0366963949905807,5.90458723470633e-06,0.0160929635166933
"CAWA","can14","2020","roads",695,0.00131693960233091,1.21588343800308e-07,-0.00131681801398711,-99.9907673561046
"CAWA","can14","2020","roads",703,2.15135648775494e-20,2.15135648775494e-20,0,NA
"CAWA","can14","2020","roads",709,0.00675377258420712,0.00943417346358422,0.0026804008793771,39.687461281194
"CAWA","can14","2020","roads",720,0.00113533862025465,1.17676470685869e-07,-0.00113522094378397,-99.9896351213121
"CAWA","can14","2020","roads",724,0.0015883546880707,1.25872932240084e-07,-0.00158822881513846,-99.9920752629633
"CAWA","can14","2020","roads",725,7.17118829251647e-21,7.17118829251647e-21,0,NA
"CAWA","can14","2020","roads",726,0.509469879452478,0.502580574705146,-0.00688930474733196,-1.35224966679793
"CAWA","can14","2020","roads",728,7.17118829251647e-21,7.17118829251647e-21,0,NA
"CAWA","can14","2020","roads",730,0.000936973476594022,1.21151828819912e-07,-0.000936852324765202,-99.987069876379
"CAWA","can14","2020","roads",731,7.17118829251647e-21,7.17118829251647e-21,0,NA
"CAWA","can14","2020","roads",739,0.000621533418231408,1.17637255818258e-07,-0.00062141578097559,-99.9810730602141
"CAWA","can14","2020","roads",740,0.0289123944028797,0.0289116400313245,-7.54371555222733e-07,-0.00260916320077453
"CAWA","can14","2020","roads",753,2.15135648775494e-20,2.01470260714312e-19,1.79956695836763e-19,NA
"CAWA","can14","2020","roads",763,1.14739012680264e-19,1.46441423145598e-18,1.34967521877572e-18,NA
"CAWA","can14","2020","roads",768,0.0329617044490669,0.0329617044490669,0,0
"CAWA","can14","2020","roads",769,1.43423765850329e-20,1.94299072421796e-19,1.79956695836763e-19,NA
"CAWA","can14","2020","roads",773,7.17118829251647e-21,7.17118829251647e-21,0,NA
"CAWA","can14","2020","roads",781,6.55479968693496e-19,1.07646173019998e-20,-6.44715351391496e-19,NA
"CAWA","can14","2020","roads",782,0.00855739662520506,6.48354462617369e-07,-0.00855674827074245,-99.9924234613514
"CAWA","can14","2020","roads",784,0.0377232590557321,0.0377276399986898,4.38094295773794e-06,0.0116133734661302
"CAWA","can14","2020","roads",785,0.0187167368710268,2.29658567427933e-06,-0.0187144402853525,-99.9877297752803
"CAWA","can14","2020","roads",786,0.00101218071177346,1.23327227237708e-07,-0.00101205738454622,-99.9878156908343
"CAWA","can14","2020","roads",793,0.501280906602553,0.744245449293079,0.242964542690526,48.4687406782009
"CAWA","can14","2020","roads",795,1.34205087599727e-18,2.15363399587554e-20,-1.32051453603852e-18,NA
"CAWA","can14","2020","roads",796,0.533771696761957,0.51370755467902,-0.0200641420829369,-3.7589370520492
"CAWA","can14","2020","roads",798,0.00289239255774612,1.38604782593221e-07,-0.00289225395296353,-99.9952079539749
"CAWA","can14","2020","roads",806,7.17118829251647e-21,9.71495362108978e-20,8.99783479183813e-20,NA
"CAWA","can14","2020","roads",809,2.78577657531744,2.57062688114353,-0.215149694173908,-7.72314966247399
"CAWA","can14","2020","roads",813,0.00617947213856173,6.12214867699181e-07,-0.00617885992369403,-99.9900927643337
"CAWA","can14","2020","roads",816,0.00233064768367297,2.56193892018474e-07,-0.00233039148978095,-99.9890076096094
"CAWA","can14","2020","roads",817,7.17118829251647e-21,9.71495362108978e-20,8.99783479183813e-20,NA
"CAWA","can14","2020","roads",819,0.0293081656604368,0.0293081656604368,0,0
"CAWA","can14","2020","roads",820,0.461812467627157,0.396404402534697,-0.0654080650924593,-14.1633389476324
"CAWA","can14","2020","roads",826,0.0943528723264951,0.199234098667155,0.104881226340659,111.158488082623
"CAWA","can14","2020","roads",828,0.0272007737728706,0.0272052869636812,4.51319081062884e-06,0.016592141268901
"CAWA","can14","2020","roads",834,2.865458477818e-18,9.21110857399853e-18,6.34565009618052e-18,NA
"CAWA","can14","2020","roads",835,0.0162587237948065,1.33247984781723e-06,-0.0162573913149587,-99.9918045237459
"CAWA","can14","2020","roads",836,0.28173690364876,0.544584663405955,0.262847759757194,93.2954669243064
"CAWA","can14","2020","roads",840,0.00206993122804287,2.54036058223398e-07,-0.00206967719198464,-99.9877273189185
"CAWA","can14","2020","roads",842,0.0721373485408089,0.167963301295307,0.0958259527544982,132.838196430644
