{"type":"FeatureCollection","features":[{"type":"Feature","id":1,"geometry":{"type":"Polygon","coordinates":[[[-110.17033657656,54.1976292116455],[-110.205430656592,54.1752184384911],[-110.206529593122,54.1657359861895],[-110.228096840606,54.1546866705234],[-110.268759727,54.1539132832799],[-110.295956959602,54.1645070726022],[-110.298380819558,54.1788907674233],[-110.308892509224,54.1935902690051],[-110.337196253908,54.1946914597814],[-110.340170535702,54.204332482625],[-110.329669393005,54.2253579088286],[-110.321039107854,54.2297853072056],[-110.315646926515,54.2414826201146],[-110.305392798361,54.2601344548612],[-110.295940904603,54.2716725500199],[-110.282160190909,54.2854218287545],[-110.26108202815,54.2917380816695],[-110.219732653309,54.2972472760461],[-110.199745102527,54.2940701080689],[-110.17387893682,54.2716011504715],[-110.156136115835,54.2494534877631],[-110.147338924052,54.2205192774141],[-110.17033657656,54.1976292116455]]]},"properties":{"FID":1,"Name":" ","Acres":33265.0508884,"SqMiles":51.9766420199}},{"type":"Feature","id":2,"geometry":{"type":"Polygon","coordinates":[[[-110.984735774947,54.5299314529845],[-110.985901602245,54.5180666518199],[-111.016305196795,54.5000280483517],[-111.008845484764,54.4926395729315],[-110.97623461865,54.4915569253439],[-110.939549990991,54.4903284511878],[-110.940727196509,54.4784642327358],[-110.950285452662,54.4645008092014],[-110.975659311442,54.4558267738967],[-111.009166533381,54.4474168792913],[-111.026835359627,54.4337159014704],[-111.057613157451,54.4109190416105],[-111.107564675578,54.4006384612869],[-111.122715343075,54.4130295899953],[-111.120695511749,54.4343900985583],[-111.131341540005,54.4513961129397],[-111.15488906669,54.4616710421083],[-111.187041165613,54.4674522324901],[-111.190232692839,54.4770751484976],[-111.213151010402,54.4944598746913],[-111.219990366949,54.5089571927739],[-111.247891619211,54.5169687543339],[-111.245929398913,54.5383320093422],[-111.22055824667,54.5470628555058],[-111.191978435663,54.5461653856552],[-111.168150897814,54.5382703444683],[-111.140027576942,54.5326138010432],[-111.107379688491,54.5315660191622],[-111.074049651019,54.5376290774329],[-111.040019614875,54.550802098562],[-111.003278972167,54.5495920903971],[-110.984735774947,54.5299314529845]]]},"properties":{"FID":2,"Name":" ","Acres":44526.3863686,"SqMiles":69.5724787099}},{"type":"Feature","id":3,"geometry":{"type":"Polygon","coordinates":[[[-111.052518039207,54.2940988407796],[-111.093540385349,54.2906751417836],[-111.125327503269,54.298843922845],[-111.119704887493,54.3153273402426],[-111.114301552018,54.3294369798825],[-111.089486020617,54.3333954201827],[-111.056998095583,54.3323366200673],[-111.04189615427,54.3199379441645],[-111.052518039207,54.2940988407796]]]},"properties":{"FID":3,"Name":" ","Acres":5025.21959598,"SqMiles":7.85190561974}},{"type":"Feature","id":4,"geometry":{"type":"Polygon","coordinates":[[[-111.348176168414,54.7223730220601],[-111.308030391592,54.7116340969369],[-111.279332093109,54.71075551116],[-111.260583652817,54.6911345040704],[-111.296178976011,54.6612839290272],[-111.309325158408,54.6521641166062],[-111.350265577572,54.6534061407741],[-111.373772993625,54.6660146396666],[-111.38783495933,54.6926186340445],[-111.385510654786,54.7187326104727],[-111.360479716521,54.7227434571736],[-111.348176168414,54.7223730220601]]]},"properties":{"FID":4,"Name":" ","Acres":11382.425109,"SqMiles":17.7850392351}},{"type":"Feature","id":5,"geometry":{"type":"Polygon","coordinates":[[[-111.419358989904,54.4745671442381],[-111.456049878342,54.4756497837508],[-111.471129846867,54.4903732209334],[-111.465410716152,54.5092482446688],[-111.440102807189,54.5180261708472],[-111.411536202109,54.5171808710341],[-111.379310970846,54.5114584560574],[-111.376072432798,54.5018398803559],[-111.374097433676,54.4779769275269],[-111.382670546567,54.4734733833354],[-111.419358989904,54.4745671442381]]]},"properties":{"FID":5,"Name":" ","Acres":6486.94440101,"SqMiles":10.1358506279}},{"type":"Feature","id":6,"geometry":{"type":"Polygon","coordinates":[[[-111.291084266969,54.3564322260635],[-111.319747907435,54.3549303018111],[-111.325967593894,54.3765439707719],[-111.316983541646,54.3857916469035],[-111.315705920944,54.4000352587771],[-111.314640386776,54.4119048938947],[-111.325574896077,54.4265210242403],[-111.352386517374,54.4463777975989],[-111.360111969771,54.4513718369712],[-111.370652032314,54.4707322775048],[-111.369599630197,54.4826025012251],[-111.368124981103,54.4992207517905],[-111.378890473796,54.5162065633569],[-111.377207261089,54.5351989329909],[-111.372703214194,54.5398244965722],[-111.348206235877,54.5390865232019],[-111.324564734888,54.528847994167],[-111.288909392878,54.5158556613754],[-111.261000414205,54.5078534614241],[-111.224946064483,54.4995902396139],[-111.218983497544,54.4755986365919],[-111.220517281097,54.4589831237511],[-111.233394683566,54.4522442248854],[-111.231503909625,54.4283801638535],[-111.254461336544,54.4005292400182],[-111.27332108342,54.3725477463418],[-111.291084266969,54.3564322260635]]]},"properties":{"FID":6,"Name":" ","Acres":30549.1834992,"SqMiles":47.7330992237}},{"type":"Feature","id":7,"geometry":{"type":"Polygon","coordinates":[[[-111.907708037857,54.2310225360903],[-111.960594825069,54.2299890667413],[-111.963776972003,54.2419692175252],[-111.962554305549,54.2585981871143],[-111.949679835996,54.2677927631625],[-111.921271819094,54.2670701065978],[-111.897101656688,54.2640699513508],[-111.886540546424,54.2423772259109],[-111.907708037857,54.2310225360903]]]},"properties":{"FID":7,"Name":" ","Acres":4359.22663748,"SqMiles":6.81129162195}},{"type":"Feature","id":8,"geometry":{"type":"Polygon","coordinates":[[[-111.237394894755,54.918935699231],[-111.250198799575,54.9145711834035],[-111.278602352313,54.9202060978075],[-111.293556795527,54.937326006821],[-111.317207572309,54.9499472716646],[-111.315032846015,54.9736843778029],[-111.297433486556,54.985050783596],[-111.280044014994,54.994040872271],[-111.242666979922,54.995271052148],[-111.23072739361,54.9901404591178],[-111.232730730818,54.9687791765183],[-111.235397728811,54.9402972725274],[-111.237394894755,54.918935699231]]]},"properties":{"FID":8,"Name":" ","Acres":9159.56549423,"SqMiles":14.3118210866}},{"type":"Feature","id":9,"geometry":{"type":"Polygon","coordinates":[[[-111.408318214539,55.133571731086],[-111.425529387066,55.1269378437695],[-111.454319456787,55.1301600479368],[-111.473569750098,55.1473801157763],[-111.472521219788,55.1592503432489],[-111.434780777285,55.1629115180294],[-111.418407581019,55.1600508853778],[-111.403106191224,55.1453187618626],[-111.408318214539,55.133571731086]]]},"properties":{"FID":9,"Name":" ","Acres":3295.36775572,"SqMiles":5.14901211897}},{"type":"Feature","id":10,"geometry":{"type":"Polygon","coordinates":[[[-111.326330420557,55.0763787597079],[-111.343529655582,55.069756257097],[-111.354859133552,55.0819975713627],[-111.36990390433,55.09910907395],[-111.368610954276,55.1133518427118],[-111.350963258637,55.1247251221133],[-111.328944006235,55.1383444723316],[-111.304083075508,55.137592160082],[-111.262650786784,55.1363270542624],[-111.259618842984,55.1243323147414],[-111.26050713763,55.1148383228234],[-111.266199530875,55.0983508834652],[-111.29279456163,55.0801218016335],[-111.326330420557,55.0763787597079]]]},"properties":{"FID":10,"Name":" ","Acres":9557.4314175,"SqMiles":14.9334865918}},{"type":"Feature","id":11,"geometry":{"type":"Polygon","coordinates":[[[-111.408774110877,55.0359972275429],[-111.433574969419,55.0367273001854],[-111.470360406353,55.0425611136555],[-111.476751241938,55.0641677366465],[-111.474661768032,55.0879085623963],[-111.461405229036,55.0970442824381],[-111.443579641102,55.1108055020525],[-111.418094741772,55.1171985753415],[-111.399523600278,55.0928485903319],[-111.393598229128,55.0664907891966],[-111.407285183524,55.0526146712337],[-111.408774110877,55.0359972275429]]]},"properties":{"FID":11,"Name":" ","Acres":8753.05031177,"SqMiles":13.6766411139}},{"type":"Feature","id":12,"geometry":{"type":"Polygon","coordinates":[[[-111.597208848885,54.9152740041152],[-111.634306516765,54.9163081368183],[-111.645882094986,54.9261486076996],[-111.649017270005,54.9381352939273],[-111.635651884345,54.9496659204111],[-111.606573755828,54.9512370253684],[-111.569849838376,54.9454452441394],[-111.554164073863,54.9354807851976],[-111.57187224963,54.9217014619821],[-111.597208848885,54.9152740041152]]]},"properties":{"FID":12,"Name":" ","Acres":4506.2640439,"SqMiles":7.04103756951}},{"type":"Feature","id":13,"geometry":{"type":"Polygon","coordinates":[[[-111.495545899104,55.1337340175893],[-111.505079506545,55.1197275071868],[-111.52558583136,55.1226946842979],[-111.552948484887,55.1425130881018],[-111.554840728223,55.1687471652597],[-111.545928770457,55.1756349009685],[-111.533483613498,55.1752813498204],[-111.51294979323,55.1723151403214],[-111.501130626817,55.1648359071489],[-111.493879168742,55.1527268547798],[-111.495545899104,55.1337340175893]]]},"properties":{"FID":13,"Name":" ","Acres":4514.9133031,"SqMiles":7.05455203702}},{"type":"Feature","id":14,"geometry":{"type":"Polygon","coordinates":[[[-111.673544251911,55.2410648781026],[-111.653564154603,55.2309983326678],[-111.628636757822,55.2303114725443],[-111.604520271924,55.2201221418113],[-111.609683994729,55.2083659644984],[-111.619599418344,55.1896015740705],[-111.641150734989,55.1806777658803],[-111.671781718406,55.1624789177196],[-111.691732908798,55.1725421839097],[-111.694898229017,55.1845277177279],[-111.693520207876,55.2011497604598],[-111.712908321966,55.2183335777797],[-111.707380780277,55.2348436738909],[-111.694323562858,55.2416300427638],[-111.673544251911,55.2410648781026]]]},"properties":{"FID":14,"Name":" ","Acres":9176.86401263,"SqMiles":14.3388500216}},{"type":"Feature","id":15,"geometry":{"type":"Polygon","coordinates":[[[-111.71877331678,55.1470945831671],[-111.75628317978,55.1457196204539],[-111.793409661483,55.1490827310979],[-111.796222883301,55.1658156800267],[-111.79111984914,55.1775805772294],[-111.778095671823,55.1843763869951],[-111.757344422934,55.1838258639145],[-111.741131927282,55.1786335194646],[-111.725313437548,55.168689749381],[-111.718187986197,55.1542185391278],[-111.71877331678,55.1470945831671]]]},"properties":{"FID":15,"Name":" ","Acres":4194.89071266,"SqMiles":6.55451673938}},{"type":"Feature","id":16,"geometry":{"type":"Polygon","coordinates":[[[-112.065832107632,55.0607641412133],[-112.086870926755,55.056510411246],[-112.115326658994,55.0643273290867],[-112.134324030209,55.0885723281908],[-112.121386491916,55.0954058722743],[-112.092390153108,55.094716677798],[-112.076515249828,55.0848178354771],[-112.064962311404,55.0726414728438],[-112.065832107632,55.0607641412133]]]},"properties":{"FID":16,"Name":" ","Acres":3191.5766453,"SqMiles":4.98683850893}},{"type":"Feature","id":17,"geometry":{"type":"Polygon","coordinates":[[[-112.939270016188,55.406997268506],[-112.961504158854,55.3812010422412],[-112.990005110867,55.3959469124516],[-113.009453786193,55.4248126636186],[-113.000974525961,55.4270533301751],[-112.971838212118,55.4241946742808],[-112.947131999756,55.4166454956495],[-112.939270016188,55.406997268506]]]},"properties":{"FID":17,"Name":" ","Acres":3165.62886769,"SqMiles":4.94629510641}},{"type":"Feature","id":18,"geometry":{"type":"Polygon","coordinates":[[[-113.63041281965,55.4904293197754],[-113.62270080175,55.4713134446279],[-113.631566702849,55.4571408364681],[-113.652812761553,55.4478618681398],[-113.682096814181,55.4481807523046],[-113.715023932744,55.4651814688095],[-113.744019147539,55.4749969603151],[-113.789706049528,55.4873502405856],[-113.819020918579,55.4876365007144],[-113.835562069447,55.4949307172374],[-113.847850438767,55.5045613130082],[-113.847364063341,55.5212068335268],[-113.838700940007,55.5306393440863],[-113.825911049196,55.5376531927999],[-113.813044954078,55.5470435668007],[-113.770881082587,55.5537636835139],[-113.749982550583,55.55117369682],[-113.725123509578,55.5414031537501],[-113.688016425041,55.5219824050225],[-113.663432977455,55.505066122241],[-113.63041281965,55.4904293197754]]]},"properties":{"FID":18,"Name":" ","Acres":23240.559474,"SqMiles":36.3133741829}},{"type":"Feature","id":19,"geometry":{"type":"Polygon","coordinates":[[[-113.85364758759,55.3048112915415],[-113.891364780007,55.2980234960522],[-113.941318005121,55.3008453521519],[-113.965647551623,55.3272187086768],[-113.977610001418,55.3487269253498],[-113.976812742384,55.3796421194993],[-113.97625989078,55.4010448495415],[-113.942384133024,55.4174067806614],[-113.913120034655,55.4171502722183],[-113.892217397913,55.4169627667978],[-113.871586165252,55.4072597279267],[-113.859527265424,55.3904975085962],[-113.855898887796,55.3714345560708],[-113.831265714303,55.3569296665651],[-113.831965780374,55.3331498294669],[-113.836764298882,55.311787665832],[-113.85364758759,55.3048112915415]]]},"properties":{"FID":19,"Name":" ","Acres":24321.7168742,"SqMiles":38.0026826209}},{"type":"Feature","id":20,"geometry":{"type":"Polygon","coordinates":[[[-114.27826392165,55.5720726172173],[-114.299462729765,55.5603033071854],[-114.332871166561,55.5700034930688],[-114.357821885717,55.5844073835035],[-114.365989491841,55.5987204962855],[-114.340667929556,55.6057222803483],[-114.323904634177,55.6032525828111],[-114.298869703256,55.5935982446321],[-114.27808941206,55.5815854133802],[-114.27826392165,55.5720726172173]]]},"properties":{"FID":20,"Name":" ","Acres":4082.45034304,"SqMiles":6.37882866183}},{"type":"Feature","id":21,"geometry":{"type":"Polygon","coordinates":[[[-114.533499000787,55.6422832546515],[-114.537984010898,55.6185162727915],[-114.533781440672,55.6185003730456],[-114.546444075106,55.6137910444429],[-114.571760250682,55.60436844075],[-114.596918014727,55.609210494705],[-114.596722758337,55.6282369957323],[-114.596527268272,55.6472634369025],[-114.571111284788,55.6638259151547],[-114.550074110042,55.6637506087942],[-114.533499000787,55.6422832546515]]]},"properties":{"FID":21,"Name":" ","Acres":5154.95848401,"SqMiles":8.0546226323}},{"type":"Feature","id":22,"geometry":{"type":"Polygon","coordinates":[[[-111.463706865145,57.5382231317475],[-111.446224723785,57.4996584349237],[-111.400382985927,57.498357417817],[-111.333200086365,57.4983242347178],[-111.280701271946,57.4929780158758],[-111.27229512553,57.5060563570637],[-111.299737388686,57.5144802452387],[-111.344073091333,57.5310039702559],[-111.37041740711,57.5508023395454],[-111.372058989549,57.5698867786854],[-111.363856118178,57.5810729927616],[-111.341698918724,57.5899513055504],[-111.294009414044,57.6056939700593],[-111.243526231175,57.6137209040917],[-111.187141555245,57.6101266507775],[-111.16652560487,57.6037905539737],[-111.121781552792,57.5909999519076],[-111.096433639146,57.5959302757551],[-111.066723506941,57.6083357461746],[-111.02284743896,57.6202890825959],[-110.94357068801,57.6310952771456],[-110.919877039385,57.6208110712858],[-110.899731773556,57.6106374769069],[-110.872834002962,57.6288026339469],[-110.847428132295,57.6336821237073],[-110.818696805416,57.6365422950379],[-110.610057766049,57.6294589649106],[-110.553958987853,57.6236861392369],[-110.520251362177,57.6091620556888],[-110.479507986669,57.594376394319],[-110.443277707475,57.5721213630557],[-110.419529509151,57.5636420283101],[-110.379119216408,57.5469292229153],[-110.352360957118,57.5345165484553],[-110.321854120949,57.5238634072663],[-110.273261301738,57.516334653056],[-110.242299065833,57.5094540489894],[-110.207827683236,57.502432035288],[-110.170602199504,57.4895796781033],[-110.144462277403,57.4733338686502],[-110.126641843436,57.4478794302203],[-110.123150006621,57.4210734234979],[-110.105368010755,57.3956164687692],[-110.114663458105,57.378832606483],[-110.148752258971,57.3611032415887],[-110.172290959113,57.3429601869748],[-110.206318540344,57.3252141796016],[-110.230789137063,57.2994771332946],[-110.237972767791,57.2711760497132],[-110.241647690283,57.2427416475366],[-110.225884306269,57.2288077854808],[-110.209640349827,57.21866322223],[-110.177699200596,57.2212482316306],[-110.161982138845,57.2339776198237],[-110.153246973752,57.2469753732398],[-110.128258114133,57.2764877506667],[-110.107991089766,57.2966547963259],[-110.069425030438,57.3218168690738],[-110.03362661111,57.3261209681472],[-110.00637370535,57.3193240947797],[-110.001279851472,57.279111990202],[-109.998613932114,57.1951763096612],[-109.995129153991,57.0654817581057],[-109.985627549881,56.9545966720153],[-110.004417898005,56.8143631202934],[-110.025787924023,56.7580622211249],[-110.068189283301,56.7521296521663],[-110.152220122633,56.7459071183369],[-110.249065867366,56.7477382824145],[-110.293211381051,56.7551309312871],[-110.333451389586,56.7661708681623],[-110.403871493502,56.7859343631289],[-110.467912182886,56.8016149525931],[-110.518401957859,56.8148700048082],[-110.570274060271,56.8167252888585],[-110.656741282921,56.819769605339],[-110.678152324576,56.8148006058803],[-110.686816120648,56.7998648795687],[-110.697212965628,56.7697526535854],[-110.700037168917,56.7450918742885],[-110.698755955418,56.7260026763299],[-110.694894755908,56.6992061411022],[-110.679396083389,56.6834325392268],[-110.679029344806,56.6262840987229],[-110.705062353871,56.6100463007436],[-110.72419557605,56.5935660668263],[-110.766736073552,56.5835968817644],[-110.789265470922,56.5672231283627],[-110.814581130864,56.5566528450806],[-110.832209187791,56.5218243823109],[-110.854050599498,56.5111300135065],[-110.866827558746,56.4887040714325],[-110.872603875782,56.4355743108601],[-110.878360559805,56.3824437066981],[-110.883279303549,56.3369025185336],[-110.864632357002,56.3191411176897],[-110.829145388089,56.2989052371766],[-110.801350277719,56.2713021074896],[-110.75954490231,56.2470207955544],[-110.735874675863,56.2138291287655],[-110.697149576171,56.1934400803529],[-110.694175318363,56.1590540532964],[-110.725616925703,56.1525291245264],[-110.741525905979,56.1321294244891],[-110.739389357341,56.120628414264],[-110.713486839772,56.10830335551],[-110.684206983944,56.0958543166109],[-110.682514210841,56.0805582681238],[-110.695234971026,56.0581482214772],[-110.723833844339,56.0458122254369],[-110.725724993173,56.0287367998053],[-110.732677059379,55.9966003830201],[-110.744086752759,55.9855680754157],[-110.785323799266,55.9812735142084],[-110.803275218098,55.9723644432546],[-110.864045889317,55.9439506504015],[-110.899869975523,55.9261056530666],[-110.906455491623,55.8958543629505],[-110.904704981728,55.8481854799305],[-110.8996792318,55.8316397280211],[-110.890365479395,55.8237106848536],[-110.885027660501,55.8102008080492],[-110.791088593116,55.8032074947085],[-110.778435662292,55.795154864145],[-110.758846587369,55.7887659118156],[-110.756098975587,55.7829572314548],[-110.733983865072,55.7688583665797],[-110.701582484503,55.7562998325527],[-110.664785182183,55.7531003188111],[-110.653653609573,55.7317550448169],[-110.645893970136,55.7105282996771],[-110.623009724852,55.7039992804803],[-110.572832423636,55.7002925260809],[-110.543682540077,55.6897122586966],[-110.534691371771,55.6798610287612],[-110.537504063963,55.6552012451344],[-110.520728880266,55.6545889423734],[-110.474989238881,55.6422405110668],[-110.46596445734,55.6038094575753],[-110.465182104704,55.5523490266202],[-110.468176363853,55.4972187230421],[-110.492782375121,55.4581266752181],[-110.528530366415,55.4384873353388],[-110.550261343506,55.424042570931],[-110.555731263681,55.4051937456811],[-110.547866063372,55.3858590265802],[-110.512288261153,55.3750317110151],[-110.480060508443,55.3643177773127],[-110.464279257641,55.3561125067197],[-110.467318839891,55.3295569668921],[-110.476705725522,55.2765685886633],[-110.46882381085,55.2286531761778],[-110.439825314526,55.2199510143785],[-110.413501228032,55.2170573396546],[-110.398010197109,55.2069479424687],[-110.401077026124,55.1803942052464],[-110.394421028796,55.1515677492854],[-110.379837710688,55.1338697681652],[-110.362838631584,55.1084575822693],[-110.344756557659,55.0925262658113],[-110.347228231905,55.0712844925817],[-110.3340076561,55.0707775744638],[-110.325421787944,55.0590172367965],[-110.312205666422,55.0585080268767],[-110.301403415555,55.065711074356],[-110.284434215756,55.0688638783079],[-110.24500505987,55.0654221094147],[-110.212190977938,55.0622282559285],[-110.204324429373,55.0447714045298],[-110.178028533857,55.0151522417774],[-110.174395654499,54.9902401841764],[-110.167014411408,54.9689890862404],[-110.152594690732,54.9512667689157],[-110.129227404658,54.9255624023461],[-110.106810971469,54.8922701277117],[-110.075265326702,54.8528861991112],[-110.079378927987,54.7920831968452],[-110.072308958939,54.76893168263],[-110.065246301969,54.7457798630385],[-110.067049388945,54.7039359728585],[-110.090197021749,54.7029727182381],[-110.095763546557,54.6841454797371],[-110.08359259455,54.6760298378789],[-110.083764418688,54.6474569266552],[-110.1014124615,54.6100673670601],[-110.126776311658,54.5901351327159],[-110.134249249782,54.5275619655307],[-110.142697416111,54.4840807736029],[-110.187714690332,54.4630223909432],[-110.238090991146,54.4516858643096],[-110.241837294584,54.4194453507815],[-110.211975983526,54.3953999594199],[-110.198611153298,54.3700999143448],[-110.202377120156,54.337860821657],[-110.235542338596,54.3048838328873],[-110.293062143641,54.2861900928836],[-110.339307951255,54.2803694983221],[-110.351386385395,54.2598803616187],[-110.364517605576,54.2299052177791],[-110.44118186422,54.2423607755141],[-110.501072717789,54.2598554716087],[-110.564845645513,54.3022266729051],[-110.565637736844,54.3251150676892],[-110.58105323434,54.3333013972329],[-110.59485338948,54.3261873057291],[-110.618588275942,54.3175286965211],[-110.653050528677,54.2997289979386],[-110.711256932728,54.3037212090552],[-110.725906475521,54.3194805385331],[-110.763300972238,54.3360399858118],[-110.771288292775,54.3534635141315],[-110.784285254397,54.3539189620731],[-110.786230459621,54.3349394847419],[-110.804405244838,54.3165264572438],[-110.813792757724,54.2882820655699],[-110.843757531467,54.2817013212657],[-110.878682001957,54.2905206717775],[-110.895124511503,54.3215571103301],[-110.893609414703,54.3367428357569],[-110.879285029077,54.3495864929929],[-110.881393526322,54.3610866402213],[-110.907207227393,54.3638707442631],[-110.927087329784,54.3607349575219],[-110.966466401132,54.3582501415938],[-110.984299814367,54.3759870546476],[-110.998525007202,54.3974105113072],[-110.98867800499,54.4313658429708],[-110.974348277791,54.4442205900561],[-110.94697692864,54.4566363780872],[-110.910381172534,54.4630200223581],[-110.874157124734,54.4655961153864],[-110.836963941223,54.4776514212262],[-110.82563713982,54.4924977320951],[-110.794342317307,54.5104585074736],[-110.781814561725,54.5366876120626],[-110.773518852758,54.5535401368551],[-110.762146784602,54.5683795666811],[-110.738688886914,54.5732686028779],[-110.75056835683,54.5851155391365],[-110.776905852155,54.5841342403547],[-110.79441873719,54.5733168164804],[-110.80042155114,54.5468597076272],[-110.810994753335,54.5396080919439],[-110.856502179838,54.543082709506],[-110.861106887336,54.5622872198943],[-110.868598476864,54.5853994965344],[-110.899943263901,54.5997994747598],[-110.932447973371,54.6028023726516],[-110.982893532701,54.6235350070832],[-111.021411494936,54.6324267311757],[-111.019253201762,54.6209285369731],[-111.036719699823,54.610075263996],[-111.066523445771,54.6072396882623],[-111.11685135819,54.5955355516406],[-111.198603780686,54.5981341099371],[-111.232999030395,54.616350129262],[-111.225604080319,54.6961029652909],[-111.193785797694,54.7198634962084],[-111.172313747139,54.7382304695394],[-111.163234613929,54.7646046968544],[-111.160173786377,54.79688240561],[-111.147421464341,54.8269480222227],[-111.126415933872,54.8396095052236],[-111.079442493866,54.8476218331265],[-111.06410292369,54.8356981231011],[-111.059376889541,54.816499965279],[-111.03016377022,54.8117376436904],[-111.014477979682,54.8036048029924],[-111.009778599436,54.7844050808691],[-110.983879036292,54.7797401896841],[-110.950658804711,54.7824433620165],[-110.932902399783,54.7951804824725],[-110.912616183611,54.800211535625],[-110.872416637059,54.8064671617653],[-110.867966776913,54.8177431946075],[-110.887687731199,54.8184140110176],[-110.92403637871,54.8177374024403],[-110.951093677873,54.8110261850004],[-110.974478157006,54.8079961700834],[-111.010629918973,54.8091916908759],[-111.012605862593,54.8225882286745],[-111.007817631244,54.8376666309251],[-110.99390878388,54.8448258416293],[-110.962785822521,54.8590296997456],[-110.932980888846,54.8599382253354],[-110.924866281695,54.8749022778969],[-110.917923317592,54.9108554947685],[-110.913492372527,54.9545112466362],[-110.895258096605,54.971037212162],[-110.866716038608,54.9910194739458],[-110.824003708084,54.9876536817628],[-110.811989642158,54.975812131673],[-110.80519267807,54.9774821459383],[-110.804201475431,54.9869711172824],[-110.816216376485,54.9988134393514],[-110.830948957995,55.0164615853071],[-110.853088262824,55.0267422974899],[-110.882628275011,55.0296514492218],[-111.210744639846,55.0308027784621],[-111.256669779281,55.0360343529174],[-111.251588350346,55.0549205488925],[-111.234336376773,55.0620046167413],[-111.20348363306,55.0724710923481],[-111.196324667149,55.077960332285],[-111.198371799755,55.0913545203998],[-111.214205869208,55.0994655388905],[-111.276367721233,55.1451816658701],[-111.301131258427,55.1649788305322],[-111.32189983386,55.1922667520794],[-111.332381521524,55.2230498019127],[-111.326606781144,55.2495344823096],[-111.307165659843,55.2794142363686],[-111.281570195215,55.3033912077874],[-111.272595404872,55.3278720755488],[-111.30572414963,55.3307837062161],[-111.339033443431,55.3317875103799],[-111.377966643674,55.3443740005093],[-111.398650485239,55.3373695580393],[-111.427015962328,55.3191622725692],[-111.471831214551,55.3033296490819],[-111.53524653429,55.2842027354746],[-111.551885570081,55.2846742255262],[-111.592472779628,55.2781988206454],[-111.63970140791,55.2718932419519],[-111.684064202027,55.2597799001157],[-111.750214428499,55.2253867237987],[-111.816402348087,55.1890561902932],[-111.874941914367,55.1639180916464],[-111.941759424464,55.1599025397678],[-111.991971931002,55.1554415542775],[-112.050073443559,55.1340178173169],[-112.091951265634,55.106469510486],[-112.12841468911,55.1073350636589],[-112.140995602806,55.1171495381837],[-112.183834654902,55.1219551812451],[-112.239689532992,55.130848563028],[-112.269025706845,55.1391243172092],[-112.298502708256,55.1454923961498],[-112.318797096784,55.1402300684639],[-112.312544112332,55.1343815479517],[-112.296598405732,55.1245107413378],[-112.297497444303,55.1112055920312],[-112.308467536285,55.0962199115931],[-112.338677998608,55.0911733797437],[-112.380687139375,55.0578205872042],[-112.401911547629,55.0373365783941],[-112.445425815011,55.0306439951755],[-112.487736229766,55.0429462084216],[-112.532916783398,55.0629055441859],[-112.561109095552,55.0901222378555],[-112.575610648409,55.1246739060296],[-112.561297102354,55.1415191701548],[-112.524436354442,55.1464860852883],[-112.477608092161,55.1512359813695],[-112.460527278739,55.1584951162214],[-112.455875198092,55.1793364587059],[-112.472434560671,55.2329782109378],[-112.445824387878,55.2324238413546],[-112.372525826974,55.2327702462678],[-112.342084621413,55.2397247448185],[-112.305364876258,55.24082256033],[-112.26544748619,55.2399341108687],[-112.265055840065,55.2456360498165],[-112.288085083258,55.2499573690251],[-112.317902933753,55.2525201811183],[-112.37780131132,55.253822419917],[-112.441032588821,55.2551651399808],[-112.487027231435,55.2656384603479],[-112.509379107367,55.2813242346161],[-112.541273626077,55.3048119214239],[-112.54331287756,55.3257904642845],[-112.555596447872,55.3431675299412],[-112.601838815611,55.3516976382506],[-112.620946220419,55.3672980973381],[-112.615205668343,55.4071566278895],[-112.594695944937,55.4143682617105],[-112.557936324734,55.4136395661711],[-112.538950382993,55.3961283787143],[-112.515569449564,55.3956553851078],[-112.498508891026,55.4010176538469],[-112.463764808473,55.421239375696],[-112.441991113811,55.4474338061697],[-112.399358444521,55.4846036478624],[-112.354697880868,55.5007775053299],[-112.31773542729,55.501876519431],[-112.288121949964,55.4936099477636],[-112.280771281448,55.5029643493005],[-112.285767300835,55.5278206897973],[-112.27775245965,55.5466776956175],[-112.263418675039,55.5596827259146],[-112.276700492798,55.5618822385627],[-112.307013038765,55.5606489426315],[-112.330745902394,55.5573614961116],[-112.331519192908,55.5459575784669],[-112.365933442862,55.5333784843293],[-112.410751758086,55.5153001388722],[-112.445360601831,55.4988965344644],[-112.502650612509,55.4943687025991],[-112.535066110552,55.5121561007444],[-112.547283284533,55.5314350090526],[-112.552450946735,55.5562818899402],[-112.551149658561,55.577192621384],[-112.566515844559,55.6003386691658],[-112.599395400606,55.6124068538083],[-112.665667930026,55.6289127811468],[-112.671034664564,55.6518539539435],[-112.653427304235,55.6648412414375],[-112.613300030342,55.660260599225],[-112.587099848629,55.6483282683208],[-112.566457871693,55.6555336922896],[-112.542207127803,55.6664701048112],[-112.534882964013,55.6758397627058],[-112.53368621951,55.6948488992137],[-112.532607924192,55.7119570568014],[-112.542112063615,55.7216642484168],[-112.574966857746,55.7356405796349],[-112.572960124012,55.7679567164705],[-112.545745708957,55.7712226533349],[-112.515638411914,55.7668109189087],[-112.495286277894,55.7683009740226],[-112.48443600779,55.7794992111712],[-112.480204083806,55.7927357465896],[-112.49308890957,55.8025158187888],[-112.52587234226,55.8184064251711],[-112.576044413066,55.827018914891],[-112.62018017541,55.8240745868553],[-112.671858312506,55.807935020173],[-112.683115031617,55.7891155571232],[-112.707739102042,55.7724484452296],[-112.77182282687,55.7736272359888],[-112.886510602056,55.7756533084293],[-112.970848996818,55.7770748344381],[-112.997253520362,55.7889264076829],[-113.026857592049,55.8046296504354],[-113.01778505459,55.8501569575159],[-113.003874717444,55.8575442390505],[-112.956046452659,55.8662742997236],[-112.929400517799,55.8582164638421],[-112.906452331605,55.8445064456057],[-112.883210350696,55.8364962408671],[-112.862730062941,55.8399482834767],[-112.838339313837,55.8528439150858],[-112.817100095503,55.8695970538001],[-112.789293185451,55.8824225836423],[-112.750877492987,55.9026612030951],[-112.719416727227,55.9192108532131],[-112.650329520256,55.9407501192191],[-112.6115497278,55.9647458722166],[-112.560474416435,55.9675515286864],[-112.529365411531,55.9764478324041],[-112.501142345969,55.9930080147987],[-112.501466008806,56.0405958726388],[-112.483126597201,56.0611587379582],[-112.458094528269,56.0796780910677],[-112.436438745994,56.0982627634164],[-112.387159584955,56.1219721426288],[-112.379449742708,56.1351317817673],[-112.416251923311,56.1454236387681],[-112.459885175615,56.1558449427246],[-112.483600356537,56.158233554644],[-112.490660052844,56.1545707171227],[-112.498706648034,56.1357017060886],[-112.542344315888,56.092804134538],[-112.570863437892,56.0724335637866],[-112.633088058751,56.0565143676397],[-112.677939456577,56.0459478632549],[-112.707028964917,56.0141386640297],[-112.725227248046,55.9935412459966],[-112.7532459181,55.9788301263414],[-112.863410091184,55.9815505652505],[-112.917773622517,55.980577983648],[-112.945710690169,55.9658224710807],[-112.9835952562,55.9550300672949],[-113.032106157356,55.9348813201931],[-113.070598308467,55.9107512501999],[-113.098427212616,55.8959601955064],[-113.129892311538,55.8755093208413],[-113.13208341158,55.8298706463434],[-113.143668526602,55.7995979851792],[-113.162071468026,55.7675233900091],[-113.200579423162,55.7376453017021],[-113.218646027199,55.7112666236388],[-113.236773562843,55.6829832428437],[-113.237201355829,55.6734743559092],[-113.210800251155,55.6616741945658],[-113.198740935783,55.6310492914412],[-113.213139404883,55.6103265449868],[-113.233896972278,55.5973060653051],[-113.268071578868,55.5844724502381],[-113.292401589423,55.5657836310583],[-113.310733338555,55.529880370145],[-113.367895720432,55.5268493247569],[-113.418267850584,55.525607147252],[-113.435334769146,55.5182144164341],[-113.462673044476,55.5052397765461],[-113.487153480946,55.4789030158439],[-113.491447152359,55.4542172612638],[-113.521570664329,55.4545848912332],[-113.56132092822,55.4664764141714],[-113.577171082985,55.4914000473366],[-113.576484945885,55.5104215144534],[-113.57265112309,55.5236974773966],[-113.54498449687,55.5462072910576],[-113.530287081591,55.580284798538],[-113.542378851848,55.6165847650076],[-113.555472826856,55.6262542592536],[-113.579005351843,55.6265291270068],[-113.589773864807,55.6076243383555],[-113.600328769423,55.5944249053829],[-113.644391291397,55.5835025854723],[-113.667834689015,55.5856624636672],[-113.694007624894,55.6068757720856],[-113.696673892375,55.6278357698147],[-113.706321495187,55.6412579674313],[-113.729556585734,55.6510150467667],[-113.750105037553,55.6398089477305],[-113.773944625243,55.6305352391715],[-113.78485599185,55.604003868704],[-113.802352420475,55.5813417227631],[-113.832859189825,55.5721216835315],[-113.863461581656,55.5590892966629],[-113.890688408577,55.5460188291078],[-113.874455265978,55.5268422531921],[-113.858072597535,55.5133705964705],[-113.848681355711,55.4904482271329],[-113.865543659014,55.4867998724867],[-113.918940643111,55.4948943964342],[-113.968809115871,55.5105472334807],[-114.028497418145,55.5376747494179],[-114.058008373777,55.566447334866],[-114.054193926195,55.5854460022214],[-114.023633620275,55.5985260897655],[-113.999726711914,55.613555864528],[-113.962401845337,55.6265654631276],[-113.94839225818,55.6473770543597],[-113.97515597327,55.6533118865402],[-114.008561973476,55.663100250845],[-114.031603710316,55.6842147760833],[-114.054945677743,55.6939105141958],[-114.081802075299,55.6979197966992],[-114.135447513674,55.7097256900772],[-114.202646975367,55.7196939992237],[-114.229686227247,55.7160610768255],[-114.270413042286,55.7010879260275],[-114.314609601802,55.6785098407921],[-114.38246122893,55.6465235776895],[-114.43314700585,55.631546370268],[-114.466700826102,55.6374049679559],[-114.489999183244,55.6565311724001],[-114.516499441718,55.6908871099866],[-114.519447571659,55.7251471705023],[-114.509119140102,55.7422305178377],[-114.475264911222,55.7516040484975],[-114.431410160488,55.7514089779274],[-114.407940361786,55.7417846800404],[-114.384452192913,55.7340584641727],[-114.367561995642,55.7358753888305],[-114.367408136413,55.7453881047972],[-114.377284313386,55.7606601200542],[-114.3940077648,55.7702571611565],[-114.43085603251,55.789460099515],[-114.474574239531,55.8029733800191],[-114.504854750839,55.8126123395513],[-114.565566790718,55.8223550269314],[-114.656713698776,55.8344395303897],[-114.656092199087,55.904835167851],[-114.655061499092,56.0208910621186],[-114.617694834017,56.0207809235648],[-114.590519248496,56.0206937141424],[-114.563494030627,56.0072828862368],[-114.539836899039,55.9976838910964],[-114.502493195752,55.9975388951192],[-114.468492465595,56.001202261995],[-114.45477787732,56.0106554387708],[-114.430894141747,56.0181579904582],[-114.379762050554,56.0293271760372],[-114.321803532172,56.0404379009274],[-114.280950813695,56.0440118506406],[-114.226608531567,56.0417806063483],[-114.206373392907,56.0340415820095],[-114.199813801019,56.0225833791326],[-114.220616514718,56.0017875140695],[-114.248146417631,55.9829320000563],[-114.29253911016,55.9679735940637],[-114.31319532657,55.9509666346252],[-114.317689683081,55.8882040308315],[-114.368776941189,55.8694499356086],[-114.385965151973,55.8524129138577],[-114.399786928687,55.8334544405232],[-114.386414720515,55.823875120167],[-114.36278827505,55.8218523334988],[-114.352460273417,55.8332144635781],[-114.32173834818,55.8501730301973],[-114.290955005397,55.8690262797807],[-114.256938425475,55.8783390263897],[-114.21590531482,55.8990139964345],[-114.181283436001,55.9349395395291],[-114.16045472453,55.957631428026],[-114.125900433472,55.9859312537217],[-114.108407205946,56.0086379821267],[-114.090803897189,56.0351467327606],[-114.083512215589,56.0560219986572],[-114.103689849655,56.0656834199902],[-114.158265349271,56.0584570961198],[-114.20598278689,56.0530654045958],[-114.249992640991,56.0628538086599],[-114.29392055249,56.0783337909112],[-114.313824433158,56.1069850334131],[-114.323336529212,56.1469918854983],[-114.312875172916,56.1602522426291],[-114.295586079491,56.1734729944865],[-114.295098025795,56.2001062667288],[-114.277391113156,56.2342503185595],[-114.210051040393,56.2696070530584],[-114.144289138624,56.3053188222472],[-114.099447403017,56.320221496631],[-114.030889175317,56.3235093511872],[-113.962164805863,56.332465712966],[-113.91705934839,56.3530083496416],[-113.89595442055,56.3718481816251],[-113.88500512908,56.3945813836632],[-113.870329114716,56.4267926816569],[-113.845552678213,56.4512983384451],[-113.803021272633,56.4927525497178],[-113.774656120453,56.5191122279014],[-113.750007830256,56.5359900321464],[-113.697918904432,56.5487734279411],[-113.680437872538,56.5561995030674],[-113.686798697545,56.5714876590859],[-113.689322861448,56.5981505966068],[-113.664719070701,56.6112070884116],[-113.646862348126,56.6281375275214],[-113.583758429489,56.6540719245727],[-113.52476650241,56.6609973534248],[-113.487086020165,56.6529346332132],[-113.449577867824,56.6410572221563],[-113.409123380371,56.6177146373656],[-113.399661074477,56.5966637764514],[-113.401668011496,56.5491222830226],[-113.394782303497,56.5490335451948],[-113.377161270836,56.5583182521817],[-113.376509657035,56.5735313691497],[-113.375122859291,56.605859102011],[-113.360671875511,56.6208910675986],[-113.339558620498,56.6301246021807],[-113.318265822255,56.6431576007658],[-113.296786790765,56.6599899101635],[-113.292387964563,56.6808594154986],[-113.311669413816,56.7134680495043],[-113.307357482183,56.7324363983061],[-113.2890234828,56.7550182927125],[-113.267554256051,56.769943328773],[-113.234961012774,56.7999294088948],[-113.212810688831,56.8281545334134],[-113.187615755266,56.8468182384721],[-113.16239564078,56.8654766451466],[-113.171882073339,56.8846428568477],[-113.191895080754,56.9020582925646],[-113.21522163166,56.9233230171229],[-113.220364625148,56.9614495280363],[-113.191692141993,56.9781622271526],[-113.180689841533,56.9894186942111],[-113.180040146961,57.0027278751007],[-113.178832079419,57.0274448370078],[-113.18855167087,57.0428070192669],[-113.188242357944,57.1208105464475],[-113.182324289274,57.1701929913085],[-113.170509047684,57.1966578772962],[-113.155266489295,57.2211687862584],[-113.126168262316,57.2416667957681],[-113.097723705294,57.2488497944202],[-113.016651193285,57.2552067111847],[-112.974768289703,57.250733200492],[-112.943204102219,57.2502204013018],[-112.90495077933,57.2438801188614],[-112.870326183075,57.2356868885098],[-112.849182539744,57.2372293346294],[-112.844900317392,57.2504752027292],[-112.868460668173,57.2680018053928],[-112.909163736446,57.2934208754828],[-112.949817012462,57.3207279927293],[-112.975732018428,57.3611036499181],[-112.97468437294,57.3801133375775],[-112.991762427628,57.3899001315678],[-113.009571244473,57.3863776425593],[-113.02125869059,57.3656329297926],[-113.036753440589,57.3392387604391],[-113.059151953795,57.3148521511212],[-113.101216477416,57.3173968703316],[-113.171400499942,57.3203394098453],[-113.213110572689,57.33045164513],[-113.303722538429,57.3488286376384],[-113.366442517474,57.3629757908899],[-113.481699763619,57.3853455095557],[-113.603855966763,57.4152948205236],[-113.694672462918,57.4390965836622],[-113.739667211836,57.4642847537054],[-113.735744276034,57.4756594152173],[-113.710819716829,57.4814945518101],[-113.685627639248,57.4945508788268],[-113.628477904036,57.5110636426312],[-113.549841511337,57.533012882667],[-113.496186194499,57.5476041497399],[-113.449806674343,57.5565552179738],[-113.375268526943,57.5613254458824],[-113.297528665332,57.5583988749293],[-113.085108393488,57.5591612389336],[-113.035386589031,57.5622025381304],[-112.996060249962,57.5691949098741],[-112.959938295246,57.5819347862678],[-112.916819729745,57.5926467483236],[-112.86603737542,57.6127282515958],[-112.828806213036,57.6425366278785],[-112.820919567604,57.6557195639393],[-112.819322341617,57.6823292142498],[-112.824025890073,57.7223657419619],[-112.827940103072,57.7757066154373],[-112.832206465682,57.8233450561876],[-112.829463109598,57.8689606398653],[-112.812541901135,57.9124299606785],[-112.800550465586,57.9331514637808],[-112.792003223523,57.955834403226],[-112.783444847394,57.9785166181163],[-112.782387619834,57.9956215318677],[-112.770468106172,58.014439100729],[-112.727375317881,58.0155792136889],[-112.6414329066,58.0140148928772],[-112.541178324202,58.0121165536679],[-112.473021770743,58.0126835619018],[-112.379943323771,58.0108003019278],[-112.266901356985,58.0122271340028],[-112.202027781744,58.016525330155],[-112.073013590997,58.0155246364644],[-111.890662472056,58.0092934839497],[-111.794233188937,58.0049954152936],[-111.763753777505,57.9851901850656],[-111.726854591028,57.9575984867541],[-111.672692318807,57.9238336702195],[-111.626117978906,57.8864391294019],[-111.600826990974,57.8515016700996],[-111.577881207039,57.8299460330339],[-111.562618810524,57.8028839254752],[-111.547559947734,57.7739215515715],[-111.534706038463,57.722174758972],[-111.530700644208,57.6897045594113],[-111.512825185358,57.6538062800097],[-111.512018728906,57.625230278875],[-111.508223110074,57.5908607381603],[-111.488841712758,57.5712869499708],[-111.463706865145,57.5382231317475]]]},"properties":{"FID":22,"Name":"Athabaska Wabiskaw McMurray Deposit, 58172 square kilometers","Acres":14374545.6854,"SqMiles":22460.2276364}},{"type":"Feature","id":23,"geometry":{"type":"Polygon","coordinates":[[[-113.216770695998,56.8577028403167],[-113.247251990515,56.8557560745546],[-113.277293255915,56.8633091163463],[-113.289877315181,56.8729953310175],[-113.284883744043,56.8871967355557],[-113.262842522941,56.8940271509134],[-113.232218471784,56.8983542703628],[-113.215072259093,56.8933538202626],[-113.19393266255,56.8811582337385],[-113.190165878642,56.8692118996857],[-113.216770695998,56.8577028403167]]]},"properties":{"FID":23,"Name":" ","Acres":5111.712188,"SqMiles":7.98705029479}},{"type":"Feature","id":24,"geometry":{"type":"Polygon","coordinates":[[[-113.326392294505,56.9305687665106],[-113.352580767476,56.9285383518281],[-113.36096218537,56.935783292688],[-113.373695623411,56.9430843181755],[-113.373385097749,56.9502150168179],[-113.381363129598,56.9669661993452],[-113.367892614042,56.9763041240914],[-113.337424451516,56.9759029277739],[-113.302496527545,56.9778121392193],[-113.294008584201,56.9729401324696],[-113.294551761744,56.9610561521288],[-113.29987665698,56.9397241228713],[-113.326392294505,56.9305687665106]]]},"properties":{"FID":24,"Name":" ","Acres":5639.31699928,"SqMiles":8.81143281252}},{"type":"Feature","id":25,"geometry":{"type":"Polygon","coordinates":[[[-114.868339871091,56.5207242105924],[-114.919969251342,56.5183901619979],[-114.919949198555,56.5279022358283],[-114.919919096394,56.5421703190797],[-114.915593471096,56.5516795077685],[-114.889746412063,56.5564152946633],[-114.863909977398,56.5563897003576],[-114.851019804395,56.5492408860538],[-114.851094481027,56.5302168352446],[-114.868339871091,56.5207242105924]]]},"properties":{"FID":25,"Name":" ","Acres":3866.21886301,"SqMiles":6.04096697423}},{"type":"Feature","id":26,"geometry":{"type":"Polygon","coordinates":[[[-114.984519076625,56.4613421614879],[-115.066113618922,56.4518133364316],[-115.100473811154,56.4541683319078],[-115.109083261821,56.4612952087272],[-115.122007300516,56.4731734036911],[-115.122060719299,56.4898196237339],[-115.117821158467,56.5088479727801],[-115.11785066925,56.5183600504747],[-115.096378078159,56.5326466862817],[-115.074879931473,56.5421735611804],[-115.049056212989,56.5445644473544],[-115.010314858986,56.5493297216111],[-114.993095040055,56.5421959214903],[-114.980184115089,56.5374385050177],[-114.967282577213,56.5255456901406],[-114.945786654501,56.5136480593301],[-114.941511054479,56.4969999234081],[-114.950137826294,56.4756013676029],[-114.984519076625,56.4613421614879]]]},"properties":{"FID":26,"Name":" ","Acres":22989.7309572,"SqMiles":35.9214546253}},{"type":"Feature","id":27,"geometry":{"type":"Polygon","coordinates":[[[-115.297480641924,56.3848884555378],[-115.310340593583,56.3848569421581],[-115.323321396756,56.3990922963338],[-115.323462560729,56.4157384888719],[-115.310650345476,56.4229054514809],[-115.297833311211,56.4300710877369],[-115.267824520092,56.4348956090748],[-115.242025406024,56.4278144071377],[-115.224803265482,56.4183345339816],[-115.224705148076,56.4016882112855],[-115.246071256609,56.3897572767388],[-115.297480641924,56.3848884555378]]]},"properties":{"FID":27,"Name":" ","Acres":6460.99662341,"SqMiles":10.0953072254}},{"type":"Feature","id":28,"geometry":{"type":"Polygon","coordinates":[[[-114.936923304006,56.6705915322793],[-114.958526620544,56.6634667024166],[-114.984432392919,56.6729844950447],[-114.993068515041,56.6872530372999],[-114.988741833663,56.706276353335],[-114.988739702973,56.7134102000285],[-114.967115543941,56.7181622639906],[-114.941168269274,56.7181527174467],[-114.919555707143,56.7133847471621],[-114.906619068557,56.6991080162957],[-114.906660261687,56.6824623445328],[-114.923946861155,56.6800961367575],[-114.936923304006,56.6705915322793]]]},"properties":{"FID":28,"Name":" ","Acres":6011.23514493,"SqMiles":9.39255491518}},{"type":"Feature","id":29,"geometry":{"type":"Polygon","coordinates":[[[-114.672801497498,56.7462726026303],[-114.690112345188,56.7463168248106],[-114.707312305687,56.7606260507024],[-114.707238292019,56.7701376369458],[-114.707090128153,56.7891607654317],[-114.702701041751,56.7962841746753],[-114.693975991762,56.8033968669781],[-114.672304562107,56.8033418459863],[-114.646321340497,56.8008929853957],[-114.633435407212,56.7889661227038],[-114.633574492891,56.7746988869667],[-114.63801989133,56.7628221391464],[-114.646768383878,56.7533354286663],[-114.672801497498,56.7462726026303]]]},"properties":{"FID":29,"Name":" ","Acres":5993.93662655,"SqMiles":9.36552598019}},{"type":"Feature","id":30,"geometry":{"type":"Polygon","coordinates":[[[-115.706908223553,57.3078643753523],[-115.715279222536,57.2864168429124],[-115.754697291109,57.2814308181229],[-115.794258176924,57.2835649689074],[-115.820705133139,57.2881507927853],[-115.83403863522,57.2951965585614],[-115.851824567348,57.304588679006],[-115.864890880851,57.299743842845],[-115.85999955598,57.2783768355397],[-115.864110595589,57.2664594190058],[-115.877161829553,57.2616133213733],[-115.876935882569,57.2521034776887],[-115.859224317977,57.2450922550255],[-115.858947855928,57.2332048601854],[-115.858671608596,57.2213174418364],[-115.858395575752,57.2094299999752],[-115.832160896417,57.211984429496],[-115.81014826838,57.2073726362528],[-115.788090449759,57.2003794319483],[-115.779079419096,57.1885463902273],[-115.778629316712,57.1671484406313],[-115.791149289939,57.1385356746288],[-115.821286474597,57.1169409937026],[-115.833970446855,57.0978340868721],[-115.864381602293,57.090494362358],[-115.908170366465,57.0949406160185],[-115.943293348177,57.1018150468711],[-115.965197686838,57.1040262661825],[-116.004580495511,57.1060948477309],[-116.026359429747,57.1035405054155],[-116.047866994489,57.0914727779976],[-116.09125890704,57.0815906101809],[-116.116954299591,57.0647182845665],[-116.147501575614,57.0644422474375],[-116.174285159482,57.0832181990051],[-116.183623036988,57.1021544401494],[-116.197571194933,57.1281800510539],[-116.198339276445,57.15195269273],[-116.172395445555,57.1617097280943],[-116.129076944737,57.176374738335],[-116.090032851095,57.1886096031977],[-116.046448268749,57.1961142401054],[-116.007291065737,57.2059461275881],[-115.976814021254,57.2133205870436],[-115.968424329913,57.2276529199043],[-115.959781078343,57.2324750274273],[-115.956320327581,57.2681696077268],[-115.956443583769,57.2729244137347],[-115.982965993414,57.2798534671911],[-115.983409780007,57.2964951093659],[-115.983854050345,57.3131367049832],[-115.979523758216,57.3155483597659],[-115.944433981452,57.3181945319947],[-115.922641736952,57.3254897662196],[-115.923237995934,57.3492637696251],[-115.923655930429,57.3659055158313],[-115.893145304115,57.3780147288958],[-115.853366884754,57.3711571504489],[-115.82664228174,57.3570686170708],[-115.791194676361,57.3454073959606],[-115.76016572099,57.3337096397788],[-115.733551312811,57.321978621225],[-115.706908223553,57.3078643753523]]]},"properties":{"FID":30,"Name":" ","Acres":108634.695569,"SqMiles":169.741711849}},{"type":"Feature","id":31,"geometry":{"type":"Polygon","coordinates":[[[-116.733881938928,56.7199776257995],[-116.75051029988,56.7054748032695],[-116.767014576139,56.6885929830903],[-116.822357674481,56.671146428889],[-116.895504956471,56.6652973657601],[-116.917689081627,56.6768500819593],[-116.966541960212,56.7022517397116],[-117.005928649773,56.7111378018996],[-117.01914652613,56.7156813366423],[-117.071004025859,56.7148300809303],[-117.105706912233,56.7166269355218],[-117.115283877201,56.733114811209],[-117.138250001316,56.7565088016095],[-117.147851754625,56.772993894375],[-117.140278602426,56.7921527896226],[-117.110368396354,56.7997981392475],[-117.063117868227,56.8077241491266],[-117.01100461878,56.8061965396309],[-116.980304059524,56.7995521791411],[-116.949860946741,56.7976532627394],[-116.919056499846,56.788617149025],[-116.866856357159,56.7846525022448],[-116.827770988233,56.782852990125],[-116.78801074877,56.7667806144655],[-116.75272135059,56.753011396618],[-116.691720887682,56.7443406733037],[-116.682538280295,56.732573223132],[-116.690653360132,56.7205716351276],[-116.733881938928,56.7199776257995]]]},"properties":{"FID":31,"Name":" ","Acres":65379.750303,"SqMiles":102.155859862}},{"type":"Feature","id":32,"geometry":{"type":"Polygon","coordinates":[[[-116.3836469568,56.6054464385971],[-116.39596428338,56.5886609437685],[-116.425765213922,56.5788097384235],[-116.473237067786,56.5806346953938],[-116.49514931834,56.5898864299538],[-116.529616220228,56.5894673032912],[-116.555270500658,56.5843924536562],[-116.580818612285,56.5769352528474],[-116.636805388444,56.576210865219],[-116.697202367097,56.5777795353753],[-116.698374910317,56.6039259867527],[-116.694171732296,56.6063617028331],[-116.655694229032,56.6140149186812],[-116.647383106593,56.6212603630351],[-116.613294833238,56.6312204294391],[-116.566443207025,56.6460889465681],[-116.532021662207,56.648895667644],[-116.493185411188,56.649367571963],[-116.471424031301,56.6448701312231],[-116.44526259683,56.6380418111316],[-116.414619358665,56.6265025385421],[-116.392617702776,56.6148593971139],[-116.3836469568,56.6054464385971]]]},"properties":{"FID":32,"Name":" ","Acres":27262.4650027,"SqMiles":42.5976015722}},{"type":"Feature","id":33,"geometry":{"type":"Polygon","coordinates":[[[-116.244635260363,57.2275978675304],[-116.284081288808,57.2272008341983],[-116.332463120113,57.2314529692192],[-116.32884943124,57.252893337363],[-116.329106194694,57.2600246368682],[-116.307172764863,57.2602546750868],[-116.27646541453,57.2605702999365],[-116.258755920311,57.255992959743],[-116.24105079164,57.25141310316],[-116.235869338315,57.2276844154855],[-116.244635260363,57.2275978675304]]]},"properties":{"FID":33,"Name":" ","Acres":4575.45811751,"SqMiles":7.14915330954}},{"type":"Feature","id":34,"geometry":{"type":"Polygon","coordinates":[[[-116.542268242156,57.1101458855795],[-116.56827823492,57.1050669006635],[-116.603631404646,57.1141323522651],[-116.612678976835,57.1211508409621],[-116.613609485163,57.1425424406676],[-116.61412699534,57.1544266267588],[-116.588292750705,57.1642689564308],[-116.575269356085,57.1668112732974],[-116.553991950638,57.1813453634988],[-116.515183120469,57.1960885033356],[-116.497475705688,57.1915447647094],[-116.479677571094,57.1846215309204],[-116.46950731257,57.1490695679583],[-116.50780242839,57.1224557790949],[-116.542268242156,57.1101458855795]]]},"properties":{"FID":34,"Name":" ","Acres":14357.7702742,"SqMiles":22.4340160564}},{"type":"Feature","id":35,"geometry":{"type":"Polygon","coordinates":[[[-116.607819295715,57.3114646095062],[-116.629780234167,57.3111819536507],[-116.638881794634,57.3181980520965],[-116.648732094203,57.3418505473955],[-116.64518676821,57.3609218539771],[-116.623721261294,57.3730910667861],[-116.602241539898,57.3852566699657],[-116.545226433873,57.3907253105252],[-116.527322378363,57.3838095854249],[-116.522133373551,57.364848048469],[-116.52554574885,57.3410261911331],[-116.564603094703,57.3286562251231],[-116.607819295715,57.3114646095062]]]},"properties":{"FID":35,"Name":" ","Acres":11910.0299203,"SqMiles":18.6094217528}},{"type":"Feature","id":36,"geometry":{"type":"Polygon","coordinates":[[[-116.703351316192,57.381551396622],[-116.716108262606,57.3718656107845],[-116.751641235141,57.3785106969767],[-116.791471566294,57.3827066059138],[-116.836305717989,57.3987081097131],[-116.859038406939,57.4126438450136],[-116.886927635338,57.440767766037],[-116.887662209835,57.455026024844],[-116.870755388636,57.4695472419327],[-116.835470311616,57.4700658345691],[-116.803775163635,57.4538761325915],[-116.767815676636,57.4401166960124],[-116.736176248283,57.4239096077142],[-116.717775257152,57.4075149259652],[-116.704123271218,57.3981878577755],[-116.703351316192,57.381551396622]]]},"properties":{"FID":36,"Name":" ","Acres":16450.891001,"SqMiles":25.7045171923}},{"type":"Feature","id":37,"geometry":{"type":"Polygon","coordinates":[[[-117.408740517218,56.6526175846507],[-117.434159991888,56.6449865026064],[-117.482374346285,56.6559282137999],[-117.492255843667,56.6747615668265],[-117.493040882035,56.6866401106116],[-117.480559117507,56.6940259388531],[-117.450797820147,56.7017517084355],[-117.416247392033,56.7024268455068],[-117.38973099812,56.6934233805127],[-117.38034504524,56.6817092953274],[-117.383610731179,56.66499536731],[-117.408740517218,56.6526175846507]]]},"properties":{"FID":37,"Name":" ","Acres":8234.09475968,"SqMiles":12.8657730637}},{"type":"Feature","id":38,"geometry":{"type":"Polygon","coordinates":[[[-117.74561131351,56.5933008507317],[-117.792617714251,56.5874955151072],[-117.81054107488,56.5966080143013],[-117.824698836971,56.6129410195384],[-117.816792099053,56.6226368594527],[-117.800086202593,56.6301514319653],[-117.774927595831,56.6402315953561],[-117.75768512642,56.6406150250242],[-117.726652444784,56.6294038701362],[-117.721145641285,56.6128711763613],[-117.729417945159,56.6079317747979],[-117.74561131351,56.5933008507317]]]},"properties":{"FID":38,"Name":" ","Acres":6409.1010682,"SqMiles":10.0142204204}},{"type":"Feature","id":39,"geometry":{"type":"Polygon","coordinates":[[[-117.414459180202,56.4717153134884],[-117.409263199742,56.4575431172898],[-117.408962285175,56.4527912296084],[-117.429807890441,56.4428692137064],[-117.459986502266,56.4446533334462],[-117.495548006168,56.4629744472327],[-117.521138656675,56.460078194979],[-117.547202543304,56.4643037819623],[-117.548476367168,56.4833092820811],[-117.549113861741,56.4928120031288],[-117.532410350956,56.5002906924193],[-117.524135084735,56.5052170727797],[-117.498670726236,56.5104899525256],[-117.473044367015,56.5133818595395],[-117.44265765011,56.5092255441738],[-117.433607080983,56.5022666515048],[-117.432998237277,56.492763111136],[-117.432085667604,56.4785077650941],[-117.414459180202,56.4717153134884]]]},"properties":{"FID":39,"Name":" ","Acres":11269.9847394,"SqMiles":17.6093511575}},{"type":"Feature","id":40,"geometry":{"type":"Polygon","coordinates":[[[-116.546859788224,55.8477266869677],[-116.567988932942,55.8474592281271],[-116.589408827047,55.8543202395269],[-116.611722346312,55.8825734557977],[-116.611820878512,55.8849507825154],[-116.594901658262,55.8851711553426],[-116.569522388861,55.8854973564748],[-116.552412769657,55.8809571286925],[-116.539253897532,55.8692294333192],[-116.538877815519,55.8597197643519],[-116.546859788224,55.8477266869677]]]},"properties":{"FID":40,"Name":" ","Acres":3407.80812533,"SqMiles":5.32470019652}},{"type":"Feature","id":41,"geometry":{"type":"Polygon","coordinates":[[[-116.494962089022,55.8174465843836],[-116.537000791402,55.8121711724899],[-116.537375745385,55.821680923801],[-116.538032456937,55.838322948965],[-116.512775358044,55.8410147154346],[-116.487423887585,55.8413238322412],[-116.470163714354,55.8320169972218],[-116.46540296657,55.8178023356112],[-116.494962089022,55.8174465843836]]]},"properties":{"FID":41,"Name":" ","Acres":2802.35998124,"SqMiles":4.37868747126}},{"type":"Feature","id":42,"geometry":{"type":"Polygon","coordinates":[[[-116.634801443431,55.8275604503495],[-116.646467610718,55.8036182745606],[-116.658725821765,55.7939388466675],[-116.688366972013,55.7959140287316],[-116.713790863343,55.7979409432096],[-116.726451157234,55.7977638116102],[-116.726135625424,55.7906321426099],[-116.746912707777,55.7832025080143],[-116.784552127174,55.7755256082067],[-116.839938882386,55.7866026912313],[-116.882009486169,55.7835869642607],[-116.89512563082,55.7929005654278],[-116.891597964566,55.8072275647882],[-116.892405499431,55.8238665465513],[-116.875744132566,55.8288793197655],[-116.846182040419,55.8293266200607],[-116.820842444338,55.8297043685804],[-116.795283201057,55.8253226562865],[-116.765399447252,55.8186191184531],[-116.757276430234,55.8258715727605],[-116.749257139461,55.8355006806568],[-116.741659210061,55.8546380062194],[-116.74229762152,55.8689010682408],[-116.717560536174,55.8835207965162],[-116.696413374485,55.8838140561406],[-116.675061025791,55.8793491807093],[-116.666195585231,55.8699549336633],[-116.661257087688,55.8533711694778],[-116.648175748589,55.8440325111061],[-116.635300276644,55.8394470446728],[-116.634801443431,55.8275604503495]]]},"properties":{"FID":42,"Name":" ","Acres":25221.2398311,"SqMiles":39.4081872413}},{"type":"Feature","id":43,"geometry":{"type":"Polygon","coordinates":[[[-116.868780232477,55.859909088881],[-116.872777947965,55.8550908105546],[-116.882034354492,55.8716008213573],[-116.882724642505,55.8858627373064],[-116.878725087546,55.8906813293624],[-116.857689475932,55.8933793085989],[-116.840543667605,55.8888794138167],[-116.82740760521,55.8795602602343],[-116.835192043553,55.8651720897327],[-116.868780232477,55.859909088881]]]},"properties":{"FID":43,"Name":" ","Acres":2447.74035398,"SqMiles":3.82459430359}},{"type":"Feature","id":44,"geometry":{"type":"Polygon","coordinates":[[[-116.929113368334,55.7971294823975],[-116.941417016926,55.7897993762808],[-116.975286416412,55.7916385896373],[-117.010138583496,55.812483133343],[-117.061668942961,55.8282818991381],[-117.053724930778,55.8379302244156],[-117.046026834105,55.8523315811755],[-117.033847870192,55.8620488607897],[-116.996420212219,55.8745558843278],[-116.97093293855,55.8725879226842],[-116.953902995206,55.8704807084949],[-116.952948522767,55.8514655554495],[-116.93158566322,55.8470452587357],[-116.929113368334,55.7971294823975]]]},"properties":{"FID":44,"Name":" ","Acres":12731.7095444,"SqMiles":19.8932961657}},{"type":"Feature","id":45,"geometry":{"type":"Polygon","coordinates":[[[-117.146151355484,55.7507111628442],[-117.166825505658,55.7432113951023],[-117.196583733519,55.7474407439036],[-117.231240642546,55.7634689504395],[-117.256942803641,55.7701364565742],[-117.257217583437,55.7748893869589],[-117.258455112623,55.796277516795],[-117.24579937056,55.7965094036218],[-117.203612235617,55.7972729575877],[-117.173682733361,55.7906690671969],[-117.15615317907,55.7790832024692],[-117.142719417897,55.7650446343164],[-117.146151355484,55.7507111628442]]]},"properties":{"FID":45,"Name":" ","Acres":7403.76587635,"SqMiles":11.5683841833}},{"type":"Feature","id":46,"geometry":{"type":"Polygon","coordinates":[[[-117.236150901816,55.9227695343586],[-117.28256569569,55.9195389073208],[-117.288198266547,55.9432239159866],[-117.267859578568,55.957873709769],[-117.255566034703,55.9652361845231],[-117.238755456832,55.9679217043415],[-117.217568888784,55.9683048383649],[-117.200214524519,55.9614792793372],[-117.199540362303,55.9495968470204],[-117.211433404881,55.9351104772435],[-117.236150901816,55.9227695343586]]]},"properties":{"FID":46,"Name":" ","Acres":5379.83922324,"SqMiles":8.4059987874}},{"type":"Feature","id":47,"geometry":{"type":"Polygon","coordinates":[[[-117.097880865544,55.8728680309809],[-117.148344546447,55.86723956091],[-117.183089914268,55.883280364001],[-117.192752698245,55.9045187714437],[-117.180594786613,55.9142503209462],[-117.139063572025,55.9292520774112],[-117.075561528563,55.93033868351],[-117.045800486072,55.928457836391],[-117.024137070998,55.9193005778702],[-117.027252963651,55.8978400163534],[-117.043548754924,55.885676444201],[-117.097880865544,55.8728680309809]]]},"properties":{"FID":47,"Name":" ","Acres":13691.7773157,"SqMiles":21.3934020586}},{"type":"Feature","id":48,"geometry":{"type":"Polygon","coordinates":[[[-117.765535639804,56.0381167045518],[-117.79879263391,56.0278491823113],[-117.828833633806,56.0319221104622],[-117.830225292195,56.0509245560584],[-117.81393971591,56.0608143611963],[-117.793742995087,56.0755490595154],[-117.768770366457,56.0832497743398],[-117.751438546716,56.0788790405351],[-117.749914993848,56.0574999477232],[-117.765535639804,56.0381167045518]]]},"properties":{"FID":48,"Name":" ","Acres":5103.06292879,"SqMiles":7.97353582727}},{"type":"Feature","id":49,"geometry":{"type":"Polygon","coordinates":[[[-115.737169667921,55.5974223384889],[-115.762185786677,55.5877555814089],[-115.81687162541,55.592160401214],[-115.85912569102,55.6037640221503],[-115.880448520076,55.6178836564647],[-115.885401146874,55.6511465637456],[-115.877255592279,55.6630973496009],[-115.86058411664,55.6703507211199],[-115.814347378705,55.6730445963928],[-115.780350820215,55.6566163734424],[-115.750587375448,55.6401529652711],[-115.733502057347,55.6259856665978],[-115.737169667921,55.5974223384889]]]},"properties":{"FID":49,"Name":" ","Acres":16398.9954458,"SqMiles":25.6234303873}},{"type":"Feature","id":50,"geometry":{"type":"Polygon","coordinates":[[[-115.541725789712,55.7411448250841],[-115.57123548981,55.7410111860934],[-115.588169600895,55.7456880345202],[-115.601037375194,55.7598959754557],[-115.626762913551,55.7859294849357],[-115.664949355056,55.7976207146733],[-115.665192605744,55.8118895468933],[-115.665557892914,55.8332927314228],[-115.657347474795,55.8476069284201],[-115.657548227383,55.8594975452628],[-115.64928972452,55.8714330474625],[-115.632486802132,55.8786555016333],[-115.594484679184,55.8836015000682],[-115.569028546332,55.8789651537618],[-115.539150649465,55.8600731179757],[-115.522013181672,55.8434987726477],[-115.487960571505,55.8246119594796],[-115.49197524689,55.8079476824973],[-115.508649912569,55.7912315057251],[-115.529368474781,55.7626038924899],[-115.541725789712,55.7411448250841]]]},"properties":{"FID":50,"Name":" ","Acres":28793.3838813,"SqMiles":44.9896623204}},{"type":"Feature","id":51,"geometry":{"type":"Polygon","coordinates":[[[-115.852789308613,55.6989464195992],[-115.88583070201,55.6701711308267],[-115.932171887891,55.6722064346081],[-115.97425050567,55.6718796893833],[-116.012489003837,55.6858411488884],[-116.092861347367,55.6994230416606],[-116.136278183443,55.7442205095716],[-116.14139614605,55.7750934370672],[-116.108186060999,55.7944250737681],[-116.078837148852,55.8018214493534],[-115.998684321614,55.8048769280981],[-115.935465567682,55.8101308822519],[-115.863729979482,55.813033971027],[-115.846888898842,55.8155294723879],[-115.834574800476,55.8322623316899],[-115.839261045153,55.8536358582555],[-115.844107330393,55.8821431523427],[-115.831567758276,55.8893635674199],[-115.780837149477,55.8920740754555],[-115.709068461585,55.9020215845921],[-115.679271184953,55.8926762395445],[-115.670397227018,55.8689415745029],[-115.687146915586,55.8593358582698],[-115.695263913824,55.840263505052],[-115.694882223723,55.8188604767393],[-115.707338401298,55.806897668848],[-115.724008310555,55.7949088156259],[-115.664868320165,55.7928644297039],[-115.635242518001,55.7882643275132],[-115.635087765949,55.7787516832323],[-115.634894456429,55.766860856643],[-115.685139442507,55.7451856491371],[-115.752137406967,55.7210098197767],[-115.760564083395,55.720957936155],[-115.798483780142,55.7207173074087],[-115.852789308613,55.6989464195992]]]},"properties":{"FID":51,"Name":" ","Acres":107354.605207,"SqMiles":167.741570658}},{"type":"Feature","id":52,"geometry":{"type":"Polygon","coordinates":[[[-116.981904368858,56.5172743604068],[-116.942482345553,56.5036257339918],[-116.923684560886,56.5146218000928],[-116.878368527127,56.5117475464882],[-116.832542921167,56.4981610664741],[-116.74923520121,56.510065484813],[-116.697329419738,56.503650292967],[-116.696692424595,56.4893883685931],[-116.695420181567,56.4608644068485],[-116.676099786086,56.4611268007326],[-116.676571177058,56.4718234098383],[-116.670129164018,56.4719102415382],[-116.612149451825,56.4726766917206],[-116.592672930198,56.4693604785654],[-116.572315583422,56.4446468351189],[-116.546564397891,56.4449704244351],[-116.482184135879,56.4457560300481],[-116.42383910744,56.4357366021057],[-116.391134459666,56.4218375812186],[-116.357691782586,56.3865331886602],[-116.362719734062,56.3472354137918],[-116.336907086606,56.3439490524002],[-116.311465883436,56.3513558891493],[-116.266624236246,56.3553897369418],[-116.202612116664,56.363162204623],[-116.170049839143,56.349204167782],[-116.163084424644,56.3314326296776],[-116.194180724398,56.2990297862362],[-116.225909102495,56.2880173487391],[-116.218929340687,56.2702488451873],[-116.179923729816,56.25278940557],[-116.147570563699,56.2423912291359],[-116.141590150248,56.2567163855538],[-116.109863073422,56.2677072631324],[-116.058785779841,56.2752894773907],[-116.020037151517,56.2649126038659],[-116.019562943785,56.2470795014441],[-116.044798030302,56.2325993437185],[-116.082715504632,56.2144361127739],[-116.081911961045,56.1859034612312],[-116.087601516594,56.1608812011179],[-116.093182678833,56.1322920016563],[-116.137783644781,56.1283217883877],[-116.201864285922,56.1348501066699],[-116.220911773126,56.1310957863133],[-116.220234180182,56.1096970581788],[-116.206799201998,56.0884236109617],[-116.187771321501,56.0921756962941],[-116.175554904985,56.1101304026952],[-116.118108353843,56.1106638160968],[-116.110903430257,56.0821885783752],[-116.104219009231,56.0715459259867],[-116.046635177981,56.0649125550697],[-115.982605469518,56.0547363895878],[-115.937035167838,56.0158483714517],[-115.954643228814,55.9550653725123],[-115.985073517459,55.9013123085627],[-116.066628980436,55.8649565992733],[-116.161449387223,55.8533952833298],[-116.256212369788,55.8417611745575],[-116.357626777714,55.8406839067554],[-116.44649095085,55.8432390416687],[-116.478723976816,55.8571272972085],[-116.49195171861,55.8712390758113],[-116.486699245826,55.899845403597],[-116.449278870147,55.9181305957011],[-116.398345020096,55.9151516311587],[-116.360118332155,55.9120119633778],[-116.360617993429,55.926277466049],[-116.348780989922,55.9513818134952],[-116.304886281588,55.9696929671423],[-116.292524205953,55.980526284869],[-116.254587479733,55.988053529759],[-116.255049697887,56.0023194555123],[-116.280391038058,55.9984912696742],[-116.305486867624,55.987525072099],[-116.343660270962,55.9871149435198],[-116.362495748316,55.9797727785884],[-116.387428392265,55.9652237174981],[-116.412342334971,55.9506696790209],[-116.444254690529,55.9538675503861],[-116.495242600751,55.9568272023419],[-116.559238819043,55.9667375921652],[-116.578894261822,55.9807587696742],[-116.604335760444,55.9804302664301],[-116.68624107523,55.9614973591613],[-116.716604816749,55.9289664532384],[-116.772790138932,55.9067624757604],[-116.830421880504,55.9166233910015],[-116.831599154403,55.9415822643157],[-116.807016496233,55.9597854372428],[-116.814040047177,55.9739543216776],[-116.833959292934,55.9914996564007],[-116.859233257006,55.987553016354],[-116.877278231922,55.9658711384594],[-116.941203343809,55.9720169197616],[-116.966996028358,55.9787441980437],[-116.999157328644,55.9853630158586],[-117.062752609835,55.9843150952076],[-117.095899135809,56.0087334926403],[-117.09127013317,56.0409260019347],[-117.066367571014,56.0520502265741],[-117.008661175737,56.0458670050345],[-116.983182239148,56.0462792384616],[-116.971533969926,56.0678745202534],[-116.971898115579,56.0750048795411],[-117.042016168438,56.0738645975998],[-117.081606011664,56.098180363587],[-117.133812062928,56.1186982519428],[-117.14915945719,56.1648187349408],[-117.162538075046,56.175289918649],[-117.232416246912,56.1669108245625],[-117.25901765166,56.184268784258],[-117.323145795904,56.1866483384755],[-117.376040171658,56.2141898604122],[-117.391052086837,56.249584322641],[-117.347547846237,56.2718275292894],[-117.277293983039,56.2767085770447],[-117.244215102905,56.2594717021537],[-117.205789617617,56.2601626918729],[-117.174778465817,56.2785524499575],[-117.189223680622,56.3068430958752],[-117.209901594074,56.3314529520381],[-117.237026785617,56.3559433010446],[-117.319620729315,56.3401514985517],[-117.346383829502,56.3574888644537],[-117.336379283922,56.404065309098],[-117.350333975317,56.421642858441],[-117.351654300991,56.4430273343129],[-117.301686037917,56.4689417894961],[-117.244784668306,56.4878246253128],[-117.224622280059,56.4739151404314],[-117.202411414318,56.4243578492026],[-117.177090634162,56.4319410488842],[-117.172691384607,56.467698890447],[-117.167471035367,56.4891984787426],[-117.117315460684,56.5150399109004],[-117.065732579565,56.5159085222085],[-116.981904368858,56.5172743604068]]]},"properties":{"FID":52,"Name":"Peace River Bluesky-Gething Deposti, SW, 4142 square kilomet","Acres":1023737.13065,"SqMiles":1599.58926684}},{"type":"Feature","id":53,"geometry":{"type":"Polygon","coordinates":[[[-114.758725867014,57.3491686272135],[-114.712681839085,57.3312390520974],[-114.66652123536,57.331125196368],[-114.600694224696,57.3202337238539],[-114.594376824206,57.2952471933394],[-114.60150433381,57.2453370521324],[-114.654169798393,57.2419263718756],[-114.733111189299,57.242118823746],[-114.73334287655,57.2100195282153],[-114.7468301641,57.1601141301351],[-114.714313003867,57.1208106845386],[-114.662149726992,57.0885805222069],[-114.590243911774,57.0740991184236],[-114.469536898813,57.0427342014799],[-114.469740126181,57.0284678685099],[-114.450697244777,56.989150793052],[-114.445171358593,56.9213562703519],[-114.484989417871,56.8715903905652],[-114.54386826056,56.8504179414436],[-114.628280077783,56.8720989003848],[-114.64745077303,56.9113897730268],[-114.725562443178,56.9294197479224],[-114.751655927909,56.9294742921346],[-114.869027572301,56.943919494697],[-114.921205151192,56.9582303927137],[-114.91475809481,56.9225582422946],[-114.927898815501,56.8726310794678],[-115.012553384585,56.8084479861506],[-115.058004132322,56.7656325834236],[-115.109891165993,56.7406293547597],[-115.194380237679,56.7619277107682],[-115.220420207911,56.7725851125909],[-115.253044945761,56.7939245698849],[-115.272544412441,56.7938835046908],[-115.292016108143,56.7902725627858],[-115.285408587616,56.7760202558201],[-115.26581755693,56.7617959194529],[-115.220253120533,56.7440501598165],[-115.187725762592,56.7298357116268],[-115.148750661131,56.7191875505486],[-115.083801459031,56.6835788413808],[-115.057839707243,56.6586249750672],[-115.018964035057,56.6265343027969],[-115.025411169057,56.5908633346315],[-115.038326727873,56.5765920400563],[-115.14164754352,56.555115221545],[-115.160888006136,56.5229885659647],[-115.167200069825,56.4908768157655],[-115.218701528868,56.4765285592044],[-115.257543571992,56.5014235373666],[-115.270748041822,56.5442000254375],[-115.348493440034,56.5725426832747],[-115.374481399643,56.5867352595437],[-115.517275356215,56.6290278923336],[-115.581877601454,56.6216085615545],[-115.620462875972,56.6071539348256],[-115.658646427781,56.5712868149999],[-115.696626980329,56.5282744288756],[-115.708469880893,56.4711330629659],[-115.688491962222,56.4355737239512],[-115.733215453209,56.4174815573046],[-115.8233043915,56.4169164623029],[-115.824230088615,56.4597169981768],[-115.818939671784,56.5132599238685],[-115.83845045308,56.5202641619016],[-115.883532996829,56.516384589021],[-115.935496236955,56.5302730914657],[-115.949296063397,56.5658405334286],[-115.930266610963,56.5802531035499],[-115.885279831218,56.5912829419509],[-115.840187554654,56.5987299605673],[-115.814708652772,56.6167350435214],[-115.795752474672,56.6382603423453],[-115.777141763382,56.6776158319321],[-115.764399936854,56.688395872783],[-115.699984975217,56.7101766698984],[-115.654527940205,56.706856690138],[-115.641073898385,56.6783904551244],[-115.615155473478,56.6785211510966],[-115.589403946508,56.6893467029701],[-115.602594865776,56.7035516356552],[-115.622458869654,56.728423017211],[-115.622753716892,56.7462565014625],[-115.577752440186,56.7750088646113],[-115.545374278531,56.7822885155879],[-115.552028992964,56.7929600821229],[-115.623817983699,56.810456611342],[-115.650259730558,56.8352903067718],[-115.689692752657,56.8564804096555],[-115.754938275001,56.8632370077851],[-115.781429771144,56.8844758654864],[-115.833549182402,56.884139050121],[-115.865381574064,56.8518196771791],[-115.870731479312,56.8018441965118],[-115.922647365809,56.7979040976508],[-115.955599422528,56.8154914292864],[-115.943849530646,56.8655194257284],[-115.950994603793,56.8904344030022],[-115.984135629747,56.9115799460941],[-116.095065910989,56.9142244213042],[-116.096006617087,56.9463197191074],[-116.097263943714,56.9891131758474],[-116.104959104291,57.0282827042331],[-116.072980569607,57.0535297049809],[-115.974724066807,57.0507657805174],[-115.876733609152,57.0586236768396],[-115.836899798491,57.0339278873252],[-115.797424118752,57.0234848063863],[-115.784495791513,57.0307002205008],[-115.792250795119,57.0877211909663],[-115.786455250664,57.123426022789],[-115.754613769163,57.1699900359741],[-115.682856188863,57.1953682309307],[-115.59716005276,57.1779713698033],[-115.544205938625,57.1496782711328],[-115.530520852011,57.1105026862018],[-115.484263862835,57.0821558226993],[-115.418642969337,57.0716919143876],[-115.398807056941,57.0539228268243],[-115.39838704883,57.014689671149],[-115.398006151685,56.979022949437],[-115.358642922156,56.9613079399549],[-115.378121161221,56.9505501463602],[-115.39072750589,56.9077094349525],[-115.436031282831,56.879024742767],[-115.429353281536,56.8647803869749],[-115.409700280251,56.8541457668121],[-115.390281143957,56.8649085675024],[-115.364475738852,56.8899545153805],[-115.325377052293,56.8900624304257],[-115.318587470082,56.8579782638358],[-115.286032905661,56.8580570539357],[-115.227369405898,56.8474770561797],[-115.181753578941,56.8368512091],[-115.175296281854,56.8475610027884],[-115.175463204718,56.883229174297],[-115.175680781992,56.9295974902868],[-115.169318927162,56.9652741965067],[-115.123622967113,56.9688944698648],[-115.058330839376,56.9760754890345],[-115.019146803428,56.9867879208673],[-114.999546020958,57.0188901788742],[-115.038787997666,57.0260176604832],[-115.064924490885,57.0117398516826],[-115.16946467098,56.9973749615962],[-115.24772198895,56.9722771061407],[-115.293465928221,56.9757449757705],[-115.326310218794,56.9970643677015],[-115.333164130834,57.0327140389938],[-115.333451645322,57.0648140527971],[-115.333739761114,57.0969139000698],[-115.353567627098,57.1146931704849],[-115.380119683894,57.1467159265508],[-115.367420986747,57.189554038865],[-115.367456396516,57.1931206124157],[-115.341440778066,57.2217273599088],[-115.302371112464,57.2681937524047],[-115.328989754446,57.3002264768031],[-115.394992238372,57.310736377471],[-115.467353109593,57.2997884754364],[-115.55305788861,57.3030074791324],[-115.560026455109,57.3279431748288],[-115.514269762135,57.3566714572479],[-115.408806956163,57.3677578485652],[-115.336196960161,57.3679726477476],[-115.329820037063,57.3929554575323],[-115.293908726949,57.4453535646029],[-115.267787886743,57.4917763164939],[-115.268416193398,57.5773702060082],[-115.29528934074,57.616541054084],[-115.269021657082,57.6593965834675],[-115.176057523751,57.6987902329691],[-115.022892070073,57.7631046881377],[-114.922759710363,57.7809148080214],[-114.829343132787,57.7701245152035],[-114.716245470538,57.7235592518313],[-114.643415257312,57.6734457233256],[-114.650483263415,57.6306684891822],[-114.710688849867,57.584456977224],[-114.724077107477,57.5702211424409],[-114.718073315408,57.488179020902],[-114.731684694951,57.4382775873555],[-114.778282279855,57.3884367150704],[-114.758725867014,57.3491686272135]]]},"properties":{"FID":53,"Name":"Peace River Bluesky-Gething Deposti, NW, 6272 square kilomet","Acres":1549932.11268,"SqMiles":2421.76892637}},{"type":"Feature","id":54,"geometry":{"type":"Polygon","coordinates":[[[-111.349754845537,55.3350014784003],[-111.338279391845,55.3308493917025],[-111.311912547219,55.3306266383132],[-111.303953995518,55.3300050160145],[-111.273454684613,55.3275540638098],[-111.28023090814,55.3087187469096],[-111.281935976421,55.3047718884261],[-111.292493255414,55.2953817791946],[-111.292581890687,55.2944323723954],[-111.306849172275,55.2809645923883],[-111.315662555744,55.2686635327914],[-111.327376269873,55.2501655075786],[-111.332993221301,55.2253898168626],[-111.333989830766,55.2218018521486],[-111.324929794364,55.1972504890009],[-111.32309644807,55.1918634138554],[-111.301699049733,55.1641757641144],[-111.266670242497,55.1368281704],[-111.297845150764,55.1375899322534],[-111.329004148524,55.1385336209456],[-111.346952227946,55.1276484186492],[-111.369168197116,55.1135558026243],[-111.370095317912,55.099682953514],[-111.370250390213,55.0979738174406],[-111.350316402466,55.0762408836249],[-111.342770412808,55.068016557085],[-111.342787753011,55.0678266578934],[-111.360251109235,55.0618762916065],[-111.399974365105,55.0443978536745],[-111.404777731338,55.0352095652706],[-111.408694675307,55.0358965873379],[-111.4061707273,55.0529594858664],[-111.392317809922,55.0668305624364],[-111.398759376831,55.0948222545319],[-111.411619430599,55.1106258409972],[-111.41732691606,55.1173633031164],[-111.422993801436,55.1171491663671],[-111.424038798847,55.1166086346963],[-111.426689538565,55.1166864931672],[-111.440264701297,55.1134664784456],[-111.444690100608,55.112262957406],[-111.443510358787,55.1143230229529],[-111.440819135242,55.1184334228165],[-111.434789064513,55.1264446830362],[-111.433344720316,55.1277352587245],[-111.425492202217,55.1263624258347],[-111.406861461324,55.1340016903272],[-111.401806183113,55.1458485056958],[-111.418765801097,55.1606295758524],[-111.436457721004,55.1636239592554],[-111.473327462962,55.16041306697],[-111.473804784774,55.1474790425126],[-111.455374584567,55.1303781037991],[-111.456700454016,55.1304167057849],[-111.469485345053,55.1399278762462],[-111.472318367037,55.1417236900356],[-111.489412151589,55.1401233015222],[-111.495420172059,55.1246829105049],[-111.497575200817,55.1228408552487],[-111.501172010387,55.1197073610649],[-111.501337190317,55.121616191546],[-111.501485759179,55.1237149518958],[-111.494587303178,55.1341793536817],[-111.492853360389,55.1539318806998],[-111.502269029062,55.1679120390468],[-111.513118681105,55.1731737188173],[-111.539120670005,55.1763905866646],[-111.546803245258,55.1760374183228],[-111.557878432512,55.167689928705],[-111.553517744597,55.141148068364],[-111.526508094933,55.1220538787307],[-111.520147363594,55.1140179076909],[-111.513209459818,55.1078690998618],[-111.533629991732,55.0111068010811],[-111.549053968233,54.9376436646862],[-111.552103413182,54.935826204091],[-111.56314319077,54.9420894038571],[-111.571852945397,54.9466197389981],[-111.606535433162,54.9521158697548],[-111.633571268652,54.9502501736042],[-111.640132551625,54.9509078584234],[-111.647697139144,55.0139492038081],[-111.658745095951,55.1100476714705],[-111.665033802158,55.1630710784766],[-111.664795729918,55.1659205002517],[-111.641573307661,55.1800381870729],[-111.61962754714,55.1887131224878],[-111.602684995373,55.2215617535769],[-111.607193136962,55.2224013236586],[-111.628524021098,55.2310851044093],[-111.652225444191,55.2315003240737],[-111.669395710196,55.2403004001889],[-111.672601174182,55.2418158802792],[-111.694251503566,55.2419288385839],[-111.708120262011,55.2354023814744],[-111.713667174489,55.2186547887515],[-111.693922484503,55.2007474511031],[-111.696446972135,55.1853464579226],[-111.693320483989,55.1728860421246],[-111.676232533346,55.163377203868],[-111.679234740749,55.1572712526309],[-111.712838308751,55.1479492430142],[-111.717438254105,55.1475973436265],[-111.717247852435,55.1549699331212],[-111.724729476241,55.1701647472991],[-111.738233290745,55.17790473836],[-111.748316781581,55.1817441141613],[-111.757234346239,55.184599652784],[-111.776740876047,55.1851172663118],[-111.781817163761,55.1840615296541],[-111.792274466191,55.1781497093493],[-111.797453453136,55.1654348287296],[-111.794730431003,55.1527500282711],[-111.794825725582,55.1515626129065],[-111.807925383274,55.1540485133978],[-111.841788391361,55.1725418768982],[-111.848124277208,55.1749723263551],[-111.817156567994,55.1878749668311],[-111.776417079118,55.2102216629094],[-111.756235055778,55.2209191354644],[-111.704347459224,55.2482764436008],[-111.692093010217,55.2553699138087],[-111.686945997424,55.2571341115784],[-111.681370825543,55.2600288048709],[-111.647593379591,55.2691958749269],[-111.640065584979,55.2714638666858],[-111.60161880675,55.2764913886584],[-111.553614885243,55.2839028733927],[-111.544929647776,55.2840379741341],[-111.5356119449,55.2837736899688],[-111.480789624305,55.3001024542559],[-111.468101219649,55.3039247324729],[-111.427468355488,55.3177840290238],[-111.412221516981,55.3276188590869],[-111.399112716812,55.3358964885365],[-111.395941687359,55.3377070068813],[-111.377659201155,55.3440206353273],[-111.349754845537,55.3350014784003]]]},"properties":{"FID":54,"Name":" ","Acres":0,"SqMiles":237.896146945}},{"type":"Feature","id":55,"geometry":{"type":"Polygon","coordinates":[[[-112.57627951052,55.1245491502332],[-112.583509950061,55.1230748944443],[-112.57383072743,55.1375389640855],[-112.561716954169,55.1454819093543],[-112.533595047371,55.1488179213642],[-112.530563466834,55.1494703091059],[-112.471422662202,55.1570132613078],[-112.457457524091,55.1779465540324],[-112.456515522081,55.1770703293138],[-112.460982712331,55.1591279322383],[-112.477885739575,55.1520554001943],[-112.506162366025,55.1490208712462],[-112.530285839457,55.1458956984733],[-112.56143945518,55.1418598129131],[-112.570395558498,55.1311891437131],[-112.57627951052,55.1245491502332]]]},"properties":{"FID":55,"Name":" ","Acres":0,"SqMiles":1.60820000981}},{"type":"Feature","id":56,"geometry":{"type":"Polygon","coordinates":[[[-112.076629286763,55.1118491775359],[-112.084529766413,55.0945780391439],[-112.08915953184,55.0951052815922],[-112.090712886242,55.0951424189051],[-112.092607108932,55.0947712428173],[-112.120667175172,55.0954977316204],[-112.121642462349,55.095639778558],[-112.134157354862,55.0889152365255],[-112.134791374033,55.0887516929707],[-112.13590062888,55.089194231208],[-112.131124662928,55.1066313398835],[-112.14526921985,55.1134482237474],[-112.14597753789,55.1137027885185],[-112.164247772055,55.1165687522511],[-112.167459212944,55.117387120363],[-112.169224985205,55.1173686956552],[-112.236257085794,55.1281292562454],[-112.247030580704,55.1299794449537],[-112.249039717333,55.1302033081475],[-112.277372939765,55.1379784794537],[-112.283692427486,55.1397257280333],[-112.300058895275,55.1418742136783],[-112.308438983054,55.1392637976058],[-112.308873741382,55.1389759702319],[-112.294870261968,55.126470938205],[-112.294701591386,55.113617977754],[-112.294634899659,55.1038605971343],[-112.295627483161,55.1029903410823],[-112.30500468569,55.0962382870307],[-112.30790490026,55.0963024569798],[-112.301595477698,55.1052642977429],[-112.297129772473,55.111470878592],[-112.29623261072,55.1247463243409],[-112.29678864398,55.1249668726212],[-112.311941087149,55.134284766306],[-112.318501063654,55.1401995641882],[-112.298422096221,55.1453476468859],[-112.274168430463,55.1400483495864],[-112.269355902332,55.1390482447877],[-112.252852779183,55.1343940319829],[-112.240171106826,55.1308354887132],[-112.187304841968,55.1222493540822],[-112.169437732957,55.1202291273476],[-112.141127099384,55.1169501673579],[-112.128645543773,55.107197539384],[-112.091357866279,55.1062528723271],[-112.076826162949,55.11625623844],[-112.050531745376,55.1336182348949],[-112.025863693894,55.1427749188229],[-111.99215838583,55.1552139456242],[-111.989854537181,55.1554544957709],[-111.958364579072,55.1583012964896],[-111.942667609576,55.1597526141951],[-111.912922607949,55.16144165008],[-111.8748651379,55.1637433948514],[-111.849253812813,55.1748636309809],[-111.843919938362,55.1726432420826],[-111.874561838302,55.1623077452751],[-111.885336741055,55.1613938463621],[-111.88846190327,55.1612952335442],[-111.907371512007,55.1599919767313],[-111.989876146911,55.1537892446671],[-112.021282118069,55.1429306633302],[-112.040428796545,55.1326294769384],[-112.044871598805,55.1301197468406],[-112.057195371511,55.1220894134039],[-112.076629286763,55.1118491775359]]]},"properties":{"FID":56,"Name":" ","Acres":0,"SqMiles":5.65941765878}},{"type":"Feature","id":57,"geometry":{"type":"Polygon","coordinates":[[[-112.058229336048,55.0621952803719],[-112.079897792138,55.0561494247613],[-112.096533446741,55.0554053535773],[-112.140013922347,55.0734732550765],[-112.135841501689,55.0877479471328],[-112.13568043895,55.0887188032633],[-112.134608096587,55.0884853472848],[-112.134312341301,55.0882701686989],[-112.127994321255,55.0801941678558],[-112.115807934101,55.0643789227147],[-112.111409489459,55.0632037476467],[-112.086974891958,55.0564043573308],[-112.079560093602,55.057892347739],[-112.065673127346,55.0607112546169],[-112.065389785256,55.0617970827701],[-112.064437774683,55.0725301910957],[-112.0761214789,55.085185677546],[-112.09185144325,55.0947955512943],[-112.090008133255,55.0950370529395],[-112.084222822667,55.094708233012],[-112.078093892031,55.0899923411347],[-112.057613563729,55.0728413002823],[-112.058229336048,55.0621952803719]]]},"properties":{"FID":57,"Name":" ","Acres":0,"SqMiles":1.43222570006}},{"type":"Feature","id":58,"geometry":{"type":"Polygon","coordinates":[[[-111.465028612283,55.041360962288],[-111.433127181588,55.0359664185906],[-111.409618463674,55.0352744150393],[-111.404518359807,55.034379870131],[-111.267127860001,54.9966162078276],[-111.267293334859,54.9948360334142],[-111.279706461357,54.9949192237791],[-111.299554897,54.9845164045543],[-111.315755104404,54.9742974254596],[-111.315864362171,54.9702839746626],[-111.317970192993,54.9501152299547],[-111.307376893651,54.9444378382711],[-111.294563086633,54.937650327216],[-111.289860964336,54.932597280003],[-111.279865654888,54.9205384286322],[-111.285844280503,54.9201264293106],[-111.304192434418,54.9369024419591],[-111.307392436318,54.9386362812983],[-111.32148386218,54.9456098787478],[-111.32467938534,54.9587239186015],[-111.358703064579,54.9781214877624],[-111.47434263576,55.0426727127933],[-111.478682685971,55.0610958054349],[-111.478660354373,55.0731445971582],[-111.477869993282,55.0909727113804],[-111.452297744591,55.107337050525],[-111.447568542199,55.1109180726899],[-111.444475776632,55.1106789907174],[-111.475272477334,55.0880710783906],[-111.477413791023,55.0637367147941],[-111.476679790097,55.0602940036394],[-111.469730690282,55.0420926161797],[-111.465028612283,55.041360962288]]]},"properties":{"FID":58,"Name":" ","Acres":0,"SqMiles":16.9121260534}},{"type":"Feature","id":59,"geometry":{"type":"Polygon","coordinates":[[[-111.776161132231,55.1470866122073],[-111.724903194484,55.1438149140365],[-111.665277696002,55.1612362108157],[-111.641361236402,54.9511391256469],[-111.651114597377,54.9333202817411],[-111.641231541434,54.9130550451356],[-111.601663687428,54.9119538664715],[-111.56639653619,54.9185777819977],[-111.548932163234,54.929507116306],[-111.511677822727,55.1112356269187],[-111.495769635556,55.1222031229405],[-111.489297106067,55.1391534028849],[-111.472552064327,55.1405734645695],[-111.453754769006,55.1276506260922],[-111.435525661827,55.1271181632454],[-111.448644631305,55.110364558333],[-111.478561566533,55.0912408586432],[-111.479578412779,55.0608045837251],[-111.474547879688,55.0425697723321],[-111.324771904863,54.9581566366534],[-111.322687321475,54.9447638332289],[-111.306803120092,54.9376168363302],[-111.286941464013,54.919872570628],[-111.269073636234,54.9164682387962],[-111.239761555076,54.9117550369358],[-111.233841280348,54.9220451944042],[-111.225872340637,54.989400807993],[-111.23194236077,54.9953021412034],[-111.23332655431,54.9982015146281],[-111.264970436564,54.9963219864059],[-111.403952532168,55.0347897868784],[-111.399793443779,55.0441875413838],[-111.358381480115,55.0619962002711],[-111.327559777971,55.0724946173001],[-111.309270786251,55.0728931074273],[-111.291421214164,55.0685416398015],[-111.269585415861,55.0535918244885],[-111.26813439483,55.0335525022154],[-111.236906656063,55.0306854644271],[-111.21394700053,55.0280681549433],[-111.147571136036,55.0288388747707],[-111.127740708164,55.0282086737839],[-111.121222546935,55.0270486296358],[-111.111128139662,55.0114909168705],[-111.096918379884,54.9872302348798],[-111.103270346883,54.9217321237708],[-111.138054111502,54.9038000455308],[-111.190620212972,54.8721354607268],[-111.196329245185,54.8466058525667],[-111.291759934511,54.849561593418],[-111.312282204254,54.8777992362233],[-111.313753113371,54.8978386810631],[-111.32181744933,54.8999876362491],[-111.328580952667,54.8982881978709],[-111.336638231644,54.8823456221224],[-111.355097978041,54.8790931185585],[-111.379773200642,54.8617418458067],[-111.404511640646,54.8434356089508],[-111.412608543322,54.7894055750228],[-111.429722340882,54.7261201272947],[-111.458668857158,54.6960269385568],[-111.486220656927,54.6625545429452],[-111.695883157323,54.6694123686211],[-111.699372485161,54.646659038911],[-111.722808732355,54.6206395550506],[-111.716813890465,54.5728758324639],[-111.664561395459,54.5305075376058],[-111.616211432196,54.5015532826864],[-111.517295498945,54.4720826408241],[-111.492993522141,54.450432734385],[-111.46994284897,54.4145323131959],[-111.478900425461,54.3100604563928],[-111.5210699422,54.254158269681],[-111.565379959642,54.2297233297475],[-111.881964506198,54.2335778945319],[-111.883084748543,54.240270985144],[-111.879696900568,54.2420872776],[-111.895685115642,54.2672526522206],[-111.908600060866,54.2685367710537],[-111.950737505659,54.2705626872044],[-111.958552411027,54.2665952873275],[-111.974032406291,54.2634151716709],[-112.022859174335,54.2628467851992],[-112.076258380985,54.283788642004],[-112.115956903058,54.370419668914],[-112.167065257622,54.4715815605233],[-112.162715795933,54.5785683693817],[-112.147455914271,54.6210447392382],[-112.120750313451,54.6507539989085],[-112.058137779152,54.6653119272679],[-112.058117978038,54.7081474484682],[-112.069783158874,54.7173543233494],[-112.08466002497,54.7248525159305],[-112.116749909575,54.7506075443564],[-112.192652550752,54.768452245427],[-112.258407876077,54.8002972083299],[-112.316791784065,54.851573716934],[-112.424027147477,54.9645423072648],[-112.493705308942,55.0409499153894],[-112.473607668689,55.0350616288617],[-112.442527533066,55.0287016021697],[-112.402509261517,55.0326125038419],[-112.387928825664,55.0427698564858],[-112.370068715599,55.062372494755],[-112.335181129652,55.0882635600723],[-112.326769426191,55.089982698272],[-112.304780533985,55.0961603780049],[-112.294323191092,55.1035427746105],[-112.294438651082,55.1263884037594],[-112.308533656444,55.1390739700581],[-112.300045906049,55.1417414926752],[-112.283583877431,55.1394718992185],[-112.24933379889,55.1301370031835],[-112.186911914071,55.1201447039539],[-112.145867812494,55.1134785422233],[-112.131425141431,55.1064762351156],[-112.140431191139,55.0733736997481],[-112.096957509251,55.0552109246551],[-112.080335781677,55.0557650147054],[-112.058329527177,55.061897965102],[-112.05749236669,55.0733001252535],[-112.084122618438,55.0948820264264],[-112.076245770551,55.111826507541],[-112.057243745118,55.1218391569211],[-112.039820217023,55.1328391905457],[-112.020799095321,55.1428458963979],[-111.990082772524,55.1535131746064],[-111.953291934166,55.1564060209156],[-111.874717445008,55.1620305513748],[-111.843948589704,55.172660270605],[-111.808878219715,55.1536599278166],[-111.776161132231,55.1470866122073]]]},"properties":{"FID":59,"Name":" ","Acres":0,"SqMiles":1812.88449909}},{"type":"Feature","id":60,"geometry":{"type":"Polygon","coordinates":[[[-113.669955415633,55.5842724225674],[-113.64568956615,55.5816281372403],[-113.597413866714,55.5929785157652],[-113.57861015042,55.6251114710732],[-113.566826909546,55.6254500905994],[-113.555936374604,55.6243709064636],[-113.543665464966,55.6151869621082],[-113.531466400261,55.5817402360472],[-113.545271910424,55.5490792168466],[-113.556507356722,55.5401731361825],[-113.578107580412,55.5228235717271],[-113.581614511761,55.495271595354],[-113.566717941982,55.4670295748147],[-113.524490616069,55.4541584922907],[-113.625941464481,55.4496307867599],[-113.649418193342,55.4484649373555],[-113.637573458148,55.4521395197679],[-113.629007900636,55.4577526871791],[-113.620224004898,55.4695473637065],[-113.627047333099,55.4900806468632],[-113.631957349008,55.493465734936],[-113.660017478074,55.506145008769],[-113.671524135245,55.5129305696261],[-113.690389127704,55.525502628778],[-113.714282301252,55.5386002811805],[-113.745726443295,55.5522463972361],[-113.7682734764,55.5558051251029],[-113.812103385172,55.5495777719898],[-113.819767420241,55.5458460956065],[-113.832631527956,55.5364550050506],[-113.837747399168,55.5336493451846],[-113.846341832272,55.5265948361465],[-113.849162513187,55.5161556073695],[-113.849523237338,55.5037903501063],[-113.844621028093,55.4994627378815],[-113.832250603038,55.4926853334295],[-113.818195113834,55.4863661183429],[-113.84082302714,55.4861067153926],[-113.857574094562,55.4862641570419],[-113.849087619547,55.4899904305681],[-113.848990542284,55.4933195479606],[-113.860072762009,55.5157819112711],[-113.872332765178,55.5268368369945],[-113.882962745415,55.5364484939575],[-113.88856486868,55.5460136897336],[-113.864776054703,55.5562613057055],[-113.823976633621,55.5734780328108],[-113.799387445895,55.5813268247603],[-113.787179037256,55.5959538254575],[-113.779073723962,55.6134748226392],[-113.772686899326,55.6295853397006],[-113.756504999147,55.6360823737274],[-113.736862512231,55.6453960038015],[-113.727519974535,55.648153760588],[-113.710903785306,55.6417960161163],[-113.701984976601,55.6317119265903],[-113.698890442201,55.6235919390362],[-113.695367475388,55.6030985894744],[-113.669955415633,55.5842724225674]]]},"properties":{"FID":60,"Name":" ","Acres":0,"SqMiles":75.943739269899993}},{"type":"Feature","id":61,"geometry":{"type":"Polygon","coordinates":[[[-112.826575019925,55.866139156425],[-112.86475362444,55.8411156149596],[-112.88264861908,55.8385703067781],[-112.886411105739,55.8393486852724],[-112.906301374551,55.8468254842369],[-112.932158564982,55.861535979974],[-112.952106571413,55.8682924824447],[-112.95975248055,55.8677058446301],[-113.005879109749,55.8591846497735],[-113.020296806992,55.8501401430252],[-113.032742604561,55.8046666986002],[-113.024133005021,55.7995331097084],[-112.974756809546,55.7744652932742],[-112.706605070722,55.7697531062285],[-112.678902919343,55.7885030082809],[-112.671470329252,55.8069187979144],[-112.650873380714,55.8122365991107],[-112.612195480371,55.8229108941371],[-112.582982359299,55.8237675255151],[-112.566520445815,55.8234428097997],[-112.522745414087,55.8140037841047],[-112.49928742604,55.8042502144363],[-112.484881971787,55.7918226460753],[-112.486744155412,55.7825820702808],[-112.498996186463,55.7692709454814],[-112.518008742798,55.7689427815036],[-112.53173782473,55.7720743245973],[-112.55066216743,55.7731667863606],[-112.573647597429,55.7700542146948],[-112.577211991828,55.7330106130565],[-112.552614312488,55.7218167792576],[-112.535606398752,55.710770450772],[-112.539065404363,55.6758664525254],[-112.544602782301,55.6681262101068],[-112.582235173274,55.6517438965097],[-112.592365051229,55.6512294127691],[-112.613147194351,55.6623415529329],[-112.629455765605,55.6640852235004],[-112.65581340711,55.6667328513597],[-112.672930042128,55.6549254508004],[-112.669496091093,55.6277387876904],[-112.653328502613,55.6238618142433],[-112.603585689437,55.6121936543256],[-112.569114411991,55.5986675566423],[-112.554166740149,55.5755301936238],[-112.55531874882,55.5569956395197],[-112.550494278326,55.5333453605702],[-112.539216338266,55.5124202432136],[-112.525844998929,55.5050131130165],[-112.502703450989,55.4931228958004],[-112.445787662997,55.4983723231293],[-112.436766022323,55.5017526275543],[-112.381063271921,55.5262699170012],[-112.328193097204,55.5451139875734],[-112.328676325841,55.556545306935],[-112.289401575398,55.5599652693457],[-112.279390706097,55.5590295141741],[-112.266865449498,55.558036853125],[-112.278773975586,55.5497362990461],[-112.287888459564,55.5270966125125],[-112.284189054556,55.5077417092438],[-112.287215721955,55.5003138052274],[-112.315658962626,55.5073651994537],[-112.335849613862,55.5063787209059],[-112.359854664277,55.5047574591692],[-112.390797250693,55.4932865242711],[-112.39837733496,55.4927341061268],[-112.442351207918,55.4544029481268],[-112.466985732121,55.4227954022972],[-112.500834417222,55.4035061727758],[-112.520028098347,55.3974730948773],[-112.537520256654,55.3985405051799],[-112.53872858114,55.3992786119695],[-112.555297520664,55.4153139761681],[-112.564026011799,55.4162019549602],[-112.599160393759,55.4161831331803],[-112.615753649271,55.4115115388933],[-112.616011340582,55.4072340312136],[-112.620755947864,55.3909100807546],[-112.622339400793,55.3645318708122],[-112.605677642331,55.3499312588361],[-112.599421807176,55.3498084866166],[-112.558661036973,55.3404354204089],[-112.545872034654,55.324476058953],[-112.54581148299,55.3052028452398],[-112.524383077089,55.2876394000268],[-112.487192591883,55.2626104533662],[-112.439106188991,55.25233119625],[-112.412853420255,55.2524910776536],[-112.325455781422,55.2513200527485],[-112.29555757256,55.2499470233983],[-112.267251828737,55.2436054490257],[-112.267447497279,55.2407544742793],[-112.308565077411,55.2423825798878],[-112.336058392707,55.2422723288842],[-112.35371350275,55.2398013609168],[-112.377838232585,55.2338980336673],[-112.410315326271,55.2338781494867],[-112.476828030719,55.2355102025581],[-112.476903292232,55.2343220954594],[-112.471646522891,55.218747565769],[-112.457597207886,55.1780064718949],[-112.471408327819,55.1568796191854],[-112.50283094997,55.1527689918779],[-112.561435976297,55.1456284603747],[-112.574388164898,55.1375594813113],[-112.583546601751,55.1234657256804],[-112.577758024704,55.1162128371752],[-112.595270944881,55.1010944800887],[-112.68590059598,55.1124864922503],[-112.734619656469,55.0877069250374],[-112.788405340316,55.0601454715711],[-112.810617411282,55.0177215610741],[-112.781464464387,55.0057731067923],[-112.756003365665,54.9724724745168],[-112.753195191361,54.9338766813002],[-112.786802981603,54.9087975884272],[-112.979747834594,54.9150144843876],[-113.006489559922,54.9254485721137],[-113.037365870572,54.9530730763579],[-113.078885917524,54.9665834180019],[-113.262364956305,54.9693440627196],[-113.271180309982,54.9951628161376],[-113.264986324631,55.0236224181019],[-113.23834142583,55.0646338536558],[-113.190989033589,55.0667942025124],[-112.969723665115,55.0647324361885],[-112.956643859944,55.0773607491949],[-112.955042426938,55.1087379770592],[-112.935935892884,55.1412472358504],[-112.867419469445,55.164334353913],[-112.737969279824,55.1605729185161],[-112.711918934084,55.1800719209244],[-112.673128305615,55.2036056619028],[-112.699114914384,55.2290803871968],[-112.747966825989,55.2485495967373],[-112.756987670344,55.2658456615404],[-112.752798812863,55.2957458356792],[-112.716499845927,55.3179121875199],[-112.68816435624,55.3316540529002],[-112.691923109732,55.3531375894419],[-112.721792217947,55.3565531864469],[-112.734714424139,55.349656057998],[-112.745940054359,55.3284515159853],[-112.792232292146,55.3064576072552],[-112.942609962537,55.3019468019713],[-113.042400123016,55.307869570879],[-113.109099062667,55.3260489574115],[-113.122287565834,55.3647910579381],[-113.104008538121,55.3802097761214],[-113.06789488557,55.4010547493996],[-113.021998044141,55.4160219823755],[-113.00702669384,55.4143515352662],[-112.988130109443,55.3912039377625],[-112.975893743174,55.3852923802417],[-112.95865143396,55.3792960591207],[-112.934621607129,55.4074404641581],[-112.958731101201,55.4264014240106],[-112.978501965044,55.4324393292579],[-113.013115634475,55.4429980707802],[-113.015409747742,55.447317414175],[-113.05541725095,55.4508145566366],[-113.086221961134,55.4370267935563],[-113.124258218891,55.4290518967957],[-113.19546590204,55.408713291767],[-113.29441093291,55.383014607508],[-113.4041630509,55.3345417354136],[-113.474292349929,55.3340103350342],[-113.569241843968,55.3394408385237],[-113.663449530446,55.3676248192564],[-113.685474085842,55.383562987977],[-113.695592024588,55.3808169316601],[-113.716378047694,55.3582016004805],[-113.745235453578,55.3171121783155],[-113.821266556368,55.2850437766548],[-113.88114518744,55.2898886849273],[-113.875943002969,55.2969768906349],[-113.848187355545,55.3052814750479],[-113.827714837423,55.3207859013308],[-113.824114303379,55.3578583545904],[-113.848703980904,55.3737914661963],[-113.855520280673,55.3981174976254],[-113.885002915088,55.4197973699154],[-113.917574368738,55.4215170655645],[-113.924983941363,55.4258638747897],[-113.924673715671,55.4372783978959],[-114.07023705559,55.4384710147449],[-114.13797173283,55.4403940434662],[-114.155114790702,55.4604932506964],[-114.159803579866,55.476223766615],[-114.1616797063,55.5062058831496],[-114.160981611239,55.5390244100484],[-114.175601528868,55.5619571145439],[-114.188101985271,55.5663218135611],[-114.195247621187,55.5863481031524],[-114.230490356457,55.5880014211125],[-114.28337316532,55.5897489597722],[-114.310838659309,55.604177049498],[-114.343486477224,55.611491450573],[-114.373875144637,55.603087997424],[-114.371468734643,55.5959403966229],[-114.371605556053,55.5873787364157],[-114.37664451465,55.5874044562415],[-114.527816747598,55.5880797668908],[-114.527628215043,55.6037765442438],[-114.527353653742,55.6266081474408],[-114.529653533993,55.6451684582479],[-114.549593933485,55.6666487172557],[-114.567266458344,55.6667122880684],[-114.597608739648,55.6622965871227],[-114.597569696477,55.6661018592978],[-114.599320908921,55.8240295998209],[-114.569602512826,55.8217887343996],[-114.543055298168,55.815985020021],[-114.497539298833,55.8079590305807],[-114.434485414858,55.7877071854126],[-114.391767999224,55.7660980668559],[-114.374256720858,55.7531669812313],[-114.369415083306,55.7395855002138],[-114.383382356566,55.7360888213555],[-114.400976505872,55.7433109721899],[-114.423616134683,55.7519813637747],[-114.455232582023,55.7528390830993],[-114.479278769443,55.7522298111108],[-114.509738986688,55.7445065308432],[-114.522613715936,55.7260060417825],[-114.51928548425,55.688177019243],[-114.505608436925,55.670998377219],[-114.473244791563,55.6366148961915],[-114.450630582096,55.6300940367352],[-114.430452617959,55.630002028165],[-114.382339652834,55.6418991648007],[-114.331442921323,55.6673193188007],[-114.265189249741,55.699762757077],[-114.234632655501,55.7117060370582],[-114.210521770333,55.7165481034842],[-114.185289482315,55.7142427595708],[-114.146237533827,55.7082692888699],[-114.105983133358,55.7001340021434],[-114.068237670395,55.693431582149],[-114.046904689237,55.687559539102],[-114.026893936458,55.6795536196104],[-114.009722337954,55.6594370704192],[-113.997139468013,55.6579078070072],[-113.969584326104,55.6498305113911],[-113.949475000816,55.6468058043826],[-113.963878995192,55.6269488266453],[-114.000717057047,55.6165511689096],[-114.014869442279,55.6052488396712],[-114.041646922955,55.5926171103623],[-114.053002388255,55.5919917834774],[-114.059591364289,55.5799121435323],[-114.05869038904,55.5649206463864],[-114.044051065644,55.5455413761404],[-114.019240412276,55.5310741498609],[-113.958808026973,55.5041735557913],[-113.922668538014,55.4924438534068],[-113.865052299279,55.4855011971738],[-113.813544157196,55.4850129050102],[-113.798447193887,55.4855792623558],[-113.789696941258,55.4840659099479],[-113.759749243254,55.4773439175348],[-113.721206151206,55.4648163037035],[-113.696471079863,55.4531378446794],[-113.68039161086,55.4458295314739],[-113.66154306464,55.4463384191023],[-113.519444248171,55.4525513760382],[-113.496825606098,55.4529892479013],[-113.487930810202,55.4557341425136],[-113.482005853416,55.4792102041477],[-113.468838143028,55.4947458082368],[-113.454514882538,55.5074109808941],[-113.413609312311,55.5240148282079],[-113.363732166025,55.5254995655733],[-113.305712767271,55.5289925610931],[-113.301602459292,55.5367856136475],[-113.28901358648,55.5658694195905],[-113.264346146752,55.5826497778557],[-113.250242456287,55.588158348467],[-113.231000893817,55.5957322034279],[-113.209005008978,55.6082583569491],[-113.19671694144,55.6287738016104],[-113.198648948008,55.6416476631391],[-113.21144647441,55.6653848205901],[-113.23377182015,55.6742717191132],[-113.233578964889,55.6785507118828],[-113.230764889507,55.6849328311878],[-113.205984998626,55.7295317737366],[-113.187548767561,55.7453177353547],[-113.164122308636,55.7592424802048],[-113.132443028828,55.8130010288626],[-113.128986106372,55.8322164278902],[-113.126894209785,55.8757157048238],[-113.102167512677,55.888182147043],[-113.024880701383,55.9347797692669],[-112.97807321196,55.9547157903137],[-112.947118523174,55.9627675897502],[-112.927441295765,55.9738564881689],[-112.912048806851,55.9760944119931],[-112.900566085626,55.9766129742415],[-112.815374141517,55.9751321510368],[-112.754346101751,55.9740350876752],[-112.717656442285,55.9919166650649],[-112.692892688204,56.022857648124],[-112.675144797116,56.0425074376089],[-112.637602450222,56.0517857133839],[-112.567606849342,56.0696952382298],[-112.539664643632,56.0876975464988],[-112.497136416718,56.1332335953219],[-112.486852658668,56.1537223383925],[-112.479096992482,56.1549917236299],[-112.459940933167,56.1545992983045],[-112.382028325619,56.1344154762276],[-112.390555543932,56.12174878741],[-112.408897673468,56.1149978068809],[-112.440698244645,56.097818079785],[-112.466331441224,56.0769353505787],[-112.505411692978,56.0449007796155],[-112.504644570326,56.0370343793847],[-112.503540659314,55.9949026102795],[-112.533928354117,55.9776715041067],[-112.565022403843,55.9690116579879],[-112.612183914225,55.9677936103237],[-112.659664459158,55.9401569010123],[-112.712752104489,55.924025775757],[-112.727052846122,55.9185811074895],[-112.795135515045,55.8834217003368],[-112.818527836348,55.8738471522078],[-112.826575019925,55.866139156425]]]},"properties":{"FID":61,"Name":" ","Acres":0,"SqMiles":1878.45184373}},{"type":"Feature","id":62,"geometry":{"type":"Polygon","coordinates":[[[-110.193789252063,54.2970933803063],[-110.197740844306,54.2946314088324],[-110.2133529752,54.2969204936915],[-110.219754958281,54.2978894219992],[-110.256159905538,54.292899853862],[-110.264510674621,54.2910853984319],[-110.282588689789,54.286079869187],[-110.28569653159,54.2838201902116],[-110.299165091235,54.2692248306244],[-110.308696412987,54.2569751701921],[-110.317491763277,54.2404096065269],[-110.322722087447,54.2301347905109],[-110.330382070507,54.2270984581139],[-110.333533636739,54.2207909373231],[-110.336951862335,54.2121122658688],[-110.342150207421,54.2056457774711],[-110.337718389978,54.1945194403958],[-110.340274719418,54.1898557072329],[-110.352906374017,54.2039187330327],[-110.364444480861,54.2205576404719],[-110.369465295358,54.2228943290933],[-110.375594473538,54.226225974615],[-110.380807731424,54.2297602508044],[-110.388796272412,54.2310193505188],[-110.451599760965,54.2438884654788],[-110.475478309594,54.2485989674621],[-110.507222242187,54.2595516785253],[-110.506731307495,54.2640576985671],[-110.501635541122,54.2600573198856],[-110.488605170478,54.2564738311687],[-110.464524063112,54.2498533899167],[-110.439719747861,54.2424861664116],[-110.414124522187,54.2386555075953],[-110.373797135138,54.2321103071399],[-110.363447151689,54.2301638407388],[-110.361295409081,54.2348436594151],[-110.348859365335,54.2622258455817],[-110.339073233463,54.2804221550831],[-110.297447208007,54.2849944050494],[-110.288639547127,54.2872695075886],[-110.234929428991,54.3046831670616],[-110.203552542745,54.3363023149672],[-110.203157908834,54.3319997901226],[-110.21236337915,54.3159335299361],[-110.211541548297,54.3089943436523],[-110.209735292386,54.3070172273937],[-110.193789252063,54.2970933803063]]]},"properties":{"FID":62,"Name":" ","Acres":0,"SqMiles":12.6268237637}},{"type":"Feature","id":63,"geometry":{"type":"Polygon","coordinates":[[[-110.970087397201,54.3509931333912],[-111.037603165389,54.3270443024428],[-111.041218993423,54.3212114193143],[-111.044936687792,54.3249045778347],[-111.057506954282,54.3318634756958],[-111.08384648253,54.3333176293649],[-111.093040343461,54.3330209340537],[-111.114865735424,54.3283702298538],[-111.118814596564,54.3296878132453],[-111.114529648917,54.3319303405099],[-111.095692109877,54.3372730247229],[-111.078371690145,54.3480187061752],[-111.047094409723,54.3660423112007],[-111.02365150789,54.3765795630909],[-111.01782258592,54.3841244571429],[-111.002125408181,54.4091976876106],[-110.996254721737,54.4066221910069],[-111.001652020216,54.3931121216719],[-110.992643666544,54.3809093762213],[-110.980882570366,54.3656381620054],[-110.966866143346,54.3526709373348],[-110.970087397201,54.3509931333912]]]},"properties":{"FID":63,"Name":" ","Acres":0,"SqMiles":11.8859741697}},{"type":"Feature","id":64,"geometry":{"type":"Polygon","coordinates":[[[-115.417901009851,55.7584493832136],[-115.42145838862,55.7363186288805],[-115.443921084185,55.7098397664313],[-115.458851528372,55.6898066093172],[-115.485181466038,55.6740081036387],[-115.512780209064,55.6603391225626],[-115.777811659355,55.6589457479488],[-115.798177717422,55.6673773709179],[-115.8071310056,55.6730270757189],[-115.80984747632,55.6822850815073],[-115.869211189969,55.6825926896597],[-115.851230877402,55.6978812173737],[-115.846231913884,55.700413123592],[-115.830576661519,55.7069417622778],[-115.816796904349,55.712742395238],[-115.804262304663,55.7178197906123],[-115.796090572953,55.7200135971731],[-115.789763575143,55.7196976753811],[-115.753740742127,55.719923991008],[-115.743689986535,55.7231960964184],[-115.691551843588,55.7416953514389],[-115.677119071234,55.7481973642357],[-115.641309051087,55.7630164491553],[-115.633757192828,55.7655529050534],[-115.633176486143,55.7687666929985],[-115.634720299006,55.7858829466347],[-115.632832661627,55.7866061843501],[-115.629011193814,55.7851987778841],[-115.626450346057,55.7834280826612],[-115.621956637741,55.7795266032858],[-115.612938333883,55.7695827796998],[-115.587883082875,55.7447323400957],[-115.573896814711,55.7398038833939],[-115.564411878311,55.739847816405],[-115.541647925524,55.7399502686632],[-115.534799571351,55.7478288553768],[-115.526161151239,55.7639200390119],[-115.518072913778,55.7743002110057],[-115.508132276924,55.7886117546081],[-115.503760243956,55.7932675034441],[-115.496885856614,55.8004304778752],[-115.490664821117,55.809374196769],[-115.488742079826,55.8075981049285],[-115.486690459736,55.7954767480341],[-115.48401372606,55.7838929242693],[-115.457417129994,55.7832812454927],[-115.435845805599,55.779078603584],[-115.417901009851,55.7584493832136]]]},"properties":{"FID":64,"Name":" ","Acres":0,"SqMiles":92.9177246309}},{"type":"Feature","id":65,"geometry":{"type":"Polygon","coordinates":[[[-117.353267011578,56.4423368549713],[-117.35274454604,56.4199857157882],[-117.348992594993,56.4148233975944],[-117.339690148649,56.4031050930874],[-117.342475883416,56.392585601476],[-117.348819827472,56.3563070324783],[-117.343479789127,56.3530777564637],[-117.330148140707,56.3452411321244],[-117.321157569542,56.338273386582],[-117.278002777499,56.3471625056399],[-117.237256492571,56.3536141186471],[-117.23272650795,56.3494140227474],[-117.212050008146,56.3326577407805],[-117.190073955243,56.3078333180708],[-117.18434708617,56.2974678927096],[-117.176536106135,56.2804783214612],[-117.207134642418,56.2623333750866],[-117.242146547456,56.2617038930629],[-117.271424400094,56.2797247942049],[-117.346367964792,56.2745204292943],[-117.392804304969,56.2512694386817],[-117.390563758833,56.2427486477327],[-117.376701893486,56.2120898667741],[-117.322957812899,56.1845646193132],[-117.272537777246,56.1831231316799],[-117.259671344367,56.1819317308052],[-117.231409082545,56.1653175779359],[-117.168748929587,56.1730939083498],[-117.163610138258,56.1727082249408],[-117.15112378544,56.1629352675918],[-117.147080036948,56.1515873807491],[-117.136638808278,56.1170379617518],[-117.127947213026,56.1138577324272],[-117.084459239445,56.0969965800611],[-117.061637953822,56.084058708921],[-117.044006411437,56.0724581404648],[-116.973490339508,56.0740816876837],[-116.973417440921,56.0726556177654],[-116.974801138115,56.0664487906434],[-116.985695583763,56.0467683061291],[-117.007802310138,56.0468862380184],[-117.016369777984,56.0481737545957],[-117.048845533069,56.0514447060073],[-117.067659078798,56.053509609105],[-117.094273400992,56.0425939607704],[-117.094581631288,56.0325977445205],[-117.098230988938,56.005892999968],[-117.082295458677,55.9937933607431],[-117.064598226197,55.9802939713793],[-117.033278271346,55.9817661817017],[-116.995922345232,55.9814252864533],[-116.944356323047,55.9684528440427],[-116.916266855023,55.9665141153064],[-116.875351501231,55.9623861559269],[-116.864126174082,55.9758772342856],[-116.853445490042,55.9831744077036],[-116.844253357933,55.9861667146196],[-116.832425435966,55.9872945865942],[-116.827202326086,55.9845177033435],[-116.813791777832,55.9699679695475],[-116.810579417633,55.9593111472211],[-116.833544562928,55.9427964217201],[-116.833913205919,55.9147222278388],[-116.77328878368,55.9041924925324],[-116.711666029073,55.9278996097381],[-116.693927379734,55.9486010960558],[-116.684234456107,55.9596756505816],[-116.668294480738,55.9636982679595],[-116.612862684273,55.9768048608213],[-116.598506147377,55.9784190296712],[-116.582394050362,55.9786269244842],[-116.578095898984,55.9772548863593],[-116.56406755944,55.9660165806511],[-116.555475645751,55.9632710455126],[-116.50940362525,55.9562325938268],[-116.48814171714,55.9545883652072],[-116.41329774908,55.9483339563682],[-116.39999646012,55.9556213239101],[-116.366780047801,55.9754978224527],[-116.351747726033,55.9823233257705],[-116.341668336438,55.9852876026044],[-116.338275342635,55.9853244813396],[-116.306889777006,55.9856611842288],[-116.299319141913,55.9876439703205],[-116.28848082548,55.993466000989],[-116.277576493636,55.9973849830703],[-116.269529039037,55.997884327578],[-116.254737163182,55.9998195596906],[-116.252596446157,55.9992467147386],[-116.253330128068,55.9891308976733],[-116.265958368497,55.9860288219604],[-116.278643418408,55.98470868854],[-116.296569296812,55.981548394142],[-116.307870632073,55.9707259276547],[-116.327703716166,55.9615946069329],[-116.350726366482,55.9530197273964],[-116.361441331001,55.9261437252201],[-116.362041344971,55.9130553200067],[-116.398173806381,55.9168128195413],[-116.449132003178,55.9203862154409],[-116.487612575,55.9020882846801],[-116.490558529523,55.896106256193],[-116.494887679171,55.8710788040381],[-116.483772429613,55.8569418802418],[-116.461179005923,55.8465086834717],[-116.447223892806,55.8407272108657],[-116.405983709107,55.8400161422721],[-116.357350537058,55.8393730437468],[-116.29608221006,55.840033738306],[-116.24835247985,55.841121907036],[-116.157798036876,55.8521158197478],[-116.076639688379,55.8605825438206],[-116.058799722632,55.8654941652953],[-116.015999151477,55.8866659887173],[-115.984522463201,55.8970298905579],[-115.977355351028,55.9066005425543],[-115.955066404266,55.9472077705488],[-115.949117122592,55.9639022700983],[-115.94508049024,55.9722575340431],[-115.926027014462,55.9735913125114],[-115.793493151797,55.9739210567976],[-115.65459483957,55.9741422596962],[-115.630868296216,55.9495911835187],[-115.628296769946,55.9216592802498],[-115.630826374377,55.881809580529],[-115.645545528359,55.8763820512623],[-115.654943486129,55.8691974231307],[-115.659032003517,55.8608514342277],[-115.659857384929,55.8471715680016],[-115.667081652056,55.837024657038],[-115.666796806769,55.8203777576693],[-115.669576989467,55.7977682639738],[-115.651535429296,55.7919192749314],[-115.674802710578,55.7947667461658],[-115.692764605088,55.7958560507806],[-115.717059839976,55.7969059676464],[-115.691011835148,55.8160819909153],[-115.691180449454,55.8255944695154],[-115.692511257128,55.8410462730448],[-115.689436168637,55.8464148225946],[-115.683314766318,55.8589352653782],[-115.667631843261,55.8691292607759],[-115.668416369864,55.8778653739635],[-115.677610858983,55.8956525764554],[-115.699298265556,55.9012393169952],[-115.706982370495,55.9047629365748],[-115.734840977415,55.900318865021],[-115.784234442066,55.8935926929565],[-115.80451840926,55.892034827647],[-115.829939554477,55.8932931250047],[-115.848749512326,55.8824622739586],[-115.844678519668,55.8703606007935],[-115.838972741692,55.8411456289333],[-115.839994513876,55.8297224275566],[-115.84736685573,55.818969127731],[-115.862509453166,55.8160098106085],[-115.905522353295,55.8128465910706],[-115.9371953443,55.812609329304],[-116.011775100062,55.8055966591009],[-116.037089052279,55.8046722608639],[-116.062401737654,55.8037426568565],[-116.086426748711,55.8021056820179],[-116.111553545337,55.7947457294904],[-116.143953301731,55.7766099628062],[-116.142583283689,55.7730549781957],[-116.141790925611,55.7459475591136],[-116.125089933837,55.7282629158711],[-116.233821762473,55.7279325123619],[-116.238200961681,55.7464409712179],[-116.24463769847,55.7499437291225],[-116.301455368026,55.7465008304404],[-116.326475270603,55.7754894322413],[-116.356449623643,55.800137092443],[-116.368246731344,55.8114234175107],[-116.382610081371,55.8233933762515],[-116.45987192535,55.8217870475771],[-116.465288347253,55.8309990900882],[-116.471840176564,55.8366294560498],[-116.489857015449,55.8435483245924],[-116.517717373967,55.8424942137031],[-116.52785818463,55.8423686954812],[-116.539435640768,55.8465058533532],[-116.537125410874,55.8522433722303],[-116.533658816464,55.8608495667981],[-116.530947508716,55.8671865903805],[-116.555422465984,55.8868598980291],[-116.574073255361,55.8875742702267],[-116.613029359974,55.8880214355198],[-116.611297908589,55.887092664485],[-116.609055027064,55.8738017469565],[-116.589555616541,55.8521718680543],[-116.569077783341,55.8476774891011],[-116.550067698081,55.8374525915607],[-116.537675361695,55.8233364848461],[-116.547697814129,55.8203564416687],[-116.632152849071,55.8192646404037],[-116.627522459914,55.8297920417079],[-116.6279992409,55.8412032099152],[-116.641679458033,55.8448272442475],[-116.652304434869,55.8561025089992],[-116.664992934321,55.8759121014112],[-116.685743747418,55.886095703015],[-116.71797336786,55.8875530447308],[-116.747786641317,55.8728612764419],[-116.745327564599,55.855769649856],[-116.749629928203,55.8385819639808],[-116.765794860818,55.8221757859883],[-116.815219097145,55.8309711352139],[-116.847362043104,55.831444053186],[-116.881103130138,55.8299811336737],[-116.893720672781,55.8287170601994],[-116.897480713404,55.819144018391],[-116.896555575418,55.8001280759472],[-116.904415193296,55.7881126457053],[-116.907588202142,55.7666543025606],[-116.999065092887,55.7402222287379],[-117.10119751311,55.7182967712583],[-117.190057903748,55.6870068220636],[-117.278538163415,55.6877750498733],[-117.289194009128,55.6899557895379],[-117.292410502197,55.708928027508],[-117.303562538037,55.7194249372677],[-117.356903432955,55.7303079001509],[-117.404247536878,55.7460436922394],[-117.445680062343,55.7678271993797],[-117.51127041177,55.8033807125873],[-117.577924211909,55.8531530975624],[-117.589985736009,55.8755018615836],[-117.704164220237,55.874234749811],[-117.858468052673,55.8719356133891],[-117.861629394926,55.8861383281804],[-117.863993017542,55.9182047573579],[-117.861908986096,55.9474003243033],[-117.838336778346,55.9729288683091],[-117.793197079031,55.9941846091666],[-117.432924367158,56.0030128990841],[-117.425560335085,56.0210006589304],[-117.409552482284,56.0367780489392],[-117.376401040236,56.0505056795898],[-117.324541099803,56.071714831648],[-117.284391385524,56.0760330312287],[-117.286996965203,56.1199944284312],[-117.295646134663,56.1222128267739],[-117.312733435363,56.123083424252],[-117.325782486743,56.1275961644284],[-117.329059263365,56.1465657216853],[-117.418443590228,56.144847942769],[-117.496437737598,56.1647072953681],[-117.510530257236,56.184643423729],[-117.578953286945,56.2189203629321],[-117.591056369023,56.24007887655],[-117.857641946742,56.2342056781381],[-117.862172362736,56.2376697882795],[-117.889909554293,56.265576034551],[-117.913597544967,56.2959511796631],[-117.915534981724,56.3494394425925],[-117.913795438685,56.382790164337],[-117.898567115376,56.4081294451514],[-117.876619664295,56.4300537293102],[-117.456352847056,56.4379000968341],[-117.417904251268,56.4410343857846],[-117.401271885011,56.4496834767349],[-117.408684886181,56.4650023961011],[-117.400100968672,56.4651687130402],[-117.31218283876,56.4680273152359],[-117.309151700732,56.465526545972],[-117.350898732976,56.4457121185421],[-117.353267011578,56.4423368549713]]]},"properties":{"FID":65,"Name":" ","Acres":0,"SqMiles":1372.39718199}},{"type":"Feature","id":66,"geometry":{"type":"Polygon","coordinates":[[[-116.397327834894,56.4321080069972],[-116.341463293616,56.4303462201277],[-116.294265396656,56.4308475025558],[-116.233500430394,56.4100619643974],[-116.229822730119,56.3625327734293],[-116.31099768511,56.3557550279456],[-116.336483470686,56.3495369981706],[-116.357933459581,56.3504929994206],[-116.352773762389,56.3862244713226],[-116.3796911783,56.419224572185],[-116.401531105471,56.4296822691611],[-116.397327834894,56.4321080069972]]]},"properties":{"FID":66,"Name":" ","Acres":0,"SqMiles":24.7517472333}},{"type":"Feature","id":67,"geometry":{"type":"Polygon","coordinates":[[[-115.949989916657,56.1360863869193],[-115.955994018183,56.120581138014],[-115.985213330838,56.0977575797882],[-116.001982774711,56.0881093573377],[-116.003738290221,56.0738251239318],[-115.980294708636,56.0716351871104],[-115.95475760511,56.07064617864],[-115.932755144381,56.03989623064],[-115.936657381623,56.0255966926818],[-115.949655862006,56.0360809007605],[-115.987615577624,56.0586149313117],[-116.062724820465,56.0694071405379],[-116.10034917077,56.0766882366637],[-116.108408296181,56.090767372497],[-116.113278907402,56.1121287328009],[-116.179238510358,56.1115165909981],[-116.187456370064,56.1019243576629],[-116.197796784632,56.0923109695738],[-116.202012974965,56.0910808052702],[-116.213131550094,56.1064315738792],[-116.213655356006,56.1230750887335],[-116.213805116699,56.1278303698079],[-116.203347899963,56.1338785996191],[-116.158461588005,56.1283617363167],[-116.135011447009,56.1273902302826],[-116.098858824084,56.1289062567509],[-116.086388210173,56.1397190445537],[-116.080867783171,56.1706856611644],[-116.077171629133,56.1909335812496],[-115.99614796976,56.1916128335271],[-115.94882721632,56.1753370456103],[-115.944068502633,56.155158082934],[-115.949989916657,56.1360863869193]]]},"properties":{"FID":67,"Name":" ","Acres":0,"SqMiles":51.7779793476}},{"type":"Feature","id":68,"geometry":{"type":"Polygon","coordinates":[[[-114.318613253623,56.1210929492148],[-114.194965910636,56.0481683115922],[-114.116903030953,56.0611907390399],[-114.106686017641,56.0618307087511],[-114.10286076474,56.0618029644698],[-114.086453422466,56.0545476754748],[-114.090580093063,56.0417352411247],[-114.105110513979,56.0197230996411],[-114.130096555034,55.9849404574829],[-114.159891502278,55.9608881176906],[-114.176818395239,55.9424513305954],[-114.218329823167,55.9013386130056],[-114.229913986001,55.8935630648833],[-114.260669462025,55.8787680170822],[-114.29379649007,55.8718274818612],[-114.306650868307,55.8626250304982],[-114.332292462487,55.8470697610494],[-114.355331140047,55.8343495704116],[-114.363077308658,55.8258278773142],[-114.369460630051,55.8230067463622],[-114.387147373924,55.8266636410033],[-114.394663529203,55.8324088650796],[-114.393362560006,55.8345429607025],[-114.371316347377,55.8651128009729],[-114.358523432633,55.8714682863637],[-114.315079213028,55.888358230287],[-114.308923396274,55.9489709682065],[-114.307562835646,55.9539577749897],[-114.294652286047,55.9645869395443],[-114.27926965422,55.9709193811823],[-114.247272213826,55.9807170502716],[-114.216286053151,56.0026422535562],[-114.196774151637,56.0224944856648],[-114.205397862578,56.0368201182719],[-114.22693258362,56.0433782993772],[-114.254958336921,56.0442641748457],[-114.286809198768,56.0451658465476],[-114.312326535732,56.0438837186138],[-114.371142386936,56.0327818013784],[-114.452954911198,56.0146212690655],[-114.46580935132,56.0061158780574],[-114.47477119856,56.0025869789391],[-114.491342037306,56.0012294806642],[-114.502377929155,56.0011555901431],[-114.500385755875,56.0239787560294],[-114.48835725221,56.0343937458495],[-114.467772382544,56.0485761444335],[-114.424983848184,56.0683614592411],[-114.416308746104,56.0797363018871],[-114.395554011203,56.1015162275387],[-114.37140093483,56.1213728235614],[-114.318613253623,56.1210929492148]]]},"properties":{"FID":68,"Name":" ","Acres":0,"SqMiles":103.583257919}},{"type":"Feature","id":69,"geometry":{"type":"Polygon","coordinates":[[[-110.931439784029,54.5958069606862],[-110.908937618918,54.5912381007203],[-110.889326038942,54.590572590768],[-110.876419191976,54.580371553345],[-110.873390699621,54.5616978298515],[-110.867339627545,54.5486345386284],[-110.863163386033,54.5413490908706],[-110.831481039119,54.5388311522776],[-110.799363712442,54.5405752934376],[-110.795449537273,54.5547244389977],[-110.791679274583,54.5674499660424],[-110.783741611473,54.5728873435519],[-110.768303210482,54.5794902912697],[-110.758353799923,54.5805699470991],[-110.75144771044,54.5760416101878],[-110.769484800172,54.5681032796276],[-110.783940231876,54.547180523799],[-110.796226098935,54.5233236630458],[-110.807183184527,54.5122764058999],[-110.828208136102,54.4987195795698],[-110.842028943441,54.483482802338],[-110.865040075847,54.4742739004571],[-110.897531319523,54.4682404355683],[-110.942514883865,54.4597621712721],[-110.993898676681,54.4357673392498],[-110.998286844527,54.4159149455504],[-111.023708636996,54.3810452705057],[-111.101082140836,54.3392925493612],[-111.121250211601,54.3328015436363],[-111.131103781106,54.305979270486],[-111.124869938205,54.2943518613271],[-111.084026855399,54.2873171538878],[-111.044128761664,54.2960120534766],[-111.036520381728,54.3243303924538],[-110.952638995418,54.3572530845975],[-110.896291385441,54.3582044037544],[-110.894422566313,54.3524267501185],[-110.903152742502,54.3384389271268],[-110.900833087898,54.3126470355491],[-110.888640167441,54.2879467755222],[-110.843269398048,54.2778177237104],[-110.813211004715,54.2853474164136],[-110.798578853687,54.3091232325301],[-110.78465838198,54.325779583075],[-110.778473485553,54.3384201008126],[-110.780179318454,54.3456227063862],[-110.775306422858,54.3454519288366],[-110.760305999927,54.3249248465856],[-110.729831271514,54.3124194458691],[-110.718991654481,54.2991771125019],[-110.653591555141,54.2939766208691],[-110.622430196164,54.3114202206686],[-110.581808768623,54.3256521221155],[-110.572376571822,54.3224483124378],[-110.574671890971,54.3011022495686],[-110.515596482894,54.260340315971],[-110.473253784459,54.2458958826361],[-110.384959562726,54.2282526801374],[-110.366332347338,54.2203922603844],[-110.349313862057,54.198302569188],[-110.340570749417,54.1893908973172],[-110.316152098534,54.1898707580853],[-110.312429648544,54.1797235388612],[-110.313396856784,54.1711880168899],[-110.302404404572,54.1607566658181],[-110.262338053319,54.1491812323171],[-110.220817397451,54.150394546975],[-110.197194560632,54.165170933517],[-110.198462926233,54.1752242700536],[-110.164284703584,54.1967172795137],[-110.141368018537,54.2258017763902],[-110.156112249721,54.266407897753],[-110.1916700016,54.2964133293938],[-110.209799184814,54.3085677796588],[-110.211569581849,54.3143539473399],[-110.195918338147,54.3437380257676],[-110.189821321665,54.3749313243168],[-110.21313715743,54.4058675388195],[-110.230822857968,54.4222868001065],[-110.228504252789,54.4421997707989],[-110.227841275083,54.4478891665173],[-110.207169837553,54.4499270072302],[-110.193402969361,54.4279449338003],[-110.150366765963,54.4119313217979],[-110.135518116865,54.399424683393],[-110.058624587,54.3939136610781],[-109.99364699871,54.3912306725387],[-109.971896884094,54.3688883244112],[-109.981451460703,54.2906870742201],[-109.990097977113,54.2195931522722],[-109.990346376223,54.1505308345734],[-109.987987467111,54.0694503364991],[-110.000006008217,54.0032607744666],[-109.988165368534,53.9336931008817],[-109.988917791395,53.8265414578804],[-109.980307887285,53.7975982429876],[-109.99298773874,53.6576000626724],[-110.004498557083,53.5604259402173],[-109.993623733137,53.5170963936366],[-109.987192289344,53.4024955524439],[-110.015154082046,53.3679410144984],[-110.070364713856,53.372621286652],[-110.095381280091,53.3974720591517],[-110.135044837001,53.3990985268739],[-110.156955813647,53.4166633349184],[-110.196105164938,53.4230114944596],[-110.279201982546,53.4287138557796],[-110.293474917899,53.4078441645811],[-110.321514558986,53.4065668374302],[-110.33205247586,53.3831647052694],[-110.411894958231,53.3815034224528],[-110.443628106228,53.3827212725239],[-110.469195522667,53.367026430218],[-110.512568079783,53.3710495200931],[-110.522971023031,53.3857290740031],[-110.589932326975,53.3929887397282],[-110.67352032636,53.3936713724295],[-110.68326270062,53.4154555023685],[-110.726470481369,53.4217745987078],[-110.724562601369,53.4407555075411],[-110.751667917423,53.4488676707366],[-110.764301259229,53.4421736623537],[-110.774136150672,53.4234736317874],[-110.787697859364,53.4072857634751],[-110.832541375769,53.3969565015373],[-111.022925177685,53.4058408513374],[-111.054041666363,53.4140173540085],[-111.06066921725,53.4285217293613],[-111.115661231648,53.4374679073799],[-111.173799385867,53.4560123870212],[-111.211034070289,53.4857695445354],[-111.208701797395,53.5118835680262],[-111.190212039445,53.5398638730554],[-111.112537415778,53.5587876633788],[-111.051191136449,53.5734410402103],[-111.009300408803,53.593476748385],[-111.011050508871,53.6173439667252],[-111.036766264739,53.6420080798474],[-111.092467815638,53.6462226390842],[-111.168590567242,53.6463057294792],[-111.255649598144,53.6585865731008],[-111.32090665903,53.6915599434515],[-111.325801342151,53.7274192613977],[-111.292937021727,53.7359282054383],[-111.154857168888,53.7529978815464],[-111.030933823357,53.7465715879224],[-111.009111736833,53.764892623256],[-111.014646570462,53.7912662574901],[-111.07833860498,53.798130836891],[-111.101732806442,53.8060369655846],[-111.08081382918,53.8577311244157],[-111.073682913169,53.890828409389],[-111.048678478298,53.899529917557],[-110.993708520689,53.9262753674433],[-110.968437561047,53.9373326183408],[-110.970397904481,53.9588260892535],[-111.001909014315,53.96702291701],[-111.039937865431,53.9492379973393],[-111.054251900286,53.9259020177516],[-111.066986300909,53.9191780657937],[-111.13154150095,53.9188973141235],[-111.187621881145,53.9230739580778],[-111.199039103609,53.9305783006242],[-111.197742485297,53.9448210752707],[-111.21807689887,53.9430832581458],[-111.235884002827,53.9245984343904],[-111.22724697498,53.8862369996508],[-111.21332213846,53.861991488256],[-111.191170094657,53.8398634717613],[-111.192895017108,53.820872904494],[-111.213228451703,53.773904129116],[-111.231387928798,53.7506705323605],[-111.295059424928,53.7574194008245],[-111.329666250239,53.7751494430322],[-111.365330002615,53.7809983905592],[-111.407601484161,53.8036984932125],[-111.503681319091,53.8089217321538],[-111.583929713866,53.8112367857503],[-111.605123883166,53.8475443905733],[-111.602042346387,53.8855424873181],[-111.60796450848,53.9118937411602],[-111.660068860054,53.9157361449453],[-111.677730237608,53.947170024727],[-111.685849098378,53.9973797305665],[-111.661698778172,54.0466960183413],[-111.629408220197,54.0957799469246],[-111.626127526418,54.1361522486233],[-111.592017992941,54.1566129101828],[-111.510502420706,54.1614166355467],[-111.474087901866,54.1603547006312],[-111.468222456408,54.1339985258366],[-111.466808717717,54.1030120527681],[-111.453081662425,54.0740429824033],[-111.446427920736,54.0571835192562],[-111.421396431813,54.0659621862395],[-111.425998237533,54.1065663233007],[-111.423747572994,54.1326839421761],[-111.422313470522,54.1493041523488],[-111.388508975954,54.1649567498151],[-111.366404502313,54.1857150361836],[-111.36431846809,54.2094564621777],[-111.361602111294,54.240320093113],[-111.339863368886,54.2563242718623],[-111.289715083831,54.2714527757322],[-111.279890349597,54.2901936382532],[-111.332221493211,54.2965594282927],[-111.397163556851,54.2985192194437],[-111.447683090047,54.3262032927963],[-111.446043331247,54.3451976943969],[-111.436270122218,54.3639519216566],[-111.393322932296,54.3888589475008],[-111.376841705385,54.3907453068342],[-111.331670095069,54.3941405749418],[-111.330106439456,54.3933788742604],[-111.334547477478,54.380183554361],[-111.335902283482,54.3649899951894],[-111.320830596714,54.351200493427],[-111.301153127324,54.3525026321132],[-111.274111827891,54.3630961118632],[-111.241024289449,54.4039658333245],[-111.230736097065,54.4093579630815],[-111.187614160844,54.451804637821],[-111.195979714125,54.4673040374088],[-111.210697920229,54.4849067210034],[-111.229041515022,54.4988118715763],[-111.251009477847,54.5090178377888],[-111.275214422446,54.5307147694064],[-111.320245723509,54.5397122090532],[-111.37560439284,54.543289910332],[-111.394366063838,54.5533726008793],[-111.353121484202,54.5749863821682],[-111.315962182085,54.5871896624278],[-111.264827846986,54.6084726031049],[-111.231938884404,54.6093564526005],[-111.216816531912,54.5955535253716],[-111.164495669262,54.5939047223787],[-111.089475942075,54.5895964293006],[-111.05204432167,54.6036155641307],[-111.036247548645,54.5973850494817],[-111.008123102311,54.5831276691595],[-110.983098625305,54.5708710594867],[-110.966949932683,54.5684285262324],[-110.954701074709,54.5927786213691],[-110.950488931718,54.6021604806364],[-110.931439784029,54.5958069606862]]]},"properties":{"FID":69,"Name":" ","Acres":0,"SqMiles":3737.47491057}},{"type":"Feature","id":70,"geometry":{"type":"MultiPolygon","coordinates":[[[[-113.20158738937,57.0939983656295],[-113.206527506867,57.1037469143887],[-113.20135417077,57.1203207155963],[-113.188594915792,57.113002187932],[-113.189147507018,57.0837572465026],[-113.20158738937,57.0939983656295]]],[[[-113.20158738937,57.0939983656295],[-113.192572870267,57.076196168647],[-113.188343594612,57.0285690313816],[-113.185317262644,57.0011745538372],[-113.190480096442,56.984601055837],[-113.224148183918,56.9636786643916],[-113.225334630231,56.9387231631373],[-113.273108202062,56.9405812906409],[-113.286044060503,56.9431375762865],[-113.284843375157,56.9692822579739],[-113.30170920022,56.9814037308435],[-113.330111112741,56.9794077791946],[-113.362706384736,56.981027709848],[-113.387214394953,56.9682657661184],[-113.379027101539,56.9562687509434],[-113.375452375786,56.9383855330241],[-113.375607389365,56.934820174421],[-113.352113806031,56.9249996754504],[-113.334727365167,56.9247692673079],[-113.295120979571,56.9349376649967],[-113.249471357014,56.9343068147612],[-113.219548919943,56.9231817710281],[-113.21565657972,56.9136129289399],[-113.188392975903,56.8930046878985],[-113.173889928178,56.878523338607],[-113.182802321941,56.8738965843837],[-113.201420711627,56.8931929142132],[-113.227026224995,56.9030722453691],[-113.281707303634,56.8955120458223],[-113.291098922809,56.8801818565023],[-113.28751849315,56.8634846244667],[-113.255416409336,56.8535269488835],[-113.229331758866,56.8543489406653],[-113.185317963136,56.8667980585596],[-113.17012979647,56.8665764372255],[-113.210831176384,56.8326799457439],[-113.242739522689,56.7998362518264],[-113.283193858272,56.7682918145132],[-113.315249559435,56.7294863501336],[-113.318366675093,56.7081232763491],[-113.297993374504,56.6804953497642],[-113.305378224351,56.6603798649491],[-113.334324007948,56.6405543665774],[-113.358566599699,56.6289846324391],[-113.374325051569,56.6137321554778],[-113.383026135695,56.5615214455894],[-113.398445083027,56.5533967438035],[-113.393855322379,56.6108939610076],[-113.41142086878,56.6239625596711],[-113.447079970753,56.6591361651331],[-113.554807591681,56.665189772202],[-113.602912306221,56.6490910631612],[-113.703799904891,56.6026179784037],[-113.700795169784,56.5645348305962],[-113.705750466543,56.5455605416511],[-113.748003721521,56.5697756236762],[-113.863072477225,56.6113100110727],[-113.883436949481,56.6519230955765],[-113.87643236283,56.7422292161232],[-113.90575033306,56.7757834268447],[-114.008993025185,56.8028050436683],[-114.125783272724,56.8131899335914],[-114.190603886786,56.8231391212213],[-114.237384429662,56.8686153108748],[-114.323915741685,56.8857592423096],[-114.419144055857,56.9076395229677],[-114.426925639911,56.9671231835846],[-114.399812628365,57.0288212386138],[-114.303086035021,57.0711223569359],[-114.219799358425,57.0872767939237],[-114.123334384298,57.1032846586631],[-114.083134928442,57.1386658796347],[-114.077150884227,57.3787865479874],[-114.103211459913,57.3932417002541],[-114.208018846338,57.4343664384994],[-114.238036659649,57.4749732671161],[-114.252238038266,57.6438757033025],[-114.23289808321,57.7198453128795],[-114.146973354777,57.7834926648405],[-113.986356267768,57.7965763657033],[-113.857626732463,57.7835932372491],[-113.809456800124,57.7593723499614],[-113.731573509329,57.6967935815903],[-113.661245942601,57.6770464790297],[-113.612804244566,57.6670131770568],[-113.577878376245,57.6523580067584],[-113.587669204616,57.6286886893986],[-113.57059953115,57.611851442135],[-113.517552201553,57.60886246365],[-113.434030610176,57.5935872900169],[-113.346586958324,57.5686929102994],[-113.43967821353,57.565121257076],[-113.529000552787,57.5447915511201],[-113.663016241123,57.5082351979145],[-113.75705608829,57.4711503270222],[-113.709613195097,57.4397608772542],[-113.504575506966,57.3851785059302],[-113.33873576101,57.3521843238974],[-113.387936962557,57.3337993558544],[-113.39745125729,57.3172741911137],[-113.407675854173,57.28411057159],[-113.395026217689,57.2720591222356],[-113.311992147506,57.2638369242731],[-113.16286521984,57.2617453307977],[-113.110480562547,57.2562120081878],[-113.169137401084,57.2237849051503],[-113.184032950149,57.188327391158],[-113.189921194354,57.1574950575229],[-113.190617600535,57.1432354961746],[-113.218561873638,57.1079615775832],[-113.20158738937,57.0939983656295]]]]},"properties":{"FID":70,"Name":" ","Acres":0,"SqMiles":2333.30245281}},{"type":"Feature","id":71,"geometry":{"type":"Polygon","coordinates":[[[-111.462615351816,57.5631933877091],[-111.41427725849,57.5594491658088],[-111.381512164326,57.5594654271653],[-111.378377827521,57.5575907473492],[-111.376118331208,57.55359943704],[-111.371837714809,57.5499069006084],[-111.369331266934,57.5484069808854],[-111.364980964787,57.5454260800529],[-111.357015456519,57.5387711248253],[-111.34529645297,57.5298651513263],[-111.335693085297,57.5263738206899],[-111.316527833387,57.5190331173099],[-111.296011606972,57.512006625855],[-111.274108373505,57.5056495820333],[-111.277958500094,57.5004088659217],[-111.281916172785,57.4941003267413],[-111.292347565386,57.4958355560178],[-111.324119019241,57.498551169411],[-111.338383537878,57.4995613801555],[-111.392554126086,57.4993389354455],[-111.444347710745,57.5008108436158],[-111.455976299204,57.540401241086],[-111.473769794746,57.5623158750988],[-111.462615351816,57.5631933877091]]]},"properties":{"FID":71,"Name":" ","Acres":0,"SqMiles":19.1873003833}},{"type":"Feature","id":72,"geometry":{"type":"Polygon","coordinates":[[[-115.147181511068,56.728155948583],[-115.1612272442,56.7251661413813],[-115.188296206263,56.7322620321816],[-115.204561202447,56.7399647258191],[-115.241436127484,56.7547609175567],[-115.263137862214,56.7630398059199],[-115.282728530203,56.7772645606659],[-115.287136996269,56.7873607073082],[-115.280656071351,56.789753383468],[-115.26659155256,56.7921621534441],[-115.252505253726,56.79159697135],[-115.231824700125,56.7755860897035],[-115.210115959149,56.7661128146237],[-115.198180184565,56.7607819981042],[-115.150518417771,56.7513368862276],[-115.147244253317,56.7442069826425],[-115.147181511068,56.728155948583]]]},"properties":{"FID":72,"Name":" ","Acres":0,"SqMiles":9.19237186528}},{"type":"Feature","id":73,"geometry":{"type":"Polygon","coordinates":[[[-115.607637828814,56.6820851311007],[-115.629664665029,56.6816190358568],[-115.629682519199,56.6826890530094],[-115.629534388364,56.7126527344069],[-115.628760955419,56.7440462223364],[-115.62748061124,56.745122768761],[-115.615995091325,56.7573077768875],[-115.584466397581,56.7760077381838],[-115.559854112017,56.781114355247],[-115.552801404088,56.7875663091989],[-115.550872766231,56.7890016168284],[-115.54752467271,56.782239158577],[-115.579918873407,56.7760289612261],[-115.588913370504,56.7695662918999],[-115.622984073193,56.7479989049352],[-115.624140462656,56.7394323506403],[-115.625296339919,56.7308657749771],[-115.621969576826,56.7258886227182],[-115.612000374288,56.7113132702516],[-115.591554570679,56.6896532717962],[-115.607637828814,56.6820851311007]]]},"properties":{"FID":73,"Name":" ","Acres":0,"SqMiles":3.57167104425}},{"type":"Feature","id":74,"geometry":{"type":"Polygon","coordinates":[[[-115.241246342641,56.8996207324664],[-115.195500963638,56.8771107386021],[-115.175879945984,56.860494651502],[-115.176050487404,56.8582948574115],[-115.177082303319,56.8469983800985],[-115.181923724827,56.8386687620174],[-115.192124154528,56.8396640940969],[-115.219498539113,56.8467526912553],[-115.250779844046,56.8524007652839],[-115.285979825537,56.8583887856539],[-115.308768239975,56.8583345329135],[-115.317883582821,56.8583116677372],[-115.319925154416,56.868650341629],[-115.323372398434,56.8907559268875],[-115.337708883595,56.8907180079996],[-115.365733574491,56.8909958198235],[-115.373468105675,56.8824125000637],[-115.389596307075,56.8670257497298],[-115.392178876516,56.8648775486722],[-115.409652197452,56.8548342243226],[-115.419705168577,56.86110232998],[-115.430632562167,56.8676044071137],[-115.432927022397,56.8782970882167],[-115.419998309406,56.8872583719662],[-115.38764021643,56.9087640241608],[-115.384815954429,56.9159064288742],[-115.356558512838,56.9159902126647],[-115.293503507646,56.9137762610363],[-115.241246342641,56.8996207324664]]]},"properties":{"FID":74,"Name":" ","Acres":0,"SqMiles":26.2614399516}},{"type":"Feature","id":75,"geometry":{"type":"Polygon","coordinates":[[[-116.50212073548,57.4710550462018],[-116.488769934361,57.4683597747819],[-116.459683597804,57.4694132178515],[-116.441464191452,57.4774701136099],[-116.42616281223,57.4926252402485],[-116.406737038466,57.5042575174847],[-116.388299001539,57.5073152634658],[-116.360476835701,57.5076183018796],[-116.33242019601,57.5014973023062],[-116.308040223162,57.4867715667188],[-116.290222628694,57.4698341186959],[-116.277862621269,57.4571192541795],[-116.256521701206,57.4523401390749],[-116.235234391334,57.4489836547326],[-116.196802168154,57.44721426364],[-116.132006787002,57.4485260993289],[-116.097462665293,57.443838056577],[-116.072164230418,57.4383489334027],[-116.050778983939,57.4306821458887],[-116.04396468298,57.4236052519458],[-116.044657031639,57.4014855453401],[-116.048315129444,57.3907548172193],[-116.067816141481,57.3798906134581],[-116.105764257399,57.3681492918452],[-116.130799694805,57.3665001942952],[-116.145163041148,57.3613767844229],[-116.167552711363,57.3597443818858],[-116.191144398261,57.3545297428442],[-116.20686064369,57.3508131554599],[-116.213268950819,57.3450445213292],[-116.213174876002,57.3421919133836],[-116.178949265493,57.3446573120519],[-116.160594299946,57.3483947756989],[-116.143510608191,57.3506912564355],[-116.11712379811,57.3509282110375],[-116.082631405085,57.34480932763],[-116.063977621831,57.3385481317933],[-116.038261829422,57.315507295701],[-116.023564293767,57.3084941092036],[-116.023306766,57.2992224745448],[-116.022910874542,57.2849583928941],[-116.021317296167,57.2749842185853],[-116.019921742364,57.2721420804906],[-115.997501287308,57.2708952488169],[-115.960675008732,57.2726087870418],[-115.957905974348,57.2673985969818],[-115.959376887439,57.2564491504849],[-115.959920427638,57.2436044457644],[-115.962365744905,57.2364520871146],[-115.962291432595,57.233599192234],[-115.969243575639,57.2311678617771],[-115.971761299973,57.2268682074793],[-115.979336177027,57.2149198990756],[-116.001979872699,57.2095099027395],[-116.027231996024,57.2035988942778],[-116.046384753669,57.19916049608],[-116.069008873279,57.193738469431],[-116.089958925128,57.191180404629],[-116.109930515011,57.1852983520345],[-116.153267077158,57.1706399003099],[-116.186161572734,57.1589189971282],[-116.200851310384,57.1530720940419],[-116.199059762485,57.124743486005],[-116.189952026933,57.1134158209358],[-116.180638247693,57.0954310271466],[-116.178762775214,57.0810736074352],[-116.232584900454,57.0579644818568],[-116.303697328186,57.0322748897387],[-116.344642976162,57.0187624015753],[-116.396672773439,57.0110584256262],[-116.414868748818,57.0310681489441],[-116.422816332484,57.0678389243982],[-116.433010148674,57.1057724905544],[-116.44676326275,57.1222612663379],[-116.450156393202,57.1531373461889],[-116.458167127719,57.1899048819553],[-116.446008213228,57.2150152924915],[-116.418945256036,57.2521837592171],[-116.397737385085,57.2714456935044],[-116.394203074392,57.2940761543234],[-116.381788836795,57.3144262615934],[-116.386629385523,57.3262630222998],[-116.408374047968,57.3200764498374],[-116.420683771662,57.2973468047468],[-116.448477143176,57.2780053860815],[-116.478339332222,57.2562551814116],[-116.512841756717,57.2415760399735],[-116.549856795735,57.2351796007803],[-116.606786391716,57.2332752547718],[-116.640080041186,57.2423575711215],[-116.669434966181,57.2609962022275],[-116.683677725208,57.2845877855721],[-116.671804607548,57.3132839731073],[-116.672452282511,57.3275441873299],[-116.648266786289,57.3348193925053],[-116.640943099437,57.3185060970337],[-116.6353548099,57.3114445122544],[-116.620766437644,57.3094930473297],[-116.606272864054,57.309678988299],[-116.588195216746,57.3184697207132],[-116.528368115054,57.3384731803122],[-116.519549606439,57.348567815637],[-116.517735523419,57.3685653213398],[-116.523517165716,57.3806235233361],[-116.527774345455,57.3877060773671],[-116.546530820382,57.3938978690995],[-116.55187374544,57.395258978506],[-116.552718270128,57.4152241834899],[-116.562575732178,57.4293705975232],[-116.601721111503,57.4474279923812],[-116.660623245921,57.4623611125071],[-116.702200813675,57.4739349389373],[-116.725371489537,57.4878886895775],[-116.732801825713,57.5049092033212],[-116.72594535081,57.528118291011],[-116.710942435404,57.5475850249347],[-116.696918745069,57.5599024413257],[-116.655179595408,57.5761514990094],[-116.636983041003,57.5849495310142],[-116.569523273113,57.5915128006278],[-116.518887388411,57.5878512999323],[-116.491836863631,57.5760460078417],[-116.48865823434,57.5632425151719],[-116.484959674764,57.5376040177959],[-116.494982905749,57.5232178488002],[-116.504968967541,57.5081178434553],[-116.509826442345,57.4973588372448],[-116.51065013198,57.4852211806067],[-116.511561684734,57.4752226448471],[-116.50212073548,57.4710550462018]]]},"properties":{"FID":75,"Name":" ","Acres":0,"SqMiles":538.986094489}},{"type":"Feature","id":76,"geometry":{"type":"Polygon","coordinates":[[[-115.797420315849,57.2184298631099],[-115.852173173421,57.2168814055988],[-115.850665971153,57.2466148421874],[-115.85952047389,57.2501213723885],[-115.868376655586,57.2536272719032],[-115.868572433502,57.2619484028689],[-115.859991205671,57.2703298718219],[-115.824882415085,57.2705651426281],[-115.776531909866,57.2673063574263],[-115.761001217286,57.2590789493933],[-115.7584656031,57.2424494777148],[-115.771373402453,57.230481721947],[-115.797420315849,57.2184298631099]]]},"properties":{"FID":76,"Name":" ","Acres":0,"SqMiles":11.8150232153}},{"type":"Feature","id":77,"geometry":{"type":"Polygon","coordinates":[[[-117.329004265034,57.0211808910885],[-117.290319292394,57.0161861203622],[-117.262443028483,57.0166931595425],[-117.195728920446,57.0093186087584],[-117.150160692388,57.0053527986649],[-117.118643860981,57.0030361617586],[-117.053617876016,56.9936549719955],[-116.995588267894,56.9841288684359],[-116.949474501724,56.9686827843731],[-116.903447148534,56.9541700425445],[-116.872964526184,56.9365546802755],[-116.847678248367,56.9179040284792],[-116.84303053172,56.8941889515207],[-116.859881138602,56.8834743439025],[-116.892010001744,56.8658673006934],[-116.938183872764,56.8518399311184],[-116.98289022066,56.8435267942235],[-117.025842283372,56.8352259370188],[-117.07912446406,56.8257870190868],[-117.097715917907,56.816913125342],[-117.074868685409,56.8115866582275],[-117.072386647971,56.8074734047359],[-117.082704265018,56.8058744646119],[-117.105016056739,56.801694295512],[-117.134982912944,56.7950007181446],[-117.143508013139,56.7924759222723],[-117.144941522209,56.787218392098],[-117.150159639172,56.7723812732401],[-117.14531659733,56.7634260453001],[-117.137745446916,56.7521388641736],[-117.12582789427,56.7404497459827],[-117.113837761872,56.7273336203934],[-117.10793229056,56.7145893074725],[-117.099263347775,56.71425997148],[-117.078416496653,56.7127066571656],[-117.059403570778,56.7130224118899],[-117.041254509092,56.7133211094115],[-117.020512298101,56.7136592429922],[-117.017004330962,56.712764673743],[-117.011717313987,56.7109473358887],[-117.001195278125,56.7082625744409],[-116.986354222474,56.705645882233],[-116.97316864775,56.7015741192162],[-116.964404602156,56.6993341339867],[-116.992462417576,56.6968587942146],[-117.044397990968,56.6979199764374],[-117.057753268144,56.6891372143002],[-117.076178567351,56.6783656523392],[-117.07408591583,56.6717405059947],[-117.087109769323,56.6572513093941],[-117.114670237572,56.6558346826266],[-117.122054161716,56.6642720207762],[-117.142875821368,56.6658182310118],[-117.194660675993,56.6649160214381],[-117.218770031664,56.6635371518772],[-117.258012762888,56.6552196231907],[-117.302819061812,56.6534471444423],[-117.333406925301,56.6452653866118],[-117.381407277881,56.6395984369171],[-117.427790438746,56.6358474262347],[-117.424829384277,56.6435173891804],[-117.404614899933,56.6515218478587],[-117.382846136758,56.6624072243344],[-117.376780909684,56.6758443335006],[-117.383281060173,56.6966532732955],[-117.420103435555,56.7045067629982],[-117.451200514484,56.7038985937521],[-117.480256135779,56.6985656443377],[-117.498374418307,56.6848818763876],[-117.495767350868,56.6716125753239],[-117.491499524888,56.6593280203167],[-117.482497056232,56.6537986747064],[-117.44910021591,56.6449450926642],[-117.436719353082,56.6404305176077],[-117.434443485287,56.631911297909],[-117.447930062481,56.6268889749606],[-117.492691830898,56.6250484960302],[-117.56177451333,56.6255480102615],[-117.629134039335,56.626045591288],[-117.684360591818,56.6258175378946],[-117.707585231671,56.6367334522132],[-117.7306171361,56.6447945587259],[-117.74365498193,56.6578303915225],[-117.755392648677,56.67660346776],[-117.756086934729,56.6861043008362],[-117.750290471716,56.7014583731768],[-117.747598432903,56.7119855685484],[-117.732877609186,56.7237287860107],[-117.728381819197,56.733343406039],[-117.708322622019,56.74329709461],[-117.696900363471,56.7530607904371],[-117.693917768348,56.7597864466249],[-117.695211943291,56.7778386925285],[-117.699355850785,56.7872649381507],[-117.71229663654,56.798403217247],[-117.718523358194,56.8125415361619],[-117.728635405318,56.8323042234335],[-117.726412843846,56.8494814691112],[-117.711976643574,56.8659729653635],[-117.684902333837,56.8760739669941],[-117.636984589422,56.886610789176],[-117.59378710488,56.8903701250351],[-117.508718962858,56.8921078795488],[-117.481191642319,56.8964638115446],[-117.46780170214,56.9043411275224],[-117.46501714723,56.9148626530627],[-117.469182226258,56.9252469572384],[-117.487065756892,56.932504374677],[-117.505402466316,56.9464108054396],[-117.514736022131,56.9557385215778],[-117.512345259068,56.9719622837546],[-117.504539114533,56.9854399725243],[-117.484222411612,56.994408638283],[-117.46551154228,57.0014392599871],[-117.436281266863,57.0077207717653],[-117.412266929934,57.0138948985311],[-117.388244534569,57.0200644747347],[-117.329004265034,57.0211808910885]]]},"properties":{"FID":77,"Name":" ","Acres":0,"SqMiles":597.650260385}},{"type":"Feature","id":78,"geometry":{"type":"Polygon","coordinates":[[[-110.243371675469,55.0698253218897],[-110.257947660633,55.0679342739173],[-110.281794145488,55.069815150144],[-110.286807169466,55.0695334279777],[-110.302839042436,55.0672965987685],[-110.309011278925,55.0642011628594],[-110.315293547371,55.0601571393341],[-110.324324615942,55.060981285179],[-110.330763605471,55.0698016455229],[-110.332194865188,55.0717616852823],[-110.343707921733,55.0726796403245],[-110.342988857563,55.0859873713175],[-110.342105206353,55.093573671861],[-110.355775165225,55.1045743723463],[-110.371000191801,55.1237288815552],[-110.381546878819,55.1403223812264],[-110.391212777027,55.1502139570239],[-110.393593965183,55.1584003337358],[-110.398140027481,55.1766696759933],[-110.39711752927,55.1927280719262],[-110.395637563799,55.2055306981511],[-110.396137715481,55.2084070790229],[-110.408529960173,55.2164949345658],[-110.412512889044,55.2180737868743],[-110.428108615314,55.2200890867212],[-110.438783206249,55.2214418834869],[-110.452505827337,55.2252887465809],[-110.466177121432,55.2296083241518],[-110.46702598963,55.2367833264951],[-110.471578606518,55.2626688480988],[-110.473657649506,55.2736992626181],[-110.473893809746,55.2789464986692],[-110.46753913913,55.3053789156052],[-110.464285341805,55.3338313929009],[-110.463162533826,55.3509337109064],[-110.462347460672,55.358046758292],[-110.476680657369,55.3642937105176],[-110.492737812873,55.3701263644913],[-110.518525201509,55.3786955983243],[-110.541985019464,55.3857455403473],[-110.548243926828,55.3895931491204],[-110.551396045066,55.3987559266028],[-110.552475841348,55.4040334956946],[-110.55052116859,55.4139625118754],[-110.548725726911,55.4224687072717],[-110.538696399363,55.4297219488469],[-110.507295308867,55.4480953610781],[-110.489470385998,55.4574389227102],[-110.47501251668,55.4811913304738],[-110.46415163416,55.5026947655855],[-110.464058431454,55.5107870378862],[-110.462344532146,55.5474875527783],[-110.462375115324,55.5617752413777],[-110.462280748335,55.5698674494659],[-110.458267112738,55.5697502593166],[-110.322581033326,55.5622559687424],[-110.283131739928,55.5583596165151],[-110.221270349457,55.5488137969656],[-110.177466407861,55.5292331209373],[-110.163230646206,55.5084281955939],[-110.166235118115,55.4668714285142],[-110.183297544238,55.4473032159573],[-110.201850361522,55.4325543922768],[-110.227498682301,55.4109364649488],[-110.25505835835,55.3905787164087],[-110.262866637264,55.3777846384256],[-110.266224557711,55.3671988807549],[-110.26083355675,55.3598454644461],[-110.260030356215,55.3490981122954],[-110.260078278505,55.3312397269756],[-110.268013644551,55.3172598120185],[-110.282316898366,55.3023354614474],[-110.30269935582,55.2888347848837],[-110.356150639805,55.2777864375628],[-110.388262727708,55.2706717520511],[-110.412060085052,55.2632359786257],[-110.435712560531,55.2569808745726],[-110.452996111712,55.2516743211993],[-110.453674070889,55.2457467559916],[-110.424760158384,55.2434735372312],[-110.400273589593,55.2389794491038],[-110.382153329042,55.2335312717288],[-110.351594843434,55.2276061097307],[-110.333625767445,55.2209655834632],[-110.294652472439,55.2158936010168],[-110.283057081629,55.2083008171244],[-110.252816567011,55.1999810472456],[-110.227584255085,55.1847057182692],[-110.205011865404,55.1647666969594],[-110.195447049735,55.1405746258073],[-110.195018886978,55.1095985718968],[-110.209554125806,55.0923113030062],[-110.218670352876,55.0855259389369],[-110.243371675469,55.0698253218897]]]},"properties":{"FID":78,"Name":" ","Acres":0,"SqMiles":279.712454446}},{"type":"Feature","id":79,"geometry":{"type":"Polygon","coordinates":[[[-110.697563604616,55.7808377426681],[-110.69656747392,55.7611613574378],[-110.732228050989,55.7709776726819],[-110.751397069137,55.7834274269131],[-110.754409896308,55.7906738269145],[-110.765621391127,55.792489529592],[-110.777711428606,55.7979054375776],[-110.784597412524,55.8045699161199],[-110.802208498431,55.805887533543],[-110.881436965421,55.8121415967528],[-110.884400863446,55.820096827621],[-110.892272937128,55.8296445414161],[-110.896504862311,55.8376418009567],[-110.902293350281,55.8549748967755],[-110.90242300748,55.8778323353658],[-110.901285468111,55.9006474908619],[-110.897686363735,55.9226663772112],[-110.890745991696,55.9281479588171],[-110.842367597821,55.9522323902045],[-110.800814791427,55.9715325977668],[-110.784736273242,55.9788390228878],[-110.74984750907,55.9833527298405],[-110.737954876846,55.9872267199839],[-110.730116021975,56.0005250451042],[-110.724418106595,56.0174683852619],[-110.720073177918,56.045171750701],[-110.701247313775,56.0538010408477],[-110.687181392698,56.0654512097063],[-110.680340890841,56.080924532306],[-110.680017957278,56.0951977019014],[-110.705698614777,56.1055226616965],[-110.713818320205,56.1129473334238],[-110.72727259845,56.1184137416681],[-110.734598581656,56.1215241828781],[-110.737710306103,56.1280595933427],[-110.732783698675,56.1378880762853],[-110.72379345023,56.149718225983],[-110.719732021602,56.1517199993618],[-110.698701142685,56.1567022477086],[-110.690813195503,56.158569643875],[-110.692006765144,56.1707530021776],[-110.691925262076,56.1828918234089],[-110.693119554098,56.1950751535894],[-110.710109494265,56.2035230365497],[-110.725830284298,56.2119245034493],[-110.733015272659,56.2164581965783],[-110.746442796555,56.234062091024],[-110.757562756001,56.2494424858799],[-110.770834684395,56.2570393414492],[-110.785390384253,56.2646784543394],[-110.792435718415,56.2706319331062],[-110.802197235041,56.2752489009425],[-110.817111457771,56.2914661715695],[-110.830099207678,56.301903156492],[-110.851669126097,56.3161975639886],[-110.86265282761,56.3215645148217],[-110.874382184825,56.3319543013931],[-110.879044964092,56.3363945601823],[-110.875373037019,56.3822628764862],[-110.869122684219,56.4398998401867],[-110.864167781624,56.4854394546183],[-110.859067500779,56.4966954521612],[-110.85291067559,56.5057735424071],[-110.847062569868,56.5120051425879],[-110.829315385703,56.5206935948929],[-110.823917247228,56.5345093244833],[-110.817195392592,56.5485659309908],[-110.812701568708,56.5541276068498],[-110.804419845809,56.5588470054679],[-110.788167009084,56.5654381527847],[-110.778590977007,56.5701120066303],[-110.768296192115,56.5811881715864],[-110.745580845466,56.5875536164858],[-110.708632446463,56.5972091771738],[-110.715083459514,56.5402969645043],[-110.764688933554,56.4723683093565],[-110.770828146719,56.41722948728],[-110.754947229546,56.3863334786127],[-110.695044691182,56.3467690371136],[-110.634098505928,56.2892804051808],[-110.623198660804,56.2442551680005],[-110.62746172407,56.2069087251078],[-110.551095275159,56.2023945925882],[-110.45284566329,56.1934569704631],[-110.381646403561,56.1729546970555],[-110.360233089859,56.1382200491867],[-110.374726162188,56.0709025551165],[-110.352550178559,56.0164918284733],[-110.294490583575,55.9696376333094],[-110.298878958008,55.9072978444783],[-110.372962958579,55.8726061922808],[-110.459762143313,55.8365574284862],[-110.546100713019,55.8307907658603],[-110.641696057186,55.8270783265801],[-110.689094148029,55.8287514279676],[-110.699557370451,55.8201904007931],[-110.701914330959,55.7988459971356],[-110.697563604616,55.7808377426681]]]},"properties":{"FID":79,"Name":" ","Acres":0,"SqMiles":565.65428241}}]}